ts,mem_avail_mb,mem_free_mb,swap_used_mb,jit_procs,cc1plus,vllm_rss_mb
17:02:25,93043260,9704164,5632,0,0,0
17:02:26,92599388,9259188,5632,0,0,711920
17:02:28,92549684,9209136,5632,0,0,785180
17:02:29,92445132,9104032,5632,0,0,953596
17:02:30,91511420,8170152,5632,0,0,1271404
17:02:31,91972488,8631176,5632,0,0,1409308
17:02:32,91670872,8329580,5632,0,0,1656344
17:02:33,91430512,8089168,5632,0,0,1914236
17:02:34,91205868,7864548,5632,0,0,2127168
17:02:35,91175040,7833664,5632,0,0,2053612
17:02:36,90887876,7546468,5632,0,0,2053612
17:02:37,90793436,7452020,5632,0,0,2053612
17:02:38,90228748,6887268,5632,0,0,2053812
17:02:39,90160468,6818936,5632,0,0,2053812
17:02:40,89960240,6618684,5632,0,0,2053812
17:02:41,89674796,6333264,5632,0,0,2053812
17:02:42,89680460,6338972,5632,0,0,2053812
17:02:43,89662768,6321096,5632,0,0,2053812
17:02:44,89664204,6322580,5632,0,0,2053812
17:02:45,89561840,6220192,5632,0,0,2053812
17:02:46,88682440,5341640,5632,0,0,2053812
17:02:47,88727108,5385560,5632,0,0,2053812
17:02:48,88733956,5392364,5632,0,0,2053812
17:02:49,88733580,5391908,5632,0,0,2053812
17:02:50,88730792,5389136,5632,0,0,2053812
17:02:51,88720276,5378668,5632,0,0,2053812
17:02:52,88734348,5392760,5632,0,0,2053812
17:02:53,88736280,5394660,5632,0,0,2053812
17:02:54,88734576,5392912,5632,0,0,2053812
17:02:55,88734924,5393268,5632,0,0,2053812
17:02:56,88747264,5405708,5632,0,0,2053812
17:02:57,88652240,5310640,5632,0,0,2053812
17:02:58,88581108,5237740,5632,0,0,2053812
17:02:59,88661664,5316296,5632,0,0,2053812
17:03:00,88659004,5311856,5632,0,0,2053812
17:03:01,88651444,5299620,5632,0,0,2053812
17:03:02,88679764,5324932,5632,0,0,2053812
17:03:03,88672056,5314940,5632,1,0,2053812
17:03:04,88659428,5299728,5632,0,0,2053812
17:03:05,88662736,5300008,5632,0,0,2053812
17:03:06,88680108,5309244,5632,0,0,2053812
17:03:07,88653708,5278976,5632,0,0,2053812
17:03:08,88647208,5267772,5632,0,0,2053812
17:03:09,88650192,5266140,5632,0,0,2053812
17:03:10,88650608,5261932,5632,0,0,2053812
17:03:11,88655924,5267156,5632,0,0,2053812
17:03:12,88681856,5288812,5632,0,0,2053812
17:03:13,88689464,5291444,5632,0,0,2053812
17:03:14,88684544,5281940,5632,0,0,2053812
17:03:15,88692424,5289688,5632,0,0,2053812
17:03:16,88694840,5287500,5632,0,0,2053812
17:03:18,88687520,5275564,5632,0,0,2053812
17:03:19,88677160,5260408,5632,0,0,2053812
17:03:20,88676412,5259692,5632,0,0,2053812
17:03:21,88679436,5258188,5632,0,0,2053812
17:03:22,88677436,5251472,5632,0,0,2053812
17:03:23,88666856,5236260,5632,0,0,2053812
17:03:24,88672928,5237740,5632,0,0,2053812
17:03:25,88670920,5231052,5632,0,0,2053812
17:03:26,88662964,5218416,5632,0,0,2053812
17:03:27,88621688,5172984,5632,0,0,2053812
17:03:28,88613548,5164336,5632,0,0,2053812
17:03:29,88615816,5166616,5632,0,0,2053812
17:03:30,88597288,5148104,5632,0,0,2053812
17:03:31,88598948,5149728,5632,0,0,2053812
17:03:32,88432272,4882660,5632,0,0,2053812
17:03:33,88384140,4832840,5632,0,0,2053812
17:03:34,88398444,4845620,5632,0,0,2053812
17:03:35,88409108,4854540,5632,0,0,2053812
17:03:36,88411356,4855616,5632,0,0,2053812
17:03:37,88440600,4883252,5632,0,0,2053812
17:03:38,88400776,4841376,5632,0,0,2053812
17:03:39,88393032,4832124,5632,1,0,2053812
17:03:40,88370772,4808300,5632,0,0,2053812
17:03:41,88395000,4830952,5632,0,0,2053812
17:03:42,88443412,4877716,5632,0,0,2053812
17:03:43,88456040,4888280,5632,0,0,2053812
17:03:44,88433320,4863420,5632,1,0,2053812
17:03:45,88416824,4845168,5632,1,0,2053812
17:03:46,88424680,4851704,5632,0,0,2053812
17:03:47,88394560,4819916,5632,0,0,2053812
17:03:48,88393100,4817092,5632,0,0,2053812
17:03:49,88357684,4780136,5632,0,0,2053812
17:03:50,88387148,4807896,5632,0,0,2053812
17:03:51,88361392,4780128,5632,0,0,2053812
17:03:52,88365704,4783112,5632,0,0,2053812
17:03:53,88387216,4803212,5632,0,0,2053812
17:03:54,88350460,4765132,5632,1,0,2053812
17:03:55,88382584,4795504,5632,0,0,2053812
17:03:56,88353624,4764908,5632,0,0,2053812
17:03:57,88361780,4771752,5632,0,0,2053812
17:03:58,88384004,4792320,5632,0,0,2053812
17:03:59,88383176,4789964,5632,0,0,2053812
17:04:00,88371696,4776956,5632,0,0,2053812
17:04:01,88355628,4759360,5632,0,0,2053812
17:04:02,88345236,4747104,5632,0,0,2053812
17:04:03,88392956,4794428,5632,0,0,2053812
17:04:04,88359180,4759620,5632,0,0,2053812
17:04:05,88320032,4717244,5632,0,0,2053812
17:04:06,88334780,4723760,5632,0,0,2053812
17:04:08,88188056,4566276,5632,0,0,2053812
17:04:09,88209136,4586004,5632,0,0,2053812
17:04:10,88075864,4451708,5632,0,0,2053812
17:04:11,88073748,4448044,5632,0,0,2053812
17:04:12,88257220,4631516,5632,0,0,2054004
17:04:13,88227824,4602100,5632,0,0,2076700
17:04:14,88123044,4497324,5632,0,0,2219604
17:04:15,88009084,4383408,5632,0,0,2334680
17:04:16,87894036,4268360,5632,0,0,2459468
17:04:17,87752780,4127080,5632,0,0,2591844
17:04:18,87683600,4057880,5632,0,0,2541548
17:04:19,87687904,4062236,5632,0,0,2594404
17:04:20,87686300,4060656,5632,0,0,2620868
17:04:21,87212472,3586796,5632,0,0,3291528
17:04:22,87545712,3919980,5632,0,0,2482972
17:04:23,87458760,3832664,5632,0,0,2505224
17:04:24,87472476,3846392,5632,0,0,2505224
17:04:25,87476276,3850148,5632,0,0,2505224
17:04:26,87478124,3851964,5632,0,0,2505224
17:04:27,87470552,3843680,5632,0,0,2505292
17:04:28,87473500,3846604,5632,0,0,2505292
17:04:29,87478120,3851176,5632,0,0,2505292
17:04:30,87482316,3855324,5632,0,0,2505292
17:04:31,87501420,3874500,5632,0,0,2505292
17:04:32,87557152,3930184,5632,0,0,2505420
17:04:33,87557108,3930136,5632,0,0,2505420
17:04:34,87572376,3945460,5632,0,0,2505420
17:04:35,87576420,3949464,5632,0,0,2505420
17:04:36,87575416,3948468,5632,0,0,2505420
17:04:37,87582416,3955500,5632,0,0,2505420
17:04:38,87640664,4013724,5632,0,0,2505420
17:04:39,87645212,4018216,5632,0,0,2505420
17:04:40,87647484,4020488,5632,0,0,2505420
17:04:41,87652296,4025236,5632,0,0,2505420
17:04:42,87656032,4029004,5632,0,0,2505420
17:04:43,87659880,4032832,5632,0,0,2505420
17:04:44,87661508,4034448,5632,0,0,2505420
17:04:45,87664032,4036908,5632,0,0,2505420
17:04:46,87666884,4039784,5632,0,0,2505420
17:04:47,87670360,4043332,5632,0,0,2505420
17:04:48,87683056,4056044,5632,0,0,2505420
17:04:49,87687068,4060060,5632,0,0,2505420
17:04:50,87687152,4060144,5632,0,0,2505420
17:04:51,87688464,4061432,5632,0,0,2505420
17:04:52,87690768,4063712,5632,0,0,2505420
17:04:53,87691912,4064804,5632,0,0,2505420
17:04:54,87691508,4064396,5632,0,0,2505420
17:04:55,87692864,4065756,5632,0,0,2505420
17:04:56,87691952,4064780,5632,0,0,2505420
17:04:57,87687956,4060768,5632,0,0,2505420
17:04:58,87688952,4061800,5632,0,0,2505420
17:04:59,87691108,4063968,5632,0,0,2505420
17:05:00,87688648,4061484,5632,0,0,2505420
17:05:01,87689588,4062440,5632,0,0,2505420
17:05:03,87693892,4066684,5632,0,0,2505420
17:05:04,87689616,4062304,5632,0,0,2505420
17:05:05,87687356,4060020,5632,0,0,2505420
17:05:06,87687776,4060520,5632,0,0,2505420
17:05:07,87691704,4064428,5632,0,0,2505420
17:05:08,87688708,4061420,5632,0,0,2505420
17:05:09,87676176,4048888,5632,0,0,2505420
17:05:10,87687132,4059900,5632,0,0,2505420
17:05:11,87684664,4057384,5632,0,0,2505420
17:05:12,87686152,4058888,5632,0,0,2505420
17:05:13,87683632,4056376,5632,0,0,2505420
17:05:14,87674840,4047584,5632,0,0,2505420
17:05:15,87680760,4053548,5632,0,0,2505420
17:05:16,87679752,4052540,5632,0,0,2505420
17:05:17,87683272,4056068,5632,0,0,2505420
17:05:18,87690792,4063616,5632,0,0,2505420
17:05:19,87676000,4048800,5632,0,0,2505420
17:05:20,87680296,4053112,5632,0,0,2505420
17:05:21,87679844,4052668,5632,0,0,2505420
17:05:22,87679100,4051948,5632,0,0,2505420
17:05:23,87679888,4052684,5632,0,0,2505420
17:05:24,87670032,4042832,5632,0,0,2505420
17:05:25,87670736,4043568,5632,0,0,2505420
17:05:26,87672956,4045740,5632,0,0,2505420
17:05:27,87673144,4045920,5632,0,0,2505420
17:05:28,87670316,4043068,5632,0,0,2505420
17:05:29,87679000,4051772,5632,0,0,2505420
17:05:30,87681660,4054428,5632,0,0,2505420
17:05:31,87681752,4054504,5632,0,0,2505420
17:05:32,87682504,4055240,5632,0,0,2505420
17:05:33,87683012,4055708,5632,0,0,2505420
17:05:34,87685812,4058604,5632,0,0,2505420
17:05:35,87686688,4059328,5632,0,0,2505420
17:05:36,87689192,4061824,5632,0,0,2505420
17:05:37,87698296,4070904,5632,0,0,2505420
17:05:38,87695252,4067792,5632,0,0,2505420
17:05:39,87687396,4059940,5632,0,0,2505420
17:05:40,87685720,4058340,5632,0,0,2505420
17:05:41,87691240,4063844,5632,0,0,2505420
17:05:42,87689728,4062244,5632,0,0,2505420
17:05:43,87690884,4063344,5632,0,0,2505420
17:05:44,87679304,4051752,5632,0,0,2505420
17:05:45,87682920,4055312,5632,0,0,2505420
17:05:46,87683072,4055464,5632,0,0,2505420
17:05:47,87689324,4061700,5632,0,0,2505420
17:05:48,87690344,4062700,5632,0,0,2505420
17:05:49,87687820,4060232,5632,0,0,2505420
17:05:50,87689000,4061364,5632,0,0,2505420
17:05:51,87685748,4058104,5632,0,0,2505420
17:05:52,87687748,4060120,5632,0,0,2505420
17:05:53,87690244,4062608,5632,0,0,2505420
17:05:54,87675840,4048232,5632,0,0,2505420
17:05:55,87674916,4047336,5632,0,0,2505420
17:05:56,87676044,4048484,5632,0,0,2505420
17:05:57,87678040,4050448,5632,0,0,2505420
17:05:58,87675572,4047932,5632,0,0,2505420
17:06:00,87693608,4066072,5632,0,0,2505420
17:06:01,87696252,4068764,5632,0,0,2505420
17:06:02,87692044,4064496,5632,0,0,2505420
17:06:03,87692008,4064360,5632,0,0,2505420
17:06:04,87701828,4074248,5632,0,0,2505420
17:06:05,87687360,4059752,5632,0,0,2505420
17:06:06,87687588,4059972,5632,0,0,2505420
17:06:07,87686576,4058944,5632,0,0,2505420
17:06:08,87688084,4060452,5632,0,0,2505420
17:06:09,87687664,4060032,5632,0,0,2505420
17:06:10,87694224,4066576,5632,0,0,2505420
17:06:11,87699900,4072244,5632,0,0,2505420
17:06:12,87682480,4031176,5632,2,0,2505420
17:06:13,87671664,3873576,5632,2,0,2505420
17:06:14,87661140,3857308,5632,2,0,2505420
17:06:15,87645732,3837516,5632,2,0,2505420
17:06:16,87638400,3822844,5632,2,0,2505420
17:06:17,87627920,3804476,5632,2,0,2505420
17:06:18,87626484,3794100,5632,2,0,2505420
17:06:19,87629332,3793916,5632,2,0,2505420
17:06:20,87630360,3793488,5632,2,0,2505420
17:06:21,87628972,3791220,5632,2,0,2505420
17:06:22,87636668,3798056,5632,2,0,2505420
17:06:23,87641156,3801732,5632,2,0,2505420
17:06:24,87640328,3800000,5632,2,0,2505420
17:06:25,87642160,3801572,5632,2,0,2505420
17:06:26,87643680,3802372,5632,2,0,2505420
17:06:27,87648032,3806152,5632,2,0,2505420
17:06:28,87653404,3810856,5632,2,0,2505420
17:06:29,87653076,3809808,5632,2,0,2505420
17:06:30,87646136,3802176,5632,2,0,2505420
17:06:31,87650844,3806444,5632,2,0,2505420
17:06:32,87654304,3809060,5632,2,0,2505420
17:06:33,87654560,3808852,5632,2,0,2505420
17:06:34,87652404,3806112,5632,2,0,2505420
17:06:35,87652260,3805392,5632,2,0,2505420
17:06:36,87265748,3418360,5632,3,0,2505420
17:06:37,87633224,3785208,5632,2,0,2505420
17:06:38,87637248,3788744,5632,2,0,2505420
17:06:39,87638620,3789412,5632,2,0,2505420
17:06:40,87639876,3790112,5632,2,0,2505420
17:06:41,87637100,3786844,5632,2,0,2505420
17:06:42,87637048,3786344,5632,2,0,2505420
17:06:43,87643816,3792428,5632,2,0,2505420
17:06:44,87329600,3477652,5632,2,0,2505420
17:06:45,87622268,3769568,5632,2,0,2505420
17:06:46,87622864,3769568,5632,2,0,2505420
17:06:47,87621748,3767808,5632,2,0,2505420
17:06:48,87638292,3783736,5632,2,0,2505420
17:06:49,87639056,3781044,5632,2,0,2505420
17:06:50,87628608,3765420,5632,2,0,2505420
17:06:51,87641072,3771072,5632,2,0,2505420
17:06:52,87635288,3760292,5632,2,0,2505420
17:06:53,87637492,3756668,5632,2,0,2505420
17:06:54,87643836,3756392,5632,2,0,2505420
17:06:56,87658040,3763812,5632,2,0,2505420
17:06:57,87662736,3766104,5632,2,0,2505420
17:06:58,87660408,3762680,5632,2,0,2505420
17:06:59,87668656,3770004,5632,2,0,2505420
17:07:00,87667268,3767456,5632,2,0,2505420
17:07:01,87647780,3746940,5632,2,0,2505420
17:07:02,87643372,3741956,5632,2,0,2505420
17:07:03,87649604,3747508,5632,2,0,2505420
17:07:04,87653480,3750568,5632,2,0,2505420
17:07:05,87653788,3749840,5632,2,0,2505420
17:07:06,87650988,3746352,5632,2,0,2505420
17:07:07,87655476,3750012,5632,2,0,2505420
17:07:08,87659060,3752700,5632,2,0,2505420
17:07:09,87658916,3751640,5632,2,0,2505420
17:07:10,87658380,3750248,5632,2,0,2505420
17:07:11,87659024,3750088,5632,2,0,2505420
17:07:12,87659944,3750172,5632,2,0,2505420
17:07:13,87664996,3754340,5632,2,0,2505420
17:07:14,87661484,3750132,5632,2,0,2505420
17:07:15,87662040,3749720,5632,2,0,2505420
17:07:16,87663020,3749872,5632,2,0,2505420
17:07:17,87666676,3752896,5632,2,0,2505420
17:07:18,87670624,3755988,5632,2,0,2505420
17:07:19,87671412,3752572,5632,2,0,2505420
17:07:20,87677544,3753952,5632,2,0,2505420
17:07:21,87654168,3722552,5632,2,0,2505420
17:07:22,87652344,3716356,5632,2,0,2505420
17:07:23,87653372,3706304,5632,2,0,2505420
17:07:24,87655792,3702988,5632,2,0,2505420
17:07:25,87660020,3705056,5632,2,0,2505420
17:07:26,87648176,3692224,5632,2,0,2505420
17:07:27,87648540,3691668,5632,2,0,2505420
17:07:28,87651468,3693940,5632,2,0,2505420
17:07:29,87660220,3701796,5632,2,0,2505420
17:07:30,87664288,3705112,5632,2,0,2505420
17:07:31,87658300,3698536,5632,2,0,2505420
17:07:32,87659772,3699288,5632,2,0,2505420
17:07:33,87657916,3696796,5632,2,0,2505420
17:07:34,87657012,3695384,5632,2,0,2505420
17:07:35,87657796,3695312,5632,2,0,2505420
17:07:36,87661804,3698756,5632,2,0,2505420
17:07:37,87661336,3697736,5632,2,0,2505420
17:07:38,87666564,3702424,5632,2,0,2505420
17:07:39,87667224,3702488,5632,2,0,2505420
17:07:40,87665804,3700536,5632,2,0,2505420
17:07:41,87661692,3695856,5632,2,0,2505420
17:07:42,87660696,3694348,5632,2,0,2505420
17:07:43,87659680,3692600,5632,2,0,2505420
17:07:44,87657536,3690224,5632,2,0,2505420
17:07:45,87663152,3694784,5632,2,0,2505420
17:07:46,87652556,3683588,5632,2,0,2505420
17:07:47,87648968,3679464,5632,2,0,2505420
17:07:48,87647180,3676972,5632,2,0,2505420
17:07:49,87652440,3681560,5632,2,0,2505420
17:07:50,87653484,3681912,5632,2,0,2505420
17:07:51,87663268,3691084,5632,2,0,2505420
17:07:52,87662156,3689652,5632,2,0,2505420
17:07:54,87665800,3692256,5632,2,0,2505420
17:07:55,87667376,3688112,5632,2,0,2505420
17:07:56,87660448,3675868,5632,2,0,2505420
17:07:57,87649920,3657120,5632,2,0,2505940
17:07:58,87655232,3653384,5632,2,0,2505940
17:07:59,87656808,3647120,5632,2,0,2505940
17:08:00,87663700,3650636,5632,2,0,2505940
17:08:01,87662456,3648400,5632,2,0,2505940
17:08:02,87662032,3647068,5632,2,0,2505940
17:08:03,87664980,3649324,5632,2,0,2505940
17:08:04,87664712,3648256,5632,2,0,2505940
17:08:05,87664912,3647556,5632,2,0,2505940
17:08:06,87660608,3642528,5632,2,0,2505940
17:08:07,87654240,3635376,5632,2,0,2506144
17:08:08,87662312,3643068,5632,2,0,2506144
17:08:09,87659872,3639948,5632,2,0,2506144
17:08:10,87661552,3641144,5632,2,0,2506144
17:08:11,87661740,3640204,5632,2,0,2506144
17:08:12,87652076,3629944,5632,2,0,2506144
17:08:13,87662360,3639696,5632,2,0,2506144
17:08:14,87660356,3636984,5632,2,0,2506144
17:08:15,87659520,3635632,5632,2,0,2506144
17:08:16,87665116,3640632,5632,2,0,2506144
17:08:17,87672728,3647776,5632,2,0,2506148
17:08:18,87670812,3645196,5632,2,0,2506148
17:08:19,87672416,3646308,5632,2,0,2506148
17:08:20,87670944,3644176,5632,2,0,2506148
17:08:21,87672496,3645144,5632,2,0,2506148
17:08:22,87672900,3644924,5632,2,0,2506148
17:08:23,87670916,3642400,5632,2,0,2506148
17:08:24,87675112,3645968,5632,2,0,2506148
17:08:25,87674816,3644848,5632,2,0,2506148
17:08:26,87675404,3644824,5632,2,0,2506148
17:08:27,87668720,3637564,5632,2,0,2506236
17:08:28,87667580,3635676,5632,2,0,2506236
17:08:29,87655604,3618244,5632,2,0,2506236
17:08:30,87644016,3601988,5632,2,0,2506236
17:08:31,87647520,3598924,5632,2,0,2506236
17:08:32,87652608,3599704,5632,2,0,2506236
17:08:33,87645944,3581732,5632,2,0,2506236
17:08:34,87645060,3574920,5632,2,0,2506236
17:08:35,87647780,3575388,5632,2,0,2506236
17:08:36,87651824,3578612,5632,2,0,2506236
17:08:37,87630500,3556492,5632,2,0,2506312
17:08:38,87628868,3554164,5632,2,0,2506312
17:08:39,87637184,3561428,5632,2,0,2506312
17:08:40,87651972,3575408,5632,2,0,2506312
17:08:41,87653676,3576488,5632,2,0,2506312
17:08:42,87641592,3563740,5632,2,0,2506312
17:08:43,87643404,3564844,5632,2,0,2506312
17:08:44,85982076,1902752,5632,59,28,2506312
17:08:46,82353664,798648,5632,53,23,2506312
17:08:47,87225916,5952932,5632,7,2,2506312
17:08:48,87398484,6124756,5632,5,1,2506324
17:08:49,88066800,6791876,5632,2,0,2506324
17:08:50,88119980,6844216,5632,2,0,2506324
17:08:51,88139508,6863060,5632,2,0,2506324
17:08:52,88156696,6879644,5632,2,0,2506324
17:08:53,88176060,6898408,5632,2,0,2506324
17:08:54,88186368,6907876,5632,2,0,2506324
17:08:55,88226324,6947344,5632,2,0,2506324
17:08:56,88248488,6968756,5632,2,0,2506324
17:08:57,88267356,6987100,5632,2,0,2506324
17:08:58,88296520,7015516,5632,2,0,2506324
17:08:59,88297608,7015820,5632,2,0,2506324
17:09:00,88303652,7021180,5632,2,0,2506324
17:09:01,88315580,7032536,5632,2,0,2506324
17:09:02,88328740,7045084,5632,2,0,2506324
17:09:03,88315412,7028124,5632,2,0,2506324
17:09:04,88314996,7022816,5632,2,0,2506324
17:09:05,88317504,7017628,5632,2,0,2506324
17:09:06,88325708,7019568,5632,2,0,2506324
17:09:07,88331652,7013656,5632,2,0,2506324
17:09:08,88337436,7014196,5632,2,0,2506444
17:09:09,88331832,7007132,5632,2,0,2506444
17:09:10,88332500,7006996,5632,2,0,2506444
17:09:11,88335776,7009600,5632,2,0,2506444
17:09:12,88339492,7012456,5632,2,0,2506444
17:09:13,88345332,7017520,5632,2,0,2506444
17:09:14,88350196,7021788,5632,2,0,2506444
17:09:15,88353264,7024104,5632,2,0,2506444
17:09:16,88355280,7025580,5632,2,0,2506444
17:09:17,88368952,7038584,5632,2,0,2506444
17:09:18,88371376,7040616,5632,2,0,2506444
17:09:19,88371656,7040508,5632,2,0,2506444
17:09:20,88376696,7044800,5632,2,0,2506444
17:09:21,88380296,7047856,5632,2,0,2506444
17:09:22,88382388,7049492,5632,2,0,2506444
17:09:23,88384628,7051404,5632,2,0,2506444
17:09:24,88384628,7050700,5632,2,0,2506444
17:09:25,88388736,7054112,5632,2,0,2506444
17:09:26,88386324,7051176,5632,2,0,2506444
17:09:27,88396944,7061056,5632,2,0,2506444
17:09:28,88395764,7059152,5632,2,0,2506444
17:09:29,88394632,7057420,5632,2,0,2506444
17:09:30,88395180,7057704,5632,2,0,2506444
17:09:31,88394556,7056652,5632,2,0,2506444
17:09:32,88400416,7061680,5632,2,0,2506444
17:09:33,88399204,7059892,5632,2,0,2506444
17:09:34,88400948,7060776,5632,2,0,2506444
17:09:35,88405072,7064320,5632,2,0,2506444
17:09:36,88403748,7062440,5632,2,0,2506444
17:09:37,88403756,7061808,5632,2,0,2506444
17:09:38,88412304,7066892,5632,2,0,2506444
17:09:39,88416924,7066428,5632,2,0,2506444
17:09:41,88409068,7050296,5632,2,0,2506444
17:09:42,88409284,7046140,5632,2,0,2506444
17:09:43,88416076,7046668,5632,2,0,2506444
17:09:44,88412772,7036772,5632,2,0,2506444
17:09:45,88416156,7035124,5632,2,0,2506444
17:09:46,88415372,7033040,5632,2,0,2506444
17:09:47,88420232,7036772,5632,2,0,2506444
17:09:48,88420912,7035932,5632,2,0,2506444
17:09:49,88419092,7032792,5632,2,0,2506532
17:09:50,88420368,7032724,5632,2,0,2506532
17:09:51,88420192,7031464,5632,2,0,2506532
17:09:52,88416780,7027216,5632,2,0,2506532
17:09:53,88418536,7028112,5632,2,0,2506532
17:09:54,88413888,7022752,5632,2,0,2506532
17:09:55,88417908,7025572,5632,2,0,2506532
17:09:56,88419620,7026372,5632,2,0,2506532
17:09:57,88420076,7025856,5632,2,0,2506532
17:09:58,88417968,7022788,5632,2,0,2506532
17:09:59,88405028,7008980,5632,2,0,2506532
17:10:00,88409188,7012292,5632,2,0,2506532
17:10:01,88410016,7012020,5632,2,0,2506532
17:10:02,88408692,7009872,5632,2,0,2506532
17:10:03,88411384,7011548,5632,2,0,2506532
17:10:04,88399768,6995676,5632,2,0,2506532
17:10:05,88403508,6994500,5632,2,0,2506532
17:10:06,88405328,6989684,5632,2,0,2506532
17:10:07,88412664,6992228,5632,2,0,2506532
17:10:08,88424032,6997952,5632,2,0,2506532
17:10:09,88412940,6984064,5632,2,0,2506680
17:10:10,88409280,6973272,5632,2,0,2506680
17:10:11,88412044,6972440,5632,2,0,2506680
17:10:12,88412024,6971628,5632,2,0,2506680
17:10:13,88415604,6974248,5632,2,0,2506680
17:10:14,88423344,6980884,5632,2,0,2506680
17:10:15,88421752,6978600,5632,2,0,2506680
17:10:16,88418780,6974544,5632,2,0,2506680
17:10:17,88421404,6976164,5632,2,0,2506680
17:10:18,88430000,6983848,5632,2,0,2506680
17:10:19,88417508,6970504,5632,2,0,2507916
17:10:20,88416808,6969380,5632,2,0,2507916
17:10:21,88416908,6968724,5632,2,0,2507916
17:10:22,88414708,6965708,5632,2,0,2507916
17:10:23,88413968,6964264,5632,2,0,2507916
17:10:24,88425736,6975252,5632,2,0,2507916
17:10:25,88425652,6974604,5632,2,0,2507916
17:10:26,88424272,6972376,5632,2,0,2507916
17:10:27,88424464,6971880,5632,2,0,2507916
17:10:28,88422752,6969672,5632,2,0,2507916
17:10:29,88423520,6969600,5632,2,0,2507916
17:10:30,88422684,6968212,5632,2,0,2507916
17:10:31,88381120,6925688,5632,4,0,2507916
17:10:32,88332968,6876604,5632,4,0,2507916
17:10:33,88338088,6744296,5632,2,0,2507916
17:10:34,88328960,6734356,5632,2,0,2507916
17:10:35,88326452,6728320,5632,2,0,2507916
17:10:36,88314940,6711492,5632,2,0,2507916
17:10:38,88335088,6725032,5632,2,0,2507916
17:10:39,88335472,6719636,5632,2,0,2507916
17:10:40,88326420,6705888,5632,2,0,2507916
17:10:41,88340336,6715496,5632,2,0,2507916
17:10:42,88348272,6715468,5632,2,0,2507916
17:10:43,88352876,6716984,5632,2,0,2507916
17:10:44,88356644,6719612,5632,2,0,2507916
17:10:45,88360136,6721964,5632,2,0,2507916
17:10:46,88370140,6731176,5632,2,0,2507916
17:10:47,88376156,6736332,5632,2,0,2507916
17:10:48,88393652,6753136,5632,2,0,2507916
17:10:49,88404808,6763348,5632,2,0,2507916
17:10:50,88424872,6782544,5632,2,0,2507916
17:10:51,88424592,6781736,5632,2,0,2507916
17:10:52,88427912,6784308,5632,2,0,2507916
17:10:53,88432508,6788248,5632,2,0,2507916
17:10:54,88430656,6785680,5632,2,0,2507916
17:10:55,88436976,6791144,5632,2,0,2507916
17:10:56,88437872,6791188,5632,2,0,2507916
17:10:57,88436688,6789204,5632,2,0,2507916
17:10:58,88436716,6788436,5632,2,0,2507916
17:10:59,88431756,6782736,5632,2,0,2507916
17:11:00,88430736,6781148,5632,2,0,2507916
17:11:01,88428468,6778420,5632,2,0,2507916
17:11:02,88427008,6776176,5632,2,0,2507916
17:11:03,88427896,6776208,5632,2,0,2507916
17:11:04,88429724,6777260,5632,2,0,2507916
17:11:05,88423944,6771152,5632,2,0,2507916
17:11:06,88424392,6770640,5632,2,0,2507916
17:11:07,88424004,6769580,5632,2,0,2507916
17:11:08,88427072,6772072,5632,2,0,2507916
17:11:09,88356408,6695460,5632,2,0,2507916
17:11:10,88375212,6709672,5632,2,0,2507916
17:11:11,88396832,6722888,5632,2,0,2507916
17:11:12,88405992,6726544,5632,2,0,2507916
17:11:13,88403624,6720520,5632,2,0,2507916
17:11:14,88409220,6719120,5632,2,0,2507916
17:11:15,88402096,6708044,5632,2,0,2507916
17:11:16,88401264,6704748,5632,2,0,2507916
17:11:17,88411976,6714640,5632,2,0,2507916
17:11:18,88410400,6712148,5632,2,0,2507916
17:11:19,88411832,6712784,5632,2,0,2507916
17:11:20,88395612,6695652,5632,2,0,2507916
17:11:21,88394372,6693316,5632,2,0,2507916
17:11:22,88390936,6689092,5632,2,0,2507916
17:11:23,88395828,6693132,5632,2,0,2507916
17:11:24,88400952,6697364,5632,2,0,2507916
17:11:25,88407904,6703684,5632,2,0,2507916
17:11:26,88222792,6517916,5632,7,1,2507916
17:11:27,88122232,6416424,5632,7,0,2507916
17:11:28,87483604,5777016,5632,7,0,2507916
17:11:29,87034504,5327252,5632,7,0,2507916
17:11:30,87823260,6115212,5632,9,0,2507916
17:11:31,86945940,5237688,5632,9,0,2507916
17:11:32,86384328,4675040,5632,9,0,2507916
17:11:34,85872304,4162808,5632,9,0,2507916
17:11:35,85366384,3656720,5632,9,0,2507916
17:11:36,84871520,3159996,5632,9,0,2507916
17:11:37,84468012,2755856,5632,9,0,2507916
17:11:38,84232048,2518968,5632,9,0,2507916
17:11:39,83891456,2177652,5632,9,0,2507916
17:11:40,83642792,1928080,5632,9,0,2507916
17:11:41,86673444,4956388,5632,9,0,2507916
17:11:42,86677236,4953880,5632,9,0,2507916
17:11:43,86675744,4945688,5632,9,0,2507916
17:11:44,87849152,6113700,5632,9,0,2507916
17:11:45,87553244,5809996,5632,7,1,2507916
17:11:46,87326368,5574728,5632,7,1,2507916
17:11:47,87906988,6151860,5632,7,1,2507916
17:11:48,87671548,5915460,5632,7,0,2507916
17:11:49,87064844,5307724,5632,7,0,2507916
17:11:50,86833536,5075508,5632,7,0,2507916
17:11:51,87210888,5451824,5632,9,0,2507916
17:11:52,86540948,4781128,5632,9,0,2507916
17:11:53,85981776,4221276,5632,9,0,2507916
17:11:54,85472152,3710964,5632,9,0,2507916
17:11:55,84965544,3203696,5632,9,0,2507916
17:11:56,84475004,2712380,5632,9,0,2507916
17:11:57,84320816,2557740,5632,9,0,2507916
17:11:58,83670068,1906124,5632,9,0,2507916
17:11:59,83669176,1904552,5632,9,0,2507916
17:12:00,86645960,4880660,5632,9,0,2507916
17:12:01,86681476,4915280,5632,9,0,2507916
17:12:02,86600092,4833340,5632,9,0,2507916
17:12:03,86604848,4837584,5632,9,0,2507916
17:12:04,87694860,5926800,5632,7,1,2507916
17:12:05,87418296,5649844,5632,7,1,2507916
17:12:06,88019180,6250600,5632,7,1,2507916
17:12:07,87904812,6134908,5632,7,0,2507916
17:12:08,87279672,5509200,5632,7,0,2507916
17:12:09,86849252,5078340,5632,7,0,2507916
17:12:10,87648272,5876196,5632,9,0,2507916
17:12:11,86751692,4979224,5632,9,0,2507916
17:12:12,86194248,4421368,5632,9,0,2507916
17:12:13,85666768,3891404,5632,9,0,2507916
17:12:14,85150924,3369728,5632,9,0,2507916
17:12:15,84661232,2875788,5632,9,0,2507916
17:12:16,84311860,2518408,5632,9,0,2507916
17:12:17,83923448,2121660,5632,9,0,2507916
17:12:18,83653740,1844600,5632,9,0,2507916
17:12:19,83457576,1643756,5632,9,0,2507916
17:12:20,86533312,4718492,5632,9,0,2507916
17:12:21,86546404,4730604,5632,9,0,2507916
17:12:22,86560532,4743576,5632,9,0,2507916
17:12:24,87731160,5913284,5632,7,1,2507916
17:12:25,87570060,5751268,5632,7,1,2507916
17:12:26,87422480,5602908,5632,7,1,2507916
17:12:27,87948652,6128792,5632,7,1,2507916
17:12:28,87405008,5584376,5632,7,0,2507916
17:12:29,86853360,5031924,5632,7,0,2507916
17:12:30,86681660,4859556,5632,7,0,2507916
17:12:31,87154040,5331164,5632,9,0,2507916
17:12:32,86579708,4755980,5632,9,0,2507916
17:12:33,86041244,4216616,5632,9,0,2507916
17:12:34,85520280,3694832,5632,9,0,2507916
17:12:35,85004352,3178288,5632,9,0,2507916
17:12:36,84504704,2677640,5632,9,0,2507916
17:12:37,84420072,2592196,5632,9,0,2507916
17:12:38,83805276,1976672,5632,9,0,2507916
17:12:39,83697224,1867884,5632,9,0,2507916
17:12:40,86463420,4633284,5632,9,0,2507916
17:12:41,86453712,4622692,5632,9,0,2507916
17:12:42,86379972,4548276,5632,9,0,2507916
17:12:43,87715864,5881588,5632,9,0,2507916
17:12:44,87432548,5593100,5632,7,1,2507916
17:12:45,87188448,5344948,5632,7,1,2507916
17:12:46,87891540,6041788,5632,7,1,2507916
17:12:47,87517108,5663880,5632,7,0,2507916
17:12:48,86927164,5064192,5632,7,0,2507916
17:12:49,86607092,4739024,5632,7,0,2507916
17:12:50,87627108,5755580,5632,9,0,2507916
17:12:51,86806904,4934520,5632,9,0,2507916
17:12:52,86228992,4355760,5632,9,0,2507916
17:12:53,85721836,3848152,5632,9,0,2507916
17:12:54,85457936,3582992,5632,9,0,2507916
17:12:55,84960704,3084980,5632,9,0,2507916
17:12:56,84621864,2745432,5632,9,0,2507916
17:12:57,84031812,2154728,5632,9,0,2507916
17:12:58,83953168,2075392,5632,9,0,2507916
17:12:59,83573336,1694492,5632,9,0,2507916
17:13:00,86622480,4743100,5632,9,0,2507916
17:13:01,86604504,4724488,5632,9,0,2507916
17:13:02,86566516,4686008,5632,9,0,2507916
17:13:03,87753228,5871664,5632,7,1,2507916
17:13:04,87449180,5566864,5632,7,1,2507916
17:13:05,87908008,6024944,5632,7,0,2507916
17:13:06,87847324,5963856,5632,7,0,2507916
17:13:07,87246888,5362564,5632,7,0,2507916
17:13:08,86737204,4852332,5632,7,0,2507916
17:13:09,86642544,4756944,5632,7,0,2507916
17:13:10,87038632,5152320,5632,9,0,2507916
17:13:11,86511784,4624852,5632,9,0,2507916
17:13:12,85966008,4078512,5632,9,0,2507916
17:13:14,85444044,3555808,5632,9,0,2507916
17:13:15,85167656,3278736,5632,9,0,2507916
17:13:16,84663612,2774120,5632,9,0,2507916
17:13:17,84590420,2700216,5632,9,0,2507916
17:13:18,83951344,2057636,5632,9,0,2507916
17:13:19,83853628,1954488,5632,9,0,2507916
17:13:20,86739564,4833004,5632,9,0,2507916
17:13:21,86716632,4804648,5632,9,0,2507916
17:13:22,86712644,4793160,5632,9,0,2507916
17:13:23,86892672,4966068,5632,9,0,2507916
17:13:24,87867524,5937032,5632,7,1,2507916
17:13:25,87587436,5656012,5632,7,1,2507916
17:13:26,88070152,6138476,5632,7,1,2507916
17:13:27,87729524,5796940,5632,7,0,2507916
17:13:28,87148972,5215964,5632,7,0,2507916
17:13:29,86794192,4860236,5632,7,0,2507916
17:13:30,87673996,5739484,5632,9,0,2507916
17:13:31,86897892,4962708,5632,9,0,2507916
17:13:32,86322660,4386924,5632,9,0,2507916
17:13:33,85795700,3859364,5632,9,0,2507916
17:13:34,85270240,3333364,5632,9,0,2507916
17:13:35,84764672,2827436,5632,9,0,2507916
17:13:36,84485188,2547136,5632,9,0,2507916
17:13:37,83894672,1956112,5632,9,0,2507916
17:13:38,83813100,1874048,5632,9,0,2507916
17:13:39,83494252,1554448,5632,9,0,2507916
17:13:40,86499880,4559248,5632,9,0,2507916
17:13:41,86506896,4565640,5632,9,0,2507916
17:13:42,86484220,4542392,5632,9,0,2507916
17:13:43,87732588,5790284,5632,7,1,2507916
17:13:44,87455728,5512676,5632,7,1,2507916
17:13:45,87339556,5396012,5632,7,1,2507916
17:13:46,87891172,5947412,5632,7,1,2507916
17:13:47,87537448,5592932,5632,7,0,2507916
17:13:48,87018268,5073048,5632,7,0,2507916
17:13:49,86829772,4884040,5632,7,0,2507916
17:13:50,87016996,5070724,5632,9,0,2507916
17:13:51,86570056,4623012,5632,9,0,2507916
17:13:52,86020024,4072352,5632,9,0,2507916
17:13:53,85513452,3565268,5632,9,0,2507916
17:13:54,85006440,3057652,5632,9,0,2507916
17:13:55,84513808,2564492,5632,9,0,2507916
17:13:56,84372620,2419128,5632,9,0,2507916
17:13:57,83724460,1766024,5632,9,0,2507916
17:13:58,83716136,1750428,5632,9,0,2507916
17:13:59,86682496,4711920,5632,9,0,2507916
17:14:00,86695616,4720016,5632,9,0,2507916
17:14:01,86612336,4630372,5632,9,0,2507916
17:14:03,86642456,4656032,5632,9,0,2507916
17:14:04,87763676,5773944,5632,7,1,2507916
17:14:05,87518900,5528072,5632,7,1,2507916
17:14:06,88021680,6029784,5632,7,1,2507916
17:14:07,88051076,6058216,5632,7,0,2507916
17:14:08,87432384,5438368,5632,7,0,2507916
17:14:09,86877288,4882476,5632,7,0,2507916
17:14:10,86803020,4807576,5632,7,0,2507916
17:14:11,86948632,4952500,5632,9,0,2507916
17:14:12,86396952,4399852,5632,9,0,2507916
17:14:13,85852844,3855068,5632,9,0,2507916
17:14:14,85341080,3342600,5632,9,0,2507916
17:14:15,84822184,2822732,5632,9,0,2507916
17:14:16,84335256,2335040,5632,9,0,2507916
17:14:17,84234092,2232888,5632,9,0,2507916
17:14:18,83635204,1633424,5632,9,0,2507916
17:14:19,83640024,1637660,5632,9,0,2507916
17:14:20,83526244,1522640,5632,9,0,2507916
17:14:21,86771284,4766888,5632,9,0,2507916
17:14:22,86757996,4752800,5632,9,0,2507916
17:14:23,86727880,4721700,5632,9,0,2507916
17:14:24,87769560,5762540,5632,7,1,2507916
17:14:25,87456784,5448984,5632,7,1,2507916
17:14:26,87375272,5366848,5632,7,1,2507916
17:14:27,87948316,5935908,5632,7,1,2507916
17:14:28,87567716,5550188,5632,7,0,2507916
17:14:29,86933824,4909652,5632,7,0,2507916
17:14:30,86652844,4624604,5632,7,0,2507916
17:14:31,87383340,5350028,5632,9,0,2507916
17:14:32,86605604,4568696,5632,9,0,2507916
17:14:33,86040044,3995728,5632,9,0,2507916
17:14:34,85516836,3468584,5632,9,0,2507916
17:14:35,85007132,2957920,5632,9,0,2507916
17:14:36,84528968,2479028,5632,9,0,2507916
17:14:37,84221604,2170764,5632,9,0,2507916
17:14:38,83788060,1736164,5632,9,0,2507916
17:14:39,83678224,1625592,5632,9,0,2507916
17:14:40,83421664,1367876,5632,9,0,2507916
17:14:41,86610628,4555852,5632,9,0,2507916
17:14:42,86594196,4538820,5632,9,0,2507916
17:14:43,86494588,4438012,5632,9,0,2507916
17:14:44,87770332,5713124,5632,9,0,2507916
17:14:45,87523832,5466008,5632,7,1,2507916
17:14:46,87326944,5268456,5632,7,1,2507916
17:14:47,87934432,5875652,5632,7,1,2507916
17:14:48,87873992,5813964,5632,7,0,2507916
17:14:49,87231384,5170640,5632,7,0,2507916
17:14:50,86682964,4621332,5632,7,0,2507916
17:14:51,86588732,4526408,5632,7,0,2507916
17:14:53,86784160,4721332,5632,9,0,2507916
17:14:54,86224864,4161380,5632,9,0,2507916
17:14:55,85686912,3622640,5632,9,0,2507916
17:14:56,85174868,3109728,5632,9,0,2507916
17:14:57,84667916,2602224,5632,9,0,2507916
17:14:58,84186532,2120096,5632,9,0,2507916
17:14:59,84098676,2031516,5632,9,0,2507916
17:15:00,83801848,1730580,5632,9,0,2507916
17:15:01,83782076,1705152,5632,9,0,2507916
17:15:02,85623504,3543444,5632,9,0,2507916
17:15:03,86625084,4540204,5632,9,0,2507916
17:15:04,86637456,4543868,5632,9,0,2507916
17:15:05,86645464,4543364,5632,9,0,2507916
17:15:06,87846536,5742620,5632,7,1,2507916
17:15:07,87565048,5460404,5632,7,1,2507916
17:15:08,87469604,5364164,5632,7,1,2507916
17:15:09,88105444,5999488,5632,7,1,2507916
17:15:10,87742340,5635584,5632,7,0,2507916
17:15:11,87112412,5004916,5632,7,0,2507916
17:15:12,86852016,4743836,5632,7,0,2507916
17:15:13,87464692,5355792,5632,9,0,2507916
17:15:14,86615504,4505968,5632,9,0,2507916
17:15:15,86070388,3960236,5632,9,0,2507916
17:15:16,85546328,3435616,5632,9,0,2507916
17:15:17,85024712,2913160,5632,9,0,2507916
17:15:18,84540556,2428436,5632,9,0,2507916
17:15:19,84242244,2129544,5632,9,0,2507916
17:15:20,83724836,1611500,5632,9,0,2507916
17:15:21,83717264,1603268,5632,9,0,2507916
17:15:22,83628240,1513584,5632,9,0,2507916
17:15:23,86806496,4690928,5632,9,0,2507916
17:15:24,86771604,4655508,5632,9,0,2507916
17:15:25,86674200,4557412,5632,9,0,2507916
17:15:26,87904332,5787168,5632,2,0,2507916
17:15:27,87910348,5792424,5632,2,0,2507916
17:15:28,87914008,5795480,5632,2,0,2507916
17:15:29,87974088,5855060,5632,2,0,2507916
17:15:30,87994356,5874720,5632,2,0,2507916
17:15:31,88012380,5892052,5632,2,0,2507916
17:15:32,88046964,5926076,5632,2,0,2507916
17:15:33,88061736,5940264,5632,2,0,2507916
17:15:34,88079028,5956832,5632,2,0,2507916
17:15:35,88115516,5992740,5632,2,0,2507916
17:15:36,88184320,6054908,5632,2,0,2507916
17:15:37,88194920,6060288,5632,2,0,2507916
17:15:38,88192736,6050800,5632,2,0,2507916
17:15:39,88191844,6044864,5632,2,0,2507916
17:15:40,88199804,6048408,5632,2,0,2507916
17:15:41,93682416,11586356,5632,2,0,0
17:15:42,93660136,11565456,5632,2,0,0
17:15:43,93643260,11549056,5632,2,0,0
17:15:44,93633368,11538552,5632,2,0,0
17:15:46,93631128,11535780,5632,2,0,0
17:15:47,93625772,11529596,5632,2,0,0
17:15:48,88068912,5971844,5632,61,26,0
17:15:49,88547428,6449384,5632,65,26,0
17:15:50,88704400,6604456,5632,61,3,0
17:15:51,80206568,659944,5632,61,2,0
17:15:52,73767692,748852,5632,59,1,0
17:15:53,66714412,690792,5632,59,1,0
17:15:54,60309280,835676,5632,59,0,0
17:15:55,58794192,2152524,5632,61,0,0
17:15:56,56202460,639492,5632,65,0,0
17:15:57,66530956,12000204,5632,87,0,0
17:15:58,65241596,10717684,5632,95,1,0
17:15:59,57879452,3355148,5632,93,2,0
17:16:00,53955144,788120,5632,93,2,0
17:16:01,54151216,1556036,5632,93,2,0
17:16:02,50498208,818928,5632,91,2,0
17:16:03,44501216,874308,5888,91,2,0
17:16:04,41287656,725524,5888,93,2,0
17:16:05,35367588,726164,6144,93,2,0
17:16:07,29928284,625396,6144,93,2,0
17:16:08,25452984,1171684,6144,93,2,0
17:16:09,24993172,1017004,6144,97,2,0
17:16:10,20386008,1001128,258048,97,2,0
17:16:11,15653040,654124,266496,97,2,0
17:16:12,11527696,1131040,266496,95,1,0
17:16:13,11072968,2497320,265216,95,1,0
17:16:14,10905016,2867560,265216,95,1,0
17:16:15,7217832,601540,265984,95,1,0
17:16:16,14158784,8494004,266496,95,1,0
17:16:17,24880144,19157080,266496,93,0,0
17:16:18,37131880,31357036,266496,93,0,0
17:16:19,34725472,28904972,266496,93,0,0
17:16:20,40301484,34417064,266496,93,0,0
17:16:21,43439316,37459900,266496,93,0,0
17:16:22,43065468,37015808,266496,89,2,0
17:16:23,43143900,37029444,266496,87,3,0
17:16:24,46006600,39834604,266496,81,6,0
17:16:25,46775508,40547320,266496,73,10,0
17:16:26,46199404,39911104,266240,69,10,0
17:16:28,47494936,41153936,266240,59,11,0
17:16:29,46207496,39817304,266240,51,10,0
17:16:30,48483868,42040564,266240,39,5,0
17:16:31,47537972,41023276,266240,35,3,0
17:16:32,47791496,41191452,266240,29,0,0
17:16:33,52728744,46053076,266240,29,0,0
17:16:34,51552264,44808468,266240,29,0,0
17:16:35,56660664,49842512,266240,29,0,0
17:16:36,55532912,48636776,266240,29,0,0
17:16:37,60825704,53851104,266240,29,0,0
17:16:38,66061384,58997712,266240,29,0,0
17:16:39,64756028,57605232,266240,29,0,0
17:16:40,64705208,57484308,266240,27,0,0
17:16:41,64294868,57073712,266240,27,0,0
17:16:42,64174928,56953712,266240,27,0,0
17:16:43,63575240,56353800,266240,27,0,0
17:16:44,65234260,58012172,266240,27,0,0
17:16:45,65429484,58207044,266240,25,1,0
17:16:46,66238908,59016364,266240,25,1,0
17:16:47,73541948,66318092,266240,23,2,0
17:16:48,74186184,66962212,266240,23,2,0
17:16:49,74732248,67508256,266240,21,3,0
17:16:50,82531472,75307496,266240,19,4,0
17:16:51,83379480,76154960,266240,17,3,0
17:16:52,83213868,75989328,266240,17,3,0
17:16:53,84430804,77205252,266240,15,2,0
17:16:54,84802532,77579780,266240,15,2,0
17:16:55,87268980,80045212,266240,11,0,0
17:16:56,87184804,79961096,266240,11,0,0
17:16:57,87980748,80757080,266240,11,0,0
17:16:58,88273824,81050092,266240,11,0,0
17:16:59,88395560,81171896,266240,11,0,0
17:17:00,88483596,81259860,266240,11,0,0
17:17:01,90359772,83135032,266240,11,0,0
17:17:02,90371040,83146288,266240,11,0,0
17:17:03,91938832,84713868,266240,9,1,0
17:17:04,91543820,84320588,266240,9,1,0
17:17:05,91328736,84105292,266240,7,2,0
17:17:06,90967876,83744264,266240,7,2,0
17:17:07,90526468,83302812,266240,7,2,0
17:17:08,90517152,83293576,266240,7,2,0
17:17:09,90352740,83129144,266240,7,2,0
17:17:10,92029932,84807316,266240,5,1,0
17:17:11,92041744,84819128,266240,5,1,0
17:17:12,93615616,86388020,266240,0,0,0
17:17:13,93683104,86454888,266240,0,0,0
17:17:15,93727296,86498976,266240,0,0,0
17:17:16,93736960,86508604,266240,0,0,0
17:17:17,93795032,86566552,266240,0,0,0
17:17:18,93803460,86574904,266240,0,0,0
17:17:19,93864868,86636296,266240,0,0,0
17:17:20,93923432,86694840,266240,0,0,0
17:17:21,93929884,86701260,266240,0,0,0
17:17:22,93957708,86729096,266240,0,0,0
17:17:23,93956876,86728272,266240,0,0,0
17:17:24,93989380,86760468,266240,0,0,0
17:17:25,93989256,86760260,266240,0,0,0
17:17:26,94006908,86777936,266240,0,0,0
17:17:27,94020000,86791016,266240,0,0,0
17:17:28,94019492,86790512,266240,0,0,0
17:17:29,94064676,86835688,266240,0,0,0
17:17:30,94063060,86834064,266240,0,0,0
17:17:31,94075336,86846364,266240,0,0,0
17:17:32,94075120,86846104,266240,0,0,0
17:17:33,94079512,86850492,266240,0,0,0
17:17:34,94093348,86864376,266240,0,0,0
17:17:35,94096488,86866916,266240,0,0,0
17:17:36,94095192,86865652,266240,0,0,0
17:17:37,94096532,86866984,266240,0,0,0
17:17:38,94110432,86880940,266240,0,0,0
17:17:39,94114284,86894052,266240,1,0,0
17:17:40,92970528,85738072,266240,19,8,0
17:17:41,92180192,84930972,266240,19,8,0
17:17:42,89745736,82493476,266240,19,0,0
17:17:43,86118560,78866280,266240,19,0,0
17:17:44,82999860,75747204,266240,19,0,0
17:17:45,82533932,75281260,266240,19,0,0
17:17:46,84472464,77219724,266240,35,0,0
17:17:47,80502556,73249636,266240,35,0,0
17:17:48,76880856,69627944,266240,35,0,0
17:17:49,73566360,66313448,266240,35,0,0
17:17:50,70304072,63051184,266240,35,0,0
17:17:51,67131596,59878676,264192,35,0,0
17:17:52,64001640,56748744,264192,35,0,0
17:17:53,62165688,54912792,264192,35,0,0
17:17:54,59764020,52510936,264192,35,0,0
17:17:55,56883976,49630892,264192,35,0,0
17:17:56,56361496,49108404,264192,35,0,0
17:17:57,57676008,50422904,264192,35,0,0
17:17:58,80106656,72853428,264192,35,0,0
17:17:59,80213124,72959904,264192,35,0,0
17:18:00,79900868,72644512,263628,35,0,0
17:18:01,80194960,72938596,263628,35,0,0
17:18:02,90286116,83029320,263628,33,1,0
17:18:03,88771084,81514280,263628,19,8,0
17:18:04,86807708,79550688,263600,19,8,0
17:18:05,91045128,83788116,263600,17,5,0
17:18:07,91673748,84414512,263600,19,8,0
17:18:08,90326872,83066520,263600,19,0,0
17:18:09,86362516,79102132,263600,19,0,0
17:18:10,82644232,75383936,263600,19,0,0
17:18:11,81425532,74165236,263600,19,0,0
17:18:12,88484420,81224120,263600,35,0,0
17:18:13,82224652,74964360,263600,35,0,0
17:18:14,78877660,71617352,263600,35,0,0
17:18:15,75416044,68155556,263600,35,0,0
17:18:16,72132292,64871748,263600,35,0,0
17:18:17,68843180,61582644,263600,35,0,0
17:18:18,65718456,58457868,263600,35,0,0
17:18:19,62605096,55344512,263600,35,0,0
17:18:20,61795720,54535168,263600,35,0,0
17:18:21,57181528,49920936,263600,35,0,0
17:18:22,56580200,49319624,263600,35,0,0
17:18:23,55298888,48038328,263600,35,0,0
17:18:24,80015912,72755328,263600,35,0,0
17:18:25,80017340,72756512,263600,35,0,0
17:18:26,80007492,72746620,263600,35,0,0
17:18:27,79765820,72504924,263600,35,0,0
17:18:28,79871964,72611092,263600,35,0,0
17:18:29,89909824,82648992,263600,25,5,0
17:18:30,88552576,81291712,263600,19,8,0
17:18:31,86788904,79528048,263600,19,8,0
17:18:32,87952460,80691368,259504,19,7,0
17:18:33,91778276,84515936,259504,19,8,0
17:18:34,91772824,84509096,259504,19,0,0
17:18:35,87596652,80332416,259504,19,0,0
17:18:36,83581252,76317000,259504,19,0,0
17:18:37,82930980,75666752,259504,23,0,0
17:18:38,79290532,72026288,259504,23,0,0
17:18:39,79448848,72184588,259504,19,2,0
17:18:40,78399104,71134816,259504,19,2,0
17:18:41,84908232,77643416,259504,27,2,0
17:18:42,81427996,74163464,259504,27,2,0
17:18:43,79477300,72212468,259504,27,0,0
17:18:44,77014024,69749168,259504,27,0,0
17:18:45,74405736,67140408,259504,27,0,0
17:18:46,77990532,70725060,259504,33,0,0
17:18:47,74951740,67686240,259504,35,0,0
17:18:48,71416560,64151104,259504,35,0,0
17:18:49,70054836,62789388,259504,35,0,0
17:18:50,67664240,60398780,259504,33,1,0
17:18:51,66504664,59239200,259504,31,2,0
17:18:52,64140000,56874512,259504,31,2,0
17:18:53,61534164,54268652,259504,31,2,0
17:18:55,59201832,51936344,259504,31,2,0
17:18:56,56951360,49685856,259504,31,2,0
17:18:57,56503724,49237604,259504,33,1,0
17:18:58,55224556,47958336,259504,31,2,0
17:18:59,51697888,44431648,259504,31,1,0
17:19:00,50148724,42881892,259504,29,1,0
17:19:01,49259388,41992540,259504,29,1,0
17:19:02,48447908,41181064,259504,29,1,0
17:19:03,46932856,39665564,259504,27,0,0
17:19:04,44939248,37671476,259504,27,0,0
17:19:05,57941732,50665728,259504,27,0,0
17:19:06,66162240,58894460,259504,27,0,0
17:19:07,65504988,58237216,259504,27,0,0
17:19:08,65311632,58043868,259504,27,0,0
17:19:09,65305684,58037872,259504,27,0,0
17:19:10,64649488,57381708,259504,27,0,0
17:19:11,62157460,54889696,259504,27,0,0
17:19:12,63049536,55781780,259504,27,0,0
17:19:13,64444920,57177156,259504,27,0,0
17:19:14,64764244,57496456,259504,27,0,0
17:19:15,64830612,57562564,259504,27,0,0
17:19:16,70192880,62924716,259504,27,0,0
17:19:17,69295508,62027304,259504,19,4,0
17:19:18,67683272,60415036,259504,19,4,0
17:19:19,66328672,59060420,259504,19,4,0
17:19:20,82184520,74916308,259504,19,4,0
17:19:21,81738756,74470544,259504,19,4,0
17:19:22,81430568,74162348,259504,19,4,0
17:19:23,86131028,78860784,259504,11,0,0
17:19:24,86225076,78954888,259504,11,0,0
17:19:25,86056184,78785980,259504,11,0,0
17:19:26,86378384,79108212,259504,11,0,0
17:19:27,87928824,80658620,259504,11,0,0
17:19:28,88111716,80841500,259504,11,0,0
17:19:29,88204772,80934572,259504,11,0,0
17:19:30,88263440,80993208,259504,11,0,0
17:19:31,88415060,81144804,259504,11,0,0
17:19:32,88535864,81265624,259504,11,0,0
17:19:33,92439664,85169384,259504,11,0,0
17:19:34,92444280,85174028,259504,11,0,0
17:19:35,91970272,84699660,259504,7,2,0
17:19:36,91254396,83983688,259504,7,2,0
17:19:37,91105704,83834956,259504,7,2,0
17:19:38,90777996,83507312,259504,7,2,0
17:19:39,90486824,83216132,259504,7,2,0
17:19:40,90507008,83236300,259504,7,2,0
17:19:41,90494304,83223628,259504,7,2,0
17:19:42,93753244,86481112,259504,0,0,0
17:19:43,93756608,86484460,259504,0,0,0
17:19:45,93785648,86513484,259504,0,0,0
17:19:46,93797328,86525160,259504,0,0,0
17:19:47,93835432,86563288,259504,0,0,0
17:19:48,93863544,86591408,259504,0,0,0
17:19:49,93874352,86602128,259504,0,0,0
17:19:50,93907336,86635104,259504,0,0,0
17:19:51,93921548,86649324,259504,0,0,0
17:19:52,93939668,86667460,259504,0,0,0
17:19:53,93964116,86691908,259504,0,0,0
17:19:54,93973000,86700804,259504,0,0,0
17:19:55,93985200,86713016,259504,0,0,0
17:19:56,94003600,86730928,259504,0,0,0
17:19:57,94016776,86744104,259504,0,0,0
17:19:58,94024876,86752204,259504,0,0,0
17:19:59,94047912,86775232,259504,0,0,0
17:20:00,94052240,86779536,259504,0,0,0
17:20:01,94061116,86788364,259504,0,0,0
17:20:02,94057620,86784844,259504,0,0,0
17:20:03,94060640,86787856,259504,0,0,0
17:20:04,94071888,86799072,259504,0,0,0
17:20:05,94084488,86811688,259504,0,0,0
17:20:06,94088880,86816084,259504,0,0,0
17:20:07,94084940,86812140,259504,0,0,0
17:20:08,94083208,86810416,259504,0,0,0
17:20:09,94082928,86810168,259504,0,0,0
17:20:10,94087528,86814764,259504,0,0,0
17:20:11,94087324,86814568,259504,0,0,0
17:20:12,94085840,86813084,259504,0,0,0
17:20:13,94086176,86813420,259504,0,0,0
17:20:14,94095900,86823136,259504,0,0,0
17:20:15,94100268,86827500,259504,0,0,0
17:20:16,94101328,86828552,259504,0,0,0
17:20:17,94099488,86826716,259504,0,0,0
17:20:18,94099596,86826744,259504,0,0,0
17:20:19,94099940,86827088,259504,0,0,0
17:20:20,94105120,86832276,259504,0,0,0
17:20:21,94102032,86829076,259504,0,0,0
17:20:22,94102032,86829076,259504,0,0,0
17:20:23,94102032,86829060,259504,0,0,0
17:20:24,94103272,86830312,259504,0,0,0
17:20:25,94100636,86827636,259504,0,0,0
17:20:26,94102296,86829156,259504,0,0,0
17:20:27,94101964,86828812,259504,0,0,0
17:20:28,94102008,86828848,259504,0,0,0
17:20:29,94103168,86830020,259504,0,0,0
17:20:30,94109820,86836672,259504,0,0,0
17:20:31,94109988,86836780,259504,0,0,0
17:20:32,94110204,86837012,259504,0,0,0
17:20:33,94110908,86837620,259504,0,0,0
17:20:34,94109480,86836176,259504,0,0,0
17:20:35,94124844,86851528,259504,0,0,0
17:20:36,94125816,86852348,259504,0,0,0
17:20:37,94127528,86854084,259504,0,0,0
17:20:38,94125716,86852320,259504,0,0,0
17:20:39,94124076,86850560,259504,0,0,0
17:20:40,94121916,86848400,259504,0,0,0
17:20:42,94117456,86854012,259504,1,0,0
17:20:43,93728224,86464748,259504,11,4,0
17:20:44,92505120,85241092,259504,11,0,0
17:20:45,90267400,83003388,259504,11,0,0
17:20:46,88554912,81290924,259504,11,0,0
17:20:47,89364940,82100456,259504,11,0,0
17:20:48,89340052,82075972,259504,19,0,0
17:20:49,87344356,80080292,259504,19,0,0
17:20:50,85379328,78115248,259504,19,0,0
17:20:51,83502296,76238248,259504,19,0,0
17:20:52,81619524,74355476,259504,19,0,0
17:20:53,79851236,72587204,259504,19,0,0
17:20:54,78694296,71430240,259504,19,0,0
17:20:55,77295076,70030996,259504,19,0,0
17:20:56,76004972,68740896,259504,19,0,0
17:20:57,75534596,68269828,259504,19,0,0
17:20:58,87318228,80053464,259504,19,0,0
17:20:59,87282132,80017340,259504,19,0,0
17:21:00,87119044,79854264,259504,19,0,0
17:21:01,87057028,79792216,259504,19,0,0
17:21:02,92090704,84825908,259504,19,0,0
17:21:03,91583352,84318512,259504,11,4,0
17:21:04,90604836,83339984,259504,11,4,0
17:21:05,92947028,85682220,259504,11,4,0
17:21:06,92840896,85575976,259504,11,1,0
17:21:07,90928404,83663048,259504,11,0,0
17:21:08,88853356,81587992,259504,11,0,0
17:21:09,88095508,80830160,259504,11,0,0
17:21:10,90832176,83566836,259504,19,0,0
17:21:11,88046648,80781308,259504,19,0,0
17:21:12,86012308,78746968,259504,19,0,0
17:21:13,84127840,76862504,259504,19,0,0
17:21:14,82267056,75001724,259504,19,0,0
17:21:15,80487408,73222092,259504,19,0,0
17:21:16,78778496,71513160,259504,19,0,0
17:21:17,78445712,71179864,259504,19,0,0
17:21:18,75878308,68612460,259504,19,0,0
17:21:19,75752092,68486244,259504,19,0,0
17:21:20,74722620,67456772,259504,19,0,0
17:21:21,86937224,79671384,259504,19,0,0
17:21:22,86947944,79681876,259504,19,0,0
17:21:23,86883376,79617304,259504,19,0,0
17:21:24,87049896,79783824,259504,19,0,0
17:21:25,91454648,84188552,259504,11,4,0
17:21:26,90696072,83429972,259504,11,4,0
17:21:27,91667056,84400836,259504,11,4,0
17:21:28,92809612,85543480,259504,11,4,0
17:21:29,91667872,84401192,259504,11,0,0
17:21:30,89448576,82181872,259504,11,0,0
17:21:31,87667904,80401200,259504,11,0,0
17:21:33,87374600,80107900,259504,11,0,0
17:21:34,89082176,81815484,259504,19,0,0
17:21:35,87028644,79761944,259504,19,0,0
17:21:36,85235640,77968936,259504,19,0,0
17:21:37,83373124,76106396,259504,19,0,0
17:21:38,81506332,74239608,259504,19,0,0
17:21:39,79769000,72502164,259504,19,0,0
17:21:40,78185364,70918512,259504,19,0,0
17:21:41,77836484,70569624,259504,19,0,0
17:21:42,75412292,68145404,259504,19,0,0
17:21:43,75199284,67932396,259504,19,0,0
17:21:44,74087580,66820700,259504,19,0,0
17:21:45,86862316,79595444,259504,19,0,0
17:21:46,86867544,79600672,259504,19,0,0
17:21:47,86742004,79474992,259492,19,0,0
17:21:48,86883584,79616536,259492,19,0,0
17:21:49,91570328,84303268,259492,11,4,0
17:21:50,90781688,83514628,259492,11,4,0
17:21:51,90177244,82910176,259492,11,4,0
17:21:52,92550292,85282508,259492,11,4,0
17:21:53,92838508,85570724,259492,11,2,0
17:21:54,90795732,83527472,259492,11,0,0
17:21:55,88614688,81346428,259492,11,0,0
17:21:56,87746508,80478248,259492,11,0,0
17:21:57,90983212,83714924,259492,19,0,0
17:21:58,87724184,80455904,259492,19,0,0
17:21:59,86043156,78774876,259492,19,0,0
17:22:00,84129636,76861356,259492,19,0,0
17:22:01,82316596,75048300,259492,19,0,0
17:22:02,80510440,73242152,259492,19,0,0
17:22:03,78762124,71493800,259492,19,0,0
17:22:04,77923956,70655632,259492,19,0,0
17:22:05,75781280,68512956,259492,19,0,0
17:22:06,75261740,67993416,259492,19,0,0
17:22:07,74613292,67344676,259492,19,0,0
17:22:08,87229688,79961072,259492,19,0,0
17:22:09,87211696,79943064,259492,19,0,0
17:22:10,87117256,79848608,259492,19,0,0
17:22:11,87095756,79827132,259492,19,0,0
17:22:12,92267280,84998632,259492,19,0,0
17:22:13,91359848,84091172,259492,11,4,0
17:22:14,90430272,83161596,259492,11,4,0
17:22:15,93211412,85941912,259492,11,4,0
17:22:16,92774044,85504612,259492,11,4,0
17:22:17,92002548,84732596,259492,11,0,0
17:22:18,89705104,82435168,259492,11,0,0
17:22:19,87912604,80642572,259492,11,0,0
17:22:20,86493336,79223312,259492,11,0,0
17:22:21,85572640,78302632,259492,11,0,0
17:22:22,85481060,78211052,259492,11,0,0
17:22:23,90780280,83510264,259492,19,0,0
17:22:24,87518292,80248276,259492,19,0,0
17:22:26,85652880,78382864,259492,19,0,0
17:22:27,83894164,76624140,259492,19,0,0
17:22:28,82051300,74781156,259492,19,0,0
17:22:29,80237972,72967828,259492,19,0,0
17:22:30,78482988,71212836,259492,19,0,0
17:22:31,76695432,69425240,259492,19,0,0
17:22:32,75068644,67798436,259492,19,0,0
17:22:33,73419380,66149180,259492,19,0,0
17:22:34,71994544,64724336,259492,19,0,0
17:22:35,70292120,63021920,259492,19,0,0
17:22:36,68803104,61532880,259492,19,0,0
17:22:37,67923196,60652956,259492,19,0,0
17:22:38,67685204,60414656,259492,19,0,0
17:22:39,66010000,58739452,259492,19,0,0
17:22:40,62931600,55661052,259492,19,0,0
17:22:41,62645976,55375444,259492,19,0,0
17:22:42,62588816,55318284,259492,19,0,0
17:22:43,61689456,54418920,259492,19,0,0
17:22:44,60269128,52998576,259492,19,0,0
17:22:45,77183896,69913344,259492,19,0,0
17:22:46,83117764,75847212,259492,19,0,0
17:22:47,83082844,75812300,259492,19,0,0
17:22:48,83043892,75773216,259492,19,0,0
17:22:49,83040048,75769380,259492,19,0,0
17:22:50,82877048,75606380,259492,19,0,0
17:22:51,83696112,76425444,259492,19,0,0
17:22:52,84640812,77370144,259492,19,0,0
17:22:53,85310208,78039556,259492,19,0,0
17:22:54,85696636,78425964,259492,19,0,0
17:22:55,90354748,83084064,259492,19,0,0
17:22:56,91513904,84243204,259492,11,4,0
17:22:57,90543788,83273048,259492,11,4,0
17:22:58,89380040,82109296,259492,11,4,0
17:22:59,89295596,82024792,259492,11,4,0
17:23:00,88900468,81629672,257444,11,4,0
17:23:01,90931104,83659424,257444,11,3,0
17:23:02,93120160,85847316,257444,11,4,0
17:23:03,92415416,85142020,257444,11,0,0
17:23:04,90150740,82877336,257444,11,0,0
17:23:05,88354304,81080900,257444,11,0,0
17:23:06,88701932,81428528,257444,15,0,0
17:23:07,88493856,81220452,257444,11,1,0
17:23:08,87794592,80520928,257444,11,2,0
17:23:09,87829532,80555616,257444,11,2,0
17:23:10,87601520,80327604,257444,11,2,0
17:23:11,87849740,80575536,257444,11,0,0
17:23:12,89053716,81779504,257444,15,0,0
17:23:13,87186192,79911980,257444,15,0,0
17:23:14,87299296,80025084,257444,17,0,0
17:23:15,86009676,78735464,257444,19,0,0
17:23:16,84579940,77305728,257444,19,0,0
17:23:17,84543148,77268924,257444,17,1,0
17:23:19,84534404,77260184,257444,15,2,0
17:23:20,83480912,76206684,257444,15,2,0
17:23:21,82431332,75157104,257444,15,2,0
17:23:22,81451032,74176804,257444,15,2,0
17:23:23,81320320,74045588,257444,13,1,0
17:23:24,80148984,72874128,257444,17,1,0
17:23:25,79228524,71953664,257444,15,2,0
17:23:26,78207612,70932616,257444,17,1,0
17:23:27,78383356,71107612,257444,13,1,0
17:23:28,77605304,70329696,257444,13,1,0
17:23:29,77059680,69783576,257444,11,0,0
17:23:30,76244428,68968324,257444,11,0,0
17:23:31,76016292,68740188,257444,11,0,0
17:23:32,75934128,68658024,257444,11,0,0
17:23:33,75794504,68518392,257444,11,0,0
17:23:34,73350292,66074172,257444,11,0,0
17:23:35,72522476,65246340,257444,11,0,0
17:23:36,72460644,65184500,257444,11,0,0
17:23:37,72468176,65192032,257444,11,0,0
17:23:38,72092220,64816076,257444,11,0,0
17:23:39,71533760,64257400,257444,11,0,0
17:23:40,70717084,63440724,257444,11,0,0
17:23:41,70267300,62990944,257444,11,0,0
17:23:42,86238500,78962152,257444,11,0,0
17:23:43,86166564,78890224,257444,11,0,0
17:23:44,86199884,78923548,257444,11,0,0
17:23:45,86168236,78891892,257444,11,0,0
17:23:46,86197904,78921572,257444,11,0,0
17:23:47,86209036,78932704,257444,11,0,0
17:23:48,87115172,79838840,257444,11,0,0
17:23:49,87792800,80516260,257444,11,0,0
17:23:50,87877592,80601052,257444,11,0,0
17:23:51,87910920,80634380,257444,11,0,0
17:23:52,88001916,80725368,257444,11,0,0
17:23:53,88092188,80815616,257444,11,0,0
17:23:54,88213216,80936636,257444,11,0,0
17:23:55,92101140,84824548,257444,11,0,0
17:23:56,92044332,84767736,257444,7,2,0
17:23:57,91834280,84557672,257444,7,2,0
17:23:58,91060024,83783416,257444,7,2,0
17:23:59,90992312,83715560,257444,7,2,0
17:24:00,90598640,83321892,257444,7,2,0
17:24:01,90400312,83123560,257444,7,2,0
17:24:02,90387648,83110896,257444,7,2,0
17:24:03,90395360,83118560,257444,7,2,0
17:24:04,93615972,86337688,257444,0,0,0
17:24:05,93645452,86367180,257444,0,0,0
17:24:06,93677376,86399112,257444,0,0,0
17:24:07,93702504,86424240,257444,0,0,0
17:24:08,93715220,86436952,257444,0,0,0
17:24:09,93764560,86486224,257444,0,0,0
17:24:10,93786884,86508548,257444,0,0,0
17:24:11,93829352,86551016,257444,0,0,0
17:24:13,93843716,86565380,257444,0,0,0
17:24:14,93848732,86570396,257444,0,0,0
17:24:15,93876292,86597956,257444,0,0,0
17:24:16,93897280,86618936,257444,0,0,0
17:24:17,93903032,86624688,257444,0,0,0
17:24:18,93901580,86623236,257444,0,0,0
17:24:19,93916064,86637716,257444,0,0,0
17:24:20,93953528,86675092,257444,0,0,0
17:24:21,93955940,86677492,257444,0,0,0
17:24:22,93953928,86675480,257444,0,0,0
17:24:23,93959092,86680640,257444,0,0,0
17:24:24,93980644,86702192,257444,0,0,0
17:24:25,94035152,86756704,257444,0,0,0
17:24:26,94031492,86753044,257444,0,0,0
17:24:27,94032488,86754028,257444,0,0,0
17:24:28,94056068,86777608,257444,0,0,0
17:24:29,94069364,86790900,257444,0,0,0
17:24:30,94073748,86795216,257444,0,0,0
17:24:31,94072992,86794460,257444,0,0,0
17:24:32,94071632,86793092,257444,0,0,0
17:24:33,94071684,86793152,257444,0,0,0
17:24:34,94073368,86794828,257444,0,0,0
17:24:35,94082616,86804072,257444,0,0,0
17:24:36,94081788,86803276,257444,0,0,0
17:24:37,94081268,86802748,257444,0,0,0
17:24:38,94079252,86800732,257444,0,0,0
17:24:39,94078120,86799480,257444,0,0,0
17:24:40,94082288,86803556,257444,0,0,0
17:24:41,94080272,86801540,257444,0,0,0
17:24:42,94077508,86798776,257444,0,0,0
17:24:43,94067464,86788440,257444,0,0,0
17:24:44,94071680,86792656,257444,0,0,0
17:24:45,94068532,86789476,257444,0,0,0
17:24:46,94067544,86788472,257444,0,0,0
17:24:47,94067724,86788636,257444,0,0,0
17:24:48,94076432,86797308,257444,0,0,0
17:24:49,94079804,86800672,257444,0,0,0
17:24:50,94073968,86794724,257444,0,0,0
17:24:51,94073024,86783680,257444,1,0,0
17:24:52,94054004,86749592,257444,0,0,0
17:24:53,94076700,86772200,257444,0,0,0
17:24:54,94097460,86792936,257444,0,0,0
17:24:55,94093236,86788684,257444,0,0,0
17:24:56,94102900,86798284,257444,0,0,0
17:24:57,94121812,86817180,257444,0,0,0
17:24:58,94122504,86817868,257444,0,0,0
17:24:59,94130028,86825340,257444,0,0,0
17:25:00,94118440,86813632,257444,0,0,0
17:25:01,94117996,86813156,257444,0,0,0
17:25:02,94117220,86812380,257444,0,0,0
17:25:03,94129108,86824268,257444,0,0,0
17:25:04,94131132,86826268,257444,0,0,0
17:25:05,94114364,86809476,257444,0,0,0
17:25:06,94116212,86811324,257444,0,0,0
17:25:07,94114852,86810004,257444,0,0,0
17:25:08,94117808,86812928,257444,0,0,0
17:25:09,94127624,86822724,257444,0,0,0
17:25:10,94119908,86815016,257444,0,0,0
17:25:11,94122260,86817332,257444,0,0,0
17:25:13,94121856,86816944,257444,0,0,0
17:25:14,94123556,86818712,257444,0,0,0
17:25:15,94133824,86828988,257444,0,0,0
17:25:16,94116592,86811752,257444,0,0,0
17:25:17,94117940,86813120,257444,0,0,0
17:25:18,94116432,86811608,257444,0,0,0
17:25:19,94118860,86814024,257444,0,0,0
17:25:20,94127676,86822736,257444,0,0,0
17:25:21,94108956,86804072,257444,0,0,0
17:25:22,94109088,86804156,257444,0,0,0
17:25:23,94111712,86806784,257444,0,0,0
17:25:24,94115584,86810628,257444,0,0,0
17:25:25,93744608,86365532,257444,0,0,588832
17:25:26,93640632,86211544,257444,0,0,774616
17:25:27,93613580,86115576,257444,0,0,820524
17:25:28,93505664,85924212,257444,0,0,968208
17:25:29,92554088,84939084,257444,0,0,1271244
17:25:30,92961680,85189128,257444,0,0,1355788
17:25:31,92645896,84873284,257444,0,0,1656120
17:25:32,92439184,84666552,257444,0,0,1912240
17:25:33,92240976,84468332,257444,0,0,2080832
17:25:34,92142328,84369604,257444,0,0,2156016
17:25:35,91741720,83968992,257444,0,0,2054492
17:25:36,91648516,83875744,257444,0,0,2054492
17:25:37,91243940,83469784,257444,0,0,2054684
17:25:38,91227940,83440864,257444,0,0,2054684
17:25:39,90931248,83143360,257444,0,0,2054684
17:25:40,90646504,82858600,257444,0,0,2054684
17:25:41,90648608,82860644,257444,0,0,2054684
17:25:42,90575136,82186304,257444,0,0,2054684
17:25:43,90624976,80606604,257444,0,0,2054684
17:25:44,90583708,79099564,257444,0,0,2054684
17:25:45,90544880,77608724,257444,0,0,2054684
17:25:46,90556480,76102776,257444,0,0,2054684
17:25:47,90633764,74542688,257444,0,0,2054684
17:25:48,90606516,73029720,257444,0,0,2054684
17:25:49,90530892,71521896,257444,0,0,2054684
17:25:50,90433844,69890592,257444,0,0,2054684
17:25:51,90350660,68402620,257444,0,0,2054684
17:25:52,90295868,66883836,257444,0,0,2054684
17:25:53,90191224,65784560,257444,0,0,2054684
17:25:54,90031200,65611880,257444,0,0,2054684
17:25:55,88870720,64039348,257444,0,0,2054684
17:25:56,88777460,63885440,257444,0,0,2054684
17:25:57,88701688,63809252,257444,0,0,2054684
17:25:58,88680776,63788300,257444,0,0,2054684
17:25:59,88596712,63704252,257444,0,0,2054684
17:26:00,88575064,63682552,257444,0,0,2054684
17:26:01,88489024,63596460,257444,0,0,2054684
17:26:02,88395800,63503196,257444,0,0,2054684
17:26:04,88330608,63438072,257444,0,0,2054684
17:26:05,88295204,63402676,257444,0,0,2054684
17:26:06,88592200,63699632,257444,0,0,2054684
17:26:07,88565272,63672700,257444,0,0,2054684
17:26:08,88650864,63732420,257444,0,0,2054684
17:26:09,88596676,63674860,257444,0,0,2054684
17:26:10,88562120,63639728,257444,0,0,2054684
17:26:11,88543772,63617816,257444,0,0,2054684
17:26:12,88484508,63552800,257444,0,0,2054684
17:26:13,88432664,63499804,257444,0,0,2054684
17:26:14,88349356,63413804,257444,0,0,2054684
17:26:15,88211084,63272852,257444,0,0,2054684
17:26:16,88165200,63217004,257444,0,0,2054684
17:26:17,88364488,63414136,257444,0,0,2054684
17:26:18,88289000,63335880,257444,0,0,2054684
17:26:19,88221500,63263388,257444,0,0,2054684
17:26:20,88151896,63188784,257444,0,0,2054684
17:26:21,88083276,63115528,257444,0,0,2054684
17:26:22,88174892,63206672,257444,0,0,2054684
17:26:23,88185516,63212296,257444,0,0,2054684
17:26:24,88182840,63205060,257444,0,0,2054684
17:26:25,88125908,63143052,257444,0,0,2054684
17:26:26,88064876,63077448,257444,0,0,2054684
17:26:27,88046872,63058684,257444,0,0,2054684
17:26:28,87985612,62992496,257444,0,0,2054684
17:26:29,87933420,62935320,257444,0,0,2054684
17:26:30,87943416,62945340,257444,0,0,2054684
17:26:31,87880932,62877816,257444,0,0,2054684
17:26:32,87800808,62793100,257444,0,0,2054684
17:26:33,87699564,62686860,257444,0,0,2054684
17:26:34,87637560,62619912,257444,0,0,2054684
17:26:35,87573684,62551100,257444,0,0,2054684
17:26:36,87478876,62451392,257444,0,0,2054684
17:26:37,87350736,62318060,257444,0,0,2054684
17:26:38,87292720,62259876,257444,0,0,2054684
17:26:39,87210580,62177764,257444,0,0,2054684
17:26:40,87106284,62073476,257444,0,0,2054684
17:26:41,87039912,62007068,257444,0,0,2054684
17:26:42,86854804,61712024,257444,0,0,2054684
17:26:43,87380512,62235304,257444,0,0,2054684
17:26:44,87307012,62160392,257444,1,0,2054684
17:26:45,87207480,62059036,257444,0,0,2054684
17:26:46,87134784,61985004,257444,0,0,2054684
17:26:47,87096192,61944952,257444,1,0,2054684
17:26:48,87042284,61889016,257444,1,0,2054684
17:26:49,87105476,61950564,257444,0,0,2054684
17:26:50,87107736,61950960,257444,0,0,2054684
17:26:51,87048360,61889964,257444,0,0,2054684
17:26:52,87062296,61902136,257444,0,0,2054684
17:26:54,87070464,61908392,257444,0,0,2054684
17:26:55,86967764,61803884,257444,0,0,2054684
17:26:56,86874252,61708332,257444,1,0,2054684
17:26:57,86730576,61563480,257444,1,0,2054684
17:26:58,86701088,61532360,257444,0,0,2054684
17:26:59,86627568,61456268,257444,0,0,2054684
17:27:00,86645012,61471812,257444,0,0,2054684
17:27:01,86608896,61434152,257444,0,0,2054684
17:27:02,86546776,61370392,257444,0,0,2054684
17:27:03,86474776,61296296,257444,0,0,2054684
17:27:04,86411500,61231524,257444,0,0,2054684
17:27:05,86390192,61208716,257444,0,0,2054684
17:27:06,86342680,61159604,257444,0,0,2054684
17:27:07,86277428,61093072,257444,0,0,2054684
17:27:08,86400936,61214732,257444,0,0,2054684
17:27:09,86380372,61192608,257444,0,0,2054684
17:27:10,86339728,61150284,257444,1,0,2054684
17:27:11,86302088,61111368,257444,0,0,2054684
17:27:12,86201476,61008700,257444,0,0,2054684
17:27:13,85402084,59293384,257444,1,0,2054684
17:27:14,85310516,59111680,257444,0,0,2054684
17:27:15,85314704,58805820,257444,0,0,2054684
17:27:16,85325992,58307828,257444,0,0,2054684
17:27:17,85275960,57895936,257444,0,0,2054684
17:27:18,85237324,57822112,257444,0,0,2054684
17:27:19,85181256,57673836,257444,0,0,2054684
17:27:20,85129908,57299376,257444,1,0,2054684
17:27:21,84991368,56865116,257444,1,0,2054684
17:27:22,85124756,56502412,257444,0,0,2054684
17:27:23,85144968,56020504,257444,0,0,2054684
17:27:24,85107736,55556292,257444,1,0,2054684
17:27:25,85053348,55254924,257444,0,0,2054684
17:27:26,85069548,54889184,257444,0,0,2054684
17:27:27,85165372,54639692,257444,0,0,2039856
17:27:28,85076016,54212804,257444,0,0,2143524
17:27:29,84987840,53749808,257444,0,0,2249812
17:27:30,84850084,53319788,257444,0,0,2412408
17:27:31,84774452,52924400,257444,0,0,2546804
17:27:32,84645264,52232984,257444,0,0,2688036
17:27:33,84650452,51939264,257444,0,0,2554980
17:27:34,84651568,51620568,257444,0,0,2607780
17:27:35,84645964,51236388,257444,0,0,2637168
17:27:36,83684608,50218528,257444,0,0,3161032
17:27:37,84536904,51044456,257444,0,0,2496856
17:27:38,88447180,54935708,257444,0,0,2496856
17:27:39,88545664,55034172,257444,0,0,2496856
17:27:40,88572812,55061320,257444,0,0,2496856
17:27:41,88391956,54875864,257444,0,0,2497144
17:27:42,88361708,54845492,257444,0,0,2497144
17:27:44,88333268,54816988,257444,0,0,2497148
17:27:45,88334788,54818448,257444,0,0,2497152
17:27:46,88346264,54829916,257444,0,0,2497152
17:27:47,88302800,54786468,257444,0,0,2497156
17:27:48,88271980,54755576,257444,0,0,2497220
17:27:49,88196820,54680416,257444,0,0,2497264
17:27:50,88225600,54709128,257444,0,0,2497268
17:27:51,88166884,54650380,257444,0,0,2497268
17:27:52,88116808,54600316,257444,0,0,2497268
17:27:53,88328892,54517300,257444,0,0,2497268
17:27:54,88328900,54515932,257444,0,0,2497268
17:27:55,88272468,54454960,257444,0,0,2497268
17:27:56,88197484,54211704,257444,0,0,2497296
17:27:57,88188864,54153516,257444,0,0,2497296
17:27:58,88193864,54053728,257444,0,0,2497296
17:27:59,88212232,54045100,257444,0,0,2497296
17:28:00,88218992,54024812,257444,0,0,2497296
17:28:01,88230592,53737248,257444,0,0,2497296
17:28:02,88226532,53084312,257444,0,0,2497296
17:28:03,88288612,52770424,257444,0,0,2497328
17:28:04,88186428,52649268,257444,0,0,2497328
17:28:05,87955688,52418092,257444,0,0,2497328
17:28:06,87897404,52359672,257444,0,0,2497328
17:28:07,88382784,52844820,257444,0,0,2497328
17:28:08,88407592,52869564,257444,0,0,2497328
17:28:09,86805616,51263636,257444,0,0,2497328
17:28:10,88758948,53216764,257444,0,0,2497356
17:28:11,88765288,53219932,257444,0,0,2497356
17:28:12,88748484,53164372,257444,0,0,2497356
17:28:13,88723160,53101736,257444,0,0,2497356
17:28:14,88745852,53087024,257444,0,0,2497356
17:28:15,88755060,53059864,257444,0,0,2497356
17:28:16,88748488,53015240,257444,0,0,2497356
17:28:17,88739832,52967492,257444,0,0,2497372
17:28:18,88718900,52907660,257444,0,0,2497372
17:28:19,88728200,52877120,257444,0,0,2497372
17:28:20,88727468,52838748,257444,0,0,2497372
17:28:21,88719060,52792028,257444,0,0,2497372
17:28:22,88734240,52768920,257444,0,0,2497372
17:28:23,88701536,52697564,257444,0,0,2497372
17:28:24,88714156,52671008,257444,0,0,2497388
17:28:25,88717720,52636536,257444,0,0,2497388
17:28:26,88719084,52598840,257444,0,0,2497388
17:28:27,88726500,52568356,257444,0,0,2497388
17:28:28,88728484,52531468,257444,0,0,2497388
17:28:29,88712180,52477080,257444,0,0,2497388
17:28:30,88742452,52469648,257444,0,0,2497388
17:28:31,88725772,52424524,257444,0,0,2497404
17:28:33,88715528,52378480,257444,0,0,2497404
17:28:34,88697120,52321048,257444,0,0,2497404
17:28:35,88710200,52297816,257444,0,0,2497404
17:28:36,88743812,52294692,257444,0,0,2497404
17:28:37,88736792,52249080,257444,0,0,2497404
17:28:38,88739924,52214356,257444,0,0,2497404
17:28:39,88727260,52163476,257444,0,0,2497408
17:28:40,88740416,52136792,257444,0,0,2497408
17:28:41,88721984,52079456,257444,0,0,2497408
17:28:42,88734844,52062704,257444,0,0,2497408
17:28:43,88737384,52027472,257444,0,0,2497408
17:28:44,88734588,51985720,257444,0,0,2497408
17:28:45,88752900,51966028,257444,0,0,2497408
17:28:46,88756192,51930224,257444,0,0,2497408
17:28:47,88755428,51892744,257444,0,0,2497408
17:28:48,88764880,51862096,257444,0,0,2497408
17:28:49,88769052,51828344,257444,0,0,2497408
17:28:50,88771168,51791424,257444,0,0,2497408
17:28:51,88768616,51752336,257444,0,0,2497408
17:28:52,88764188,51709512,257444,0,0,2497408
17:28:53,88784660,51689372,257444,0,0,2497408
17:28:54,88790944,51658112,257444,0,0,2497408
17:28:55,88794696,51632720,257444,0,0,2497408
17:28:56,88795248,51595164,257444,0,0,2497408
17:28:57,88793076,51556116,257444,0,0,2497408
17:28:58,88796696,51522112,257444,0,0,2497408
17:28:59,88772656,51458984,257444,0,0,2497408
17:29:00,88751756,51399188,257444,0,0,2497408
17:29:01,88747888,51357224,257444,0,0,2497408
17:29:02,88755788,51327284,257444,0,0,2497408
17:29:03,88775708,51307500,257444,0,0,2497408
17:29:04,88761896,51254996,257444,0,0,2497408
17:29:05,88761324,51225604,257444,0,0,2497408
17:29:06,88748912,51174944,257444,0,0,2497408
17:29:07,88771748,51158416,257444,0,0,2497408
17:29:08,88768492,51117916,257444,0,0,2497408
17:29:09,88739872,51051492,257444,0,0,2497408
17:29:10,88741200,51012880,257444,0,0,2497408
17:29:11,88738812,50971476,257444,0,0,2497408
17:29:12,88741408,50936204,257444,0,0,2497408
17:29:13,88763704,50920456,257444,0,0,2497408
17:29:14,88763136,50880992,257444,0,0,2497408
17:29:15,88761120,50841012,257444,0,0,2497408
17:29:16,88778756,50819588,257444,0,0,2497408
17:29:17,88774572,50777416,257444,0,0,2497408
17:29:18,88765628,50729704,257444,0,0,2497408
17:29:19,88772164,50696780,257444,0,0,2497408
17:29:20,88772776,50657932,257444,0,0,2497408
17:29:21,88750292,50598428,257444,0,0,2497408
17:29:22,88755208,50562248,257444,0,0,2497408
17:29:24,88762072,50536588,257444,0,0,2497408
17:29:25,88767200,50507048,257444,0,0,2497408
17:29:26,88763400,50466388,257444,0,0,2497408
17:29:27,88761296,50427244,257444,0,0,2497408
17:29:28,88751704,50376744,257444,0,0,2497412
17:29:29,88750584,50339408,257444,0,0,2497412
17:29:30,88760432,50308708,257444,0,0,2497412
17:29:31,88755448,50266824,257444,0,0,2497412
17:29:32,88763500,50239264,257444,0,0,2497412
17:29:33,88768336,50206104,257444,0,0,2497412
17:29:34,88754260,50155144,257444,0,0,2497412
17:29:35,88752396,50120680,257444,0,0,2497416
17:29:36,88760520,50089780,257444,0,0,2497416
17:29:37,88769672,50061104,257444,0,0,2497416
17:29:38,88777740,50030688,257444,0,0,2497416
17:29:39,88776060,49989544,257444,0,0,2497416
17:29:40,88760976,49936548,257444,0,0,2497416
17:29:41,88756940,49916660,257444,0,0,2497416
17:29:42,88738788,49859808,257444,0,0,2497416
17:29:43,88747100,49831132,257444,0,0,2497416
17:29:44,88755196,49800232,257444,0,0,2497416
17:29:45,88749000,49756080,257444,0,0,2497416
17:29:46,88753008,49722272,257444,0,0,2497416
17:29:47,88752392,49681716,257444,0,0,2497416
17:29:48,88757316,49649548,257444,0,0,2497940
17:29:49,88740748,49598348,257444,0,0,2497940
17:29:50,88740628,49566508,257444,1,0,2497940
17:29:51,88738080,49525692,257444,0,0,2497940
17:29:52,88732932,49495872,257444,0,0,2497940
17:29:53,88731316,49457296,257444,0,0,2497940
17:29:54,88729956,49417100,257444,0,0,2497940
17:29:55,88722696,49370068,257444,0,0,2497940
17:29:56,88704332,49311916,257444,0,0,2497940
17:29:57,88710948,49282352,257444,0,0,2497940
17:29:58,88714368,49244580,257444,0,0,2498144
17:29:59,88711424,49205924,257444,0,0,2498144
17:30:00,88706996,49162552,257444,0,0,2498144
17:30:01,88724452,49140312,257444,0,0,2498144
17:30:02,88718180,49094120,257444,0,0,2498144
17:30:03,88719580,49063552,257444,0,0,2498148
17:30:04,88707796,49016060,257444,0,0,2498148
17:30:05,88695320,48967144,257444,0,0,2498148
17:30:06,88701964,48935480,257444,0,0,2498148
17:30:07,88709540,48903320,257444,0,0,2498148
17:30:08,88697412,48854972,257444,0,0,2498152
17:30:09,88689340,48806956,257444,0,0,2498152
17:30:10,88677224,48757984,257444,0,0,2498152
17:30:11,88678048,48717756,257444,0,0,2498152
17:30:13,88691348,48692400,257444,0,0,2498152
17:30:14,88683412,48647580,257444,0,0,2498152
17:30:15,88687668,48612916,257444,0,0,2498152
17:30:16,88670464,48558276,257444,0,0,2498152
17:30:17,88685256,48533680,257444,0,0,2498152
17:30:18,88707296,48517152,257444,0,0,2498152
17:30:19,88712220,48482732,257444,0,0,2498236
17:30:20,88713656,48445864,257444,0,0,2498236
17:30:21,88704224,48400660,257444,0,0,2498236
17:30:22,88707728,48372948,257444,0,0,2498236
17:30:23,88704504,48329548,257444,0,0,2498236
17:30:24,88699468,48285944,257444,0,0,2498236
17:30:25,88700920,48247716,257444,0,0,2498236
17:30:26,88701420,48210396,257444,0,0,2498236
17:30:27,88710968,48181224,257444,0,0,2498236
17:30:28,88723552,48156432,257444,0,0,2498236
17:30:29,88713392,48107572,257444,0,0,2498312
17:30:30,88710604,48065484,257444,0,0,2498312
17:30:31,88692656,48010328,257444,0,0,2498312
17:30:32,88706716,47984660,257444,0,0,2498312
17:30:33,88722436,47964068,257444,0,0,2498312
17:30:34,88727256,47928768,257444,0,0,2498312
17:30:35,88725976,47889660,257444,0,0,2498312
17:30:36,88704340,47827940,257444,0,0,2498312
17:30:37,88705520,47791268,257444,0,0,2498312
17:30:38,88719020,47764776,257444,0,0,2498312
17:30:39,88728032,47736852,257444,0,0,2498324
17:30:40,88728496,47698428,257444,0,0,2498324
17:30:41,88719828,47651664,257444,0,0,2498324
17:30:42,88732980,47626036,257444,0,0,2498324
17:30:43,88734120,47588100,257444,0,0,2498324
17:30:44,88726384,47541476,257444,0,0,2498324
17:30:45,88711664,47490028,257444,0,0,2498324
17:30:46,88706224,47445536,257444,0,0,2498324
17:30:47,88710544,47411036,257444,0,0,2498324
17:30:48,88733364,47395000,257444,0,0,2498324
17:30:49,88730252,47352768,257444,0,0,2498324
17:30:50,88722684,47316768,257444,0,0,2498324
17:30:51,88716372,47278876,257444,0,0,2498324
17:30:52,88723556,47255460,257444,0,0,2498324
17:30:53,88739628,47233704,257444,0,0,2498324
17:30:54,88752780,47210292,257444,0,0,2498324
17:30:55,88750364,47166284,257444,0,0,2498324
17:30:56,88745824,47124928,257444,0,0,2498324
17:30:57,88814240,47153196,257444,0,0,2498324
17:30:58,88817152,47098640,257444,0,0,2498324
17:30:59,91732584,49947744,257444,0,0,2498436
17:31:00,91743108,49919472,257444,0,0,2498436
17:31:01,91751972,49889944,257444,0,0,2498436
17:31:02,93922884,52025244,257444,0,0,0
17:31:04,93913116,51976988,257444,0,0,0
17:31:05,93898760,51923640,257444,0,0,0
17:31:06,93899464,51886472,257444,0,0,0
17:31:07,93904992,51853020,257444,0,0,0
17:31:08,93888276,51806364,257444,0,0,0
17:31:09,93897708,51777472,257444,0,0,0
17:31:10,93893160,51734920,257444,0,0,0
17:31:11,93902224,51706536,257444,0,0,0
17:31:12,93906892,51671788,257444,0,0,0
17:31:13,93907908,51633748,257444,0,0,0
17:31:14,93909348,51596444,257444,0,0,0
17:31:15,93908808,51558400,257444,0,0,0
17:31:16,93911068,51523228,257444,0,0,0
17:31:17,93624692,51190396,257444,0,0,483252
17:31:18,93418772,50954744,257444,0,0,757020
17:31:19,93418880,50918916,257444,0,0,795840
17:31:20,93309332,50773604,257444,0,0,967700
17:31:21,92330632,49757940,257444,0,0,1269952
17:31:22,92689200,50077740,257444,0,0,1440484
17:31:23,92517676,49867280,257444,0,0,1660512
17:31:24,92263016,49573648,257444,0,0,1910600
17:31:25,92069164,49339928,257444,0,0,2121188
17:31:26,92014696,49247320,257444,0,0,2034088
17:31:27,91752500,48946936,257444,0,0,2034776
17:31:28,91678232,48841244,257444,0,0,2034776
17:31:29,91091504,48221028,257444,0,0,2034968
17:31:30,91102284,48192676,257444,0,0,2034968
17:31:31,90781656,47832976,257444,0,0,2034968
17:31:32,90557352,47570672,257444,0,0,2034968
17:31:33,90561136,47535688,257444,0,0,2034968
17:31:34,90497140,47432680,257444,0,0,2034968
17:31:35,90507748,47403300,257444,0,0,2034968
17:31:36,90354160,47210664,257444,0,0,2034968
17:31:37,89543500,46360940,257444,0,0,2034968
17:31:38,89053900,45732076,257444,0,0,2034968
17:31:39,89070588,45710228,257444,0,0,2034968
17:31:40,89069672,45679244,257444,0,0,2034968
17:31:41,88988980,45541492,257444,0,0,2034968
17:31:42,88983968,45493728,257444,0,0,2034968
17:31:43,89066076,45534680,257444,0,0,2034968
17:31:44,89181432,45610864,257444,0,0,2037756
17:31:45,89171264,45562688,257444,0,0,2138308
17:31:46,89103720,45455988,257444,0,0,2220180
17:31:47,89011396,45325952,257444,0,0,2438992
17:31:48,88853020,45128036,257444,0,0,2585196
17:31:50,88802840,45040248,257444,0,0,2611308
17:31:51,88796100,44993568,257444,0,0,2560044
17:31:52,88770968,44931576,257444,0,0,2620756
17:31:53,88401972,44523624,257444,0,0,3216376
17:31:54,88639568,44721656,257444,0,0,2478664
17:31:55,88667552,44711248,257444,0,0,2492660
17:31:56,88365492,44363056,257444,0,0,2501072
17:31:57,88351324,44309968,257444,0,0,2501076
17:31:58,88385912,44307672,257444,0,0,2501076
17:31:59,88459292,44342112,257444,0,0,2501076
17:32:00,88398568,44241812,257444,0,0,2501144
17:32:01,88399444,44205884,257444,0,0,2501144
17:32:02,88416860,44190660,257444,0,0,2501144
17:32:03,88412340,44177840,257444,0,0,2501144
17:32:04,88418444,44183896,257444,0,0,2501268
17:32:05,88481860,44247208,257444,0,0,2501268
17:32:06,88483500,44248800,257444,0,0,2501268
17:32:07,88551900,44311996,257444,0,0,2501268
17:32:08,88555440,44277604,257444,0,0,2501268
17:32:09,88555548,44238612,257444,0,0,2501268
17:32:10,88560452,44205804,257444,0,0,2501268
17:32:11,88564824,44172128,257444,0,0,2501268
17:32:12,88548244,44118204,257444,0,0,2501268
17:32:13,88549928,44081156,257444,0,0,2501268
17:32:14,88545400,44039748,257444,0,0,2501268
17:32:15,88565392,44023432,257444,0,0,2501268
17:32:16,88570344,43992484,257444,0,0,2501268
17:32:17,88554248,43936368,257444,0,0,2501268
17:32:18,88552948,43897668,257444,0,0,2501268
17:32:19,88575480,43883788,257444,0,0,2501268
17:32:20,88595248,43863716,257444,0,0,2501268
17:32:21,88645724,43884944,257444,0,0,2501268
17:32:22,88621136,43821124,257444,0,0,2501268
17:32:23,88633140,43795376,257444,0,0,2501268
17:32:24,88628992,43753136,257444,0,0,2501268
17:32:25,88637148,43723936,257444,0,0,2501268
17:32:26,88631556,43678016,257444,0,0,2501268
17:32:27,88638088,43647668,257444,0,0,2501268
17:32:28,88627972,43599480,257444,0,0,2501268
17:32:29,88630012,43563236,257444,0,0,2501268
17:32:30,88636620,43532396,257444,0,0,2501268
17:32:31,88633456,43488968,257444,0,0,2501268
17:32:32,88611616,43428212,257444,0,0,2501268
17:32:33,88622908,43400696,257444,0,0,2501268
17:32:34,88619068,43367880,257444,0,0,2501268
17:32:35,88686080,43396080,257444,0,0,2501268
17:32:36,88680408,43355196,257444,0,0,2501268
17:32:37,88658016,43299972,257444,0,0,2501268
17:32:38,88664088,43268660,257444,0,0,2501268
17:32:40,88665808,43231988,257444,0,0,2501268
17:32:41,88604692,43132404,257444,0,0,2501268
17:32:42,88672328,43161516,257444,0,0,2501268
17:32:43,88665532,43115680,257444,0,0,2501268
17:32:44,88662992,43074228,257444,0,0,2501268
17:32:45,88668448,43040784,257444,0,0,2501268
17:32:46,88675556,43009608,257444,0,0,2501268
17:32:47,88681516,42979132,257444,0,0,2501268
17:32:48,88686024,42953092,257444,0,0,2501268
17:32:49,88693612,42921844,257444,0,0,2501268
17:32:50,88685060,42875524,257444,0,0,2501268
17:32:51,88688712,42840172,257444,0,0,2501268
17:32:52,88678300,42791552,257444,0,0,2501268
17:32:53,88700592,42776004,257444,0,0,2501268
17:32:54,88703536,42742124,257444,0,0,2501268
17:32:55,88707360,42706088,257444,0,0,2501268
17:32:56,88724328,42684048,257444,0,0,2501268
17:32:57,88720048,42640876,257444,0,0,2501268
17:32:58,88714584,42596428,257444,0,0,2501268
17:32:59,88713196,42556144,257444,0,0,2501268
17:33:00,88715764,42520548,257444,0,0,2501268
17:33:01,88714644,42483348,257444,0,0,2501268
17:33:02,88725068,42455216,257444,0,0,2501268
17:33:03,88713108,42404004,257444,0,0,2501268
17:33:04,88707956,42360372,257444,0,0,2501268
17:33:05,88713920,42327288,257444,0,0,2501268
17:33:06,88707492,42282944,257444,0,0,2501268
17:33:07,88703772,42240388,257444,0,0,2501268
17:33:08,88716732,42216472,257444,0,0,2501268
17:33:09,88711704,42172504,257444,0,0,2501268
17:33:10,88712528,42135368,257444,0,0,2501268
17:33:11,88445964,41829796,257444,0,0,2501268
17:33:12,88726068,42072972,257444,0,0,2501268
17:33:13,88716944,42025916,257444,0,0,2501268
17:33:14,88712520,41981396,257444,0,0,2501268
17:33:15,88712056,41942112,257444,0,0,2501268
17:33:16,88718424,41911376,257444,0,0,2501268
17:33:17,88702164,41855180,257444,0,0,2501268
17:33:18,88687644,41801728,257444,0,0,2501268
17:33:19,88683632,41758748,257444,0,0,2501268
17:33:20,88682444,41719876,257444,0,0,2501268
17:33:21,88676024,41674004,257444,0,0,2501268
17:33:22,88679580,41648352,257444,0,0,2501268
17:33:23,88683068,41612948,257444,0,0,2501268
17:33:24,88693176,41584136,257444,0,0,2501268
17:33:25,88695240,41548308,257444,0,0,2501268
17:33:26,88714880,41528996,257444,0,0,2501268
17:33:27,88715728,41491844,257444,0,0,2501268
17:33:28,88705756,41443916,257444,0,0,2501268
17:33:29,88706420,41406832,257444,0,0,2501268
17:33:30,88694304,41356340,257444,0,0,2501268
17:33:32,88698180,41321200,257444,0,0,2501268
17:33:33,88693460,41279060,257444,0,0,2501268
17:33:34,88679692,41235860,257444,0,0,2501268
17:33:35,88691372,41209640,257444,0,0,2501268
17:33:36,88704976,41183352,257444,0,0,2501268
17:33:37,88706940,41148252,257444,0,0,2501268
17:33:38,88710036,41114712,257444,0,0,2501268
17:33:39,88707172,41071744,257444,0,0,2501268
17:33:40,88711708,41037368,257444,0,0,2501268
17:33:41,88702176,40989868,257444,0,0,2501268
17:33:42,88698976,40947748,257444,0,0,2501268
17:33:43,88715044,40925644,257444,0,0,2501268
17:33:44,88708680,40889892,257444,0,0,2501268
17:33:45,88705268,40847680,257444,0,0,2501268
17:33:46,91751596,43855620,257444,0,0,2500264
17:33:47,93909836,45974080,257444,0,0,0
17:33:48,93907436,45933424,257444,0,0,0
17:33:49,93891236,45878268,257444,0,0,0
17:33:50,93902484,45852716,257444,0,0,0
17:33:51,93910412,45824024,257444,0,0,0
17:33:52,93913736,45789244,257444,0,0,0
17:33:53,93909120,45747724,257444,0,0,0
17:33:54,93912108,45709820,257444,0,0,0
17:33:55,93487392,45248132,257444,0,0,711532
17:33:56,93437580,45156700,257444,0,0,781668
17:33:57,93314464,44995332,257444,0,0,941100
17:33:58,92532312,44174124,257444,0,0,1239964
17:33:59,92721140,44325640,257444,0,0,1347204
17:34:00,92445752,44019148,257444,0,0,1613360
17:34:01,92245104,43780204,257444,0,0,1817044
17:34:02,92074996,43571488,257444,1,0,2012752
17:34:03,91953576,43411064,257444,0,0,2063832
17:34:04,91567108,42985884,257444,0,0,2035096
17:34:05,91471652,42852948,257444,0,0,2035096
17:34:06,91382984,42725228,257444,0,0,2035096
17:34:07,90564828,41867556,257444,0,0,2035288
17:34:08,90755428,42020224,257444,0,0,2035288
17:34:09,90534404,41760460,257444,0,0,2035288
17:34:10,90468340,41655516,257444,0,0,2035288
17:34:11,90422884,41581144,257444,0,0,2035288
17:34:12,90432064,41550680,257444,0,0,2035288
17:34:13,90481744,41563284,257444,0,0,2035288
17:34:14,89795368,40838036,257444,0,0,2035288
17:34:15,89126620,40128792,257444,0,0,2035288
17:34:16,89116412,40081756,257444,0,0,2035288
17:34:17,89112648,40040436,257444,0,0,2035288
17:34:18,89085840,39976192,257444,0,0,2035288
17:34:20,89247148,40099608,257444,0,0,2035288
17:34:21,89354248,40167188,257444,0,0,2035288
17:34:22,91982820,42767804,257444,0,0,1962576
17:34:23,93600324,44346924,257444,0,0,0
17:34:24,93588556,44296256,257444,0,0,0
17:34:25,93586164,44256412,257444,0,0,0
17:34:26,93611620,44244640,257444,0,0,0
17:34:27,93641480,44248552,257444,0,0,0
17:34:28,93665968,44244676,257444,0,0,0
17:34:29,93674556,44216684,257444,0,0,0
17:34:30,93665260,44168388,257444,0,0,0
17:34:31,93677928,44144092,257444,0,0,0
17:34:32,93685628,44111836,257444,0,0,0
17:34:33,93687852,44075072,257444,0,0,0
17:34:34,93713800,44062480,257444,0,0,0
17:34:35,93708144,44022600,257444,0,0,0
17:34:36,93721872,43998480,257444,0,0,0
17:34:37,93717908,43957748,257444,0,0,0
17:34:38,93731904,43931956,257444,0,0,0
17:34:39,93762288,43930796,257444,0,0,0
17:34:40,93778456,43909980,257444,0,0,0
17:34:41,93787472,43888424,257444,0,0,0
17:34:42,93787348,43850516,257444,0,0,0
17:34:43,93793024,43816228,257444,0,0,0
17:34:44,93868144,43854252,257444,0,0,0
17:34:45,93857964,43804136,257444,0,0,0
17:34:46,93866060,43773340,257444,0,0,0
17:34:47,93874612,43748040,257444,0,0,0
17:34:48,93871364,43718084,257444,0,0,0
17:34:49,93868556,43676748,257444,0,0,0
17:34:50,93874268,43643544,257444,0,0,0
17:34:51,93892912,43624184,257444,0,0,0
17:34:52,93889304,43587548,257444,0,0,0
17:34:53,93890000,43560328,257444,0,0,0
17:34:54,93882032,43524816,257444,0,0,0
17:34:55,93895152,43505348,257444,0,0,0
17:34:56,93904176,43476516,257444,0,0,0
17:34:57,93902708,43436064,257444,0,0,0
17:34:58,93899352,43394800,257444,0,0,0
17:34:59,93909028,43365620,257444,0,0,0
17:35:00,93918952,43336336,257444,0,0,0
17:35:01,93909124,43295008,257444,0,0,0
17:35:02,93915180,43268024,257444,0,0,0
17:35:03,93905772,43221044,257444,0,0,0
17:35:04,93903252,43180756,257444,0,0,0
17:35:05,93900300,43138744,257444,0,0,0
17:35:06,93899284,43098808,257444,0,0,0
17:35:07,93898988,43059980,257444,0,0,0
17:35:08,93904464,43026572,257444,0,0,0
17:35:09,93919924,43003152,257444,0,0,0
17:35:10,93911584,42958604,257444,0,0,0
17:35:11,93903784,42910156,257444,0,0,0
17:35:13,93919232,42887316,257444,0,0,0
17:35:14,93911596,42850876,257444,0,0,0
17:35:15,93904428,42803936,257444,0,0,0
17:35:16,93901036,42763740,257444,0,0,0
17:35:17,93904940,42727892,257444,0,0,0
17:35:18,93907864,42693748,257444,0,0,0
17:35:19,93894092,42641000,257444,0,0,0
17:35:20,93902780,42610512,257444,0,0,0
17:35:21,93904564,42574068,257444,0,0,0
17:35:22,93892080,42524092,257444,0,0,0
17:35:23,93901036,42494372,257444,0,0,0
17:35:24,93903644,42457740,257444,0,0,0
17:35:25,93913080,42428284,257444,0,0,0
17:35:26,93902472,42382056,257444,0,0,0
17:35:27,93901404,42349268,257444,0,0,0
17:35:28,93909936,42319792,257444,0,0,0
17:35:29,93905408,42276484,257444,0,0,0
17:35:30,93893064,42225088,257444,0,0,0
17:35:31,93891284,42184524,257444,0,0,0
17:35:32,93882348,42137652,257444,0,0,0
17:35:33,93887420,42105904,257444,0,0,0
17:35:34,93892044,42070656,257444,0,0,0
17:35:35,93892456,42033640,257444,0,0,0
17:35:36,93897404,41999148,257444,0,0,0
17:35:37,93895584,41967716,257444,0,0,0
17:35:38,93901972,41936488,257444,0,0,0
17:35:39,93885968,41881984,257444,0,0,0
17:35:40,93887668,41849332,257444,0,0,0
17:35:41,93878428,41802260,257444,0,0,0
17:35:42,93881456,41768420,257444,0,0,0
17:35:43,93882208,41730172,257444,0,0,0
17:35:44,93883796,41692900,257444,0,0,0
17:35:45,93880648,41651728,257444,0,0,0
17:35:46,93890624,41623340,257444,0,0,0
17:35:47,93898612,41593476,257444,0,0,0
17:35:48,93904080,41560024,257444,0,0,0
17:35:49,93903180,41521648,257444,0,0,0
17:35:50,93889748,41479752,257444,0,0,0
17:35:51,93888832,41439932,257444,0,0,0
17:35:52,93891024,41403248,257444,0,0,0
17:35:53,93896108,41369472,257444,0,0,0
17:35:54,93488236,40923596,257444,0,0,712444
17:35:55,93418260,40817872,257444,0,0,786652
17:35:56,93288276,40647872,257444,0,0,960572
17:35:57,92331856,39672396,257444,0,0,1268392
17:35:58,92696168,40036696,257444,0,0,1424096
17:35:59,92412072,39752552,257444,0,0,1656296
17:36:00,92197580,39538028,257444,0,0,1870904
17:36:01,92040100,39379888,257444,0,0,2031588
17:36:02,91909996,39236724,257444,0,0,2104220
17:36:03,91566556,38887060,257444,0,0,2045956
17:36:04,91522036,38841948,257444,0,0,2045956
17:36:06,91186008,38505956,257444,0,0,2046148
17:36:07,91143736,38463644,257444,0,0,2046148
17:36:08,90835324,38155184,257444,0,0,2046148
17:36:09,90581316,37901196,257444,0,0,2046148
17:36:10,90583452,37903324,257444,0,0,2046148
17:36:11,90525916,37845756,257444,0,0,2046148
17:36:12,90517524,37837348,257444,0,0,2046148
17:36:13,90463736,37783512,257444,0,0,2046148
17:36:14,89728768,37048008,257444,0,0,2046148
17:36:15,89744908,37064136,257444,0,0,2046148
17:36:16,89758400,37077588,257444,0,0,2046148
17:36:17,89753320,37072464,257444,0,0,2046148
17:36:18,89760612,37079744,257444,0,0,2046148
17:36:19,89754076,37073200,257444,0,0,2046148
17:36:20,89765832,37085004,257444,0,0,2046148
17:36:21,89756632,37075812,257444,0,0,2046148
17:36:22,89728824,37048068,257444,0,0,2046148
17:36:23,89726928,37046188,257444,0,0,2046148
17:36:24,89737220,37056456,257444,0,0,2046148
17:36:25,89634408,36953652,257444,0,0,2046148
17:36:26,89529356,36846388,257444,0,0,2046148
17:36:27,89558844,36874188,257444,0,0,2046148
17:36:28,89553696,36868036,257444,0,0,2046148
17:36:29,89546344,36855272,257444,0,0,2046148
17:36:30,89577580,36883980,257444,0,0,2046148
17:36:31,89558848,36862264,257444,1,0,2046148
17:36:32,89484104,36784876,257444,0,0,2046148
17:36:33,89493128,36790200,257444,0,0,2046148
17:36:34,89515964,36804932,257444,0,0,2046148
17:36:35,89541400,36826508,257444,0,0,2046148
17:36:36,89542068,36822608,257444,0,0,2046148
17:36:37,89539480,36815132,257444,0,0,2046148
17:36:38,89557360,36828128,257444,0,0,2046148
17:36:39,89558764,36829216,257444,0,0,2046148
17:36:40,89565636,36831224,257444,0,0,2046148
17:36:41,89593532,36854404,257444,0,0,2046148
17:36:42,89596480,36852536,257444,0,0,2046148
17:36:43,89600040,36851232,257444,0,0,2046148
17:36:44,89604940,36851564,257444,0,0,2046148
17:36:45,89617844,36864136,257444,0,0,2046148
17:36:46,89618492,36860020,257444,0,0,2046148
17:36:47,89608372,36845292,257444,0,0,2046148
17:36:48,89619880,36851920,257444,0,0,2046148
17:36:49,89624756,36856504,257444,0,0,2046148
17:36:50,89624624,36851644,257444,0,0,2046148
17:36:51,89626520,36848744,257444,0,0,2046148
17:36:52,89610052,36827452,257444,0,0,2046148
17:36:53,89588132,36798444,257444,0,0,2046148
17:36:55,89580544,36788440,257444,0,0,2046148
17:36:56,89569112,36776992,257444,0,0,2046148
17:36:57,89569908,36777788,257444,0,0,2046148
17:36:58,89548280,36756096,257444,0,0,2046868
17:36:59,89471988,36679752,257444,0,0,2046868
17:37:00,89432288,36535408,257444,0,0,2046868
17:37:01,89390432,36492180,257444,1,0,2046868
17:37:02,89417928,36517872,257444,0,0,2046868
17:37:03,89425040,36523540,257444,0,0,2046868
17:37:04,89384744,36481544,257444,0,0,2046868
17:37:05,89370764,36466248,257444,0,0,2046868
17:37:06,89381588,36475164,257444,0,0,2046868
17:37:07,89377708,36469420,257444,0,0,2046868
17:37:08,89357616,36447772,257444,0,0,2046876
17:37:09,89355168,36443624,257444,0,0,2046876
17:37:10,89355480,36441988,257444,0,0,2046876
17:37:11,89362852,36447660,257444,0,0,2046876
17:37:12,89365788,36448644,257444,0,0,2046876
17:37:13,89380228,36461284,257444,0,0,2046876
17:37:14,89376960,36456436,257444,0,0,2046876
17:37:15,89369548,36447904,257444,0,0,2046876
17:37:16,89369344,36445532,257444,0,0,2046876
17:37:17,89326292,36401184,257444,0,0,2046876
17:37:18,89284112,36357428,257444,0,0,2046904
17:37:19,89318072,36389044,257444,1,0,2046904
17:37:20,89319200,36388688,257444,0,0,2046904
17:37:21,89353144,36421176,257444,1,0,2046904
17:37:22,89347740,36414204,257444,0,0,2046904
17:37:23,89312112,36377376,257444,0,0,2046904
17:37:24,89303880,36367016,257444,0,0,2046904
17:37:25,89296896,36358892,257444,1,0,2046904
17:37:26,89311444,36371800,257444,0,0,2046904
17:37:27,89298680,36356948,257444,0,0,2046904
17:37:28,89301412,36358020,257444,0,0,2047020
17:37:29,89319224,36374100,257444,0,0,2047020
17:37:30,89323128,36377312,257444,0,0,2047020
17:37:31,89305572,36358372,257444,0,0,2047020
17:37:32,89261816,36313720,257444,0,0,2047020
17:37:33,89224024,36272364,257444,0,0,2047020
17:37:34,89018184,36049740,257444,0,0,2047020
17:37:35,89207768,36238024,257444,0,0,2047020
17:37:36,89218344,36248560,257444,0,0,2047020
17:37:37,89289932,36320160,257444,0,0,2047020
17:37:38,92203868,39234524,257444,0,0,1964012
17:37:39,93876704,40907424,257444,0,0,0
17:37:40,93885284,40916056,257444,0,0,0
17:37:41,93892852,40923640,257444,0,0,0
17:37:42,93901552,40932264,257444,0,0,0
17:37:43,93920676,40951360,257444,0,0,0
17:37:45,93923776,40954424,257444,0,0,0
17:37:46,93926580,40957260,257444,0,0,0
17:37:47,93925324,40956028,257444,0,0,0
17:37:48,93948908,40979660,257444,0,0,0
17:37:49,93946508,40977252,257444,0,0,0
17:37:50,93944872,40975624,257444,0,0,0
17:37:51,93947248,40978008,257444,0,0,0
17:37:52,93961400,40992068,257444,0,0,0
17:37:53,93953992,40984612,257444,0,0,0
17:37:54,93959040,40962396,257444,0,0,0
17:37:55,93962968,40965688,257444,0,0,0
17:37:56,93962036,40964700,257444,0,0,0
17:37:57,93960540,40963128,257444,0,0,0
17:37:58,93952856,40955476,257444,0,0,0
17:37:59,93956412,40958972,257444,0,0,0
17:38:00,93962668,40965204,257444,0,0,0
17:38:01,93741352,40743856,257444,0,0,431524
17:38:02,93501988,40504528,257444,0,0,744600
17:38:03,93466844,40469380,257444,0,0,798636
17:38:04,93341196,40343708,257444,0,0,989268
17:38:05,92326192,39328688,257444,0,0,1277344
17:38:06,92532764,39535252,257444,0,0,1549536
17:38:07,92233240,39235776,257444,0,0,1822060
17:38:08,92132740,39135276,257444,0,0,1940840
17:38:09,91942020,38944000,257444,0,0,2078104
17:38:10,91868608,38871108,257444,0,0,2054452
17:38:11,91779676,38782168,257444,0,0,2054452
17:38:12,91703064,38705516,257444,0,0,2054452
17:38:13,90797904,37800296,257444,0,0,2054648
17:38:14,90950488,37952832,257444,0,0,2054648
17:38:15,90835416,37837824,257444,0,0,2054648
17:38:16,90556084,37558484,257444,0,0,2054648
17:38:17,90516068,37518436,257444,0,0,2054648
17:38:18,90481808,37484152,257444,0,0,2054648
17:38:19,90484364,37486676,257444,0,0,2054648
17:38:20,90373424,37375656,257444,0,0,2054648
17:38:21,89719276,36720912,257444,0,0,2054648
17:38:22,89715480,36717076,257444,0,0,2054648
17:38:23,89692248,36693956,257444,0,0,2054648
17:38:24,89736868,36738564,257444,0,0,2054648
17:38:25,89723824,36725492,257444,0,0,2054648
17:38:26,89712068,36713704,257444,0,0,2054648
17:38:27,89701716,36703376,257444,0,0,2054648
17:38:28,89694328,36696024,257444,0,0,2054648
17:38:29,89693536,36695216,257444,0,0,2054648
17:38:30,89684032,36685740,257444,0,0,2054648
17:38:31,89683888,36685588,257444,0,0,2054648
17:38:32,89654836,36656356,257444,0,0,2054648
17:38:33,89575968,36574624,257444,0,0,2054648
17:38:35,89559592,36558040,257444,0,0,2054648
17:38:36,89575308,36571132,257444,0,0,2054648
17:38:37,89574160,36564512,257444,0,0,2054648
17:38:38,89547744,36536936,257444,0,0,2054648
17:38:39,89580612,36566456,257444,1,0,2054648
17:38:40,89574060,36557544,257444,0,0,2054648
17:38:41,89527820,36501832,257444,0,0,2054648
17:38:42,89482684,36454172,257444,0,0,2054648
17:38:43,89523400,36492312,257444,0,0,2054648
17:38:44,89524528,36488620,257444,0,0,2054648
17:38:45,89524332,36483588,257444,0,0,2054648
17:38:46,89529716,36484220,257444,0,0,2054648
17:38:47,89549660,36504168,257444,0,0,2054648
17:38:48,89555480,36505140,257444,0,0,2054648
17:38:49,89558320,36503200,257444,0,0,2054648
17:38:50,89596920,36537028,257444,0,0,2054648
17:38:51,89607260,36542760,257444,0,0,2054648
17:38:52,89603276,36534004,257444,0,0,2054648
17:38:53,89595476,36521360,257444,0,0,2054648
17:38:54,89591460,36517124,257444,0,0,2054648
17:38:55,89598716,36519860,257444,0,0,2054648
17:38:56,89595340,36511688,257444,0,0,2054648
17:38:57,89587424,36499316,257444,0,0,2054648
17:38:58,89600884,36507760,257444,0,0,2054648
17:38:59,89593880,36500508,257444,0,0,2054648
17:39:00,89597260,36499156,257444,0,0,2054648
17:39:01,89542160,36435244,257444,0,0,2054648
17:39:02,89519088,36411656,257444,0,0,2054648
17:39:03,89512680,36405240,257444,0,0,2054648
17:39:04,89508056,36400616,257444,0,0,2054648
17:39:05,89491832,36384384,257444,0,0,2054648
17:39:06,89341096,36131840,257444,0,0,2054648
17:39:07,89309348,36098488,257444,0,0,2054648
17:39:08,89315000,36102700,257444,0,0,2054648
17:39:09,89320792,36106452,257444,0,0,2054648
17:39:10,89360900,36145024,257444,0,0,2054648
17:39:11,89322896,36105464,257444,0,0,2054648
17:39:12,89315532,36096624,257444,0,0,2054648
17:39:13,89351184,36130112,257444,0,0,2054648
17:39:14,89342508,36119992,257444,0,0,2054648
17:39:15,89325464,36101188,257444,0,0,2054648
17:39:16,89359664,36133784,257444,0,0,2054648
17:39:17,89375260,36147448,257444,0,0,2054648
17:39:18,89341500,36111948,257444,0,0,2054648
17:39:19,89296600,36065072,257444,0,0,2054648
17:39:20,89339676,36106628,257444,0,0,2054648
17:39:21,89302872,36067780,257444,1,0,2054648
17:39:22,89309036,36072972,257444,0,0,2054648
17:39:24,89320784,36082620,257444,0,0,2054648
17:39:25,89291300,36051580,257444,0,0,2054648
17:39:26,89305888,36064540,257444,0,0,2054648
17:39:27,89290128,36046796,257444,0,0,2054648
17:39:28,89300416,36055640,257444,0,0,2054648
17:39:29,89294996,36048748,257444,0,0,2054648
17:39:30,89315300,36067464,257444,0,0,2054648
17:39:31,89320432,36071424,257444,0,0,2054648
17:39:32,89272988,36022052,257444,0,0,2054648
17:39:33,89280284,36028324,257444,0,0,2054648
17:39:34,89255480,36001336,257444,1,0,2054648
17:39:35,89245628,35990216,257444,0,0,2054648
17:39:36,89233372,35976212,257444,0,0,2054648
17:39:37,89227464,35968780,257444,0,0,2054648
17:39:38,89216916,35957308,257444,0,0,2054648
17:39:39,89181396,35920588,257444,0,0,2054648
17:39:40,89184180,35922380,257444,0,0,2054648
17:39:41,89183264,35918008,257444,0,0,2054648
17:39:42,89049872,35766916,257444,0,0,2054648
17:39:43,89026044,35741452,257444,0,0,2054648
17:39:44,89029328,35743484,257444,0,0,2054648
17:39:45,89032580,35745220,257444,1,0,2054648
17:39:46,89005804,35718152,257444,0,0,2054648
17:39:47,89202804,35915152,257444,0,0,2046552
17:39:48,89149364,35861644,257444,0,0,2144920
17:39:49,89031480,35743716,257444,0,0,2218088
17:39:50,88882980,35595236,257444,0,0,2434360
17:39:51,88733468,35445656,257444,0,0,2575424
17:39:52,88662848,35375044,257444,0,0,2601952
17:39:53,88601696,35313964,257444,0,0,2623372
17:39:54,88550832,35263068,257444,0,0,2654500
17:39:55,87643808,34356068,257444,0,0,3378276
17:39:56,88399004,35111308,257444,0,0,2518700
17:39:57,88409312,35121600,257444,0,0,2518700
17:39:58,88485108,35197404,257444,0,0,2518700
17:39:59,88486772,35199044,257444,0,0,2518700
17:40:00,88523920,35236176,257444,0,0,2518700
17:40:01,88537548,35249860,257444,0,0,2518700
17:40:02,88542976,35255240,257444,0,0,2518700
17:40:03,88554692,35266916,257444,0,0,2518700
17:40:04,88558700,35270884,257444,0,0,2518728
17:40:05,88565460,35277680,257444,0,0,2518728
17:40:06,88584484,35296656,257444,0,0,2518728
17:40:07,88591984,35304164,257444,0,0,2518728
17:40:08,88653788,35366000,257444,0,0,2518728
17:40:09,88733560,35445756,257444,0,0,2518728
17:40:10,88743936,35456176,257444,0,0,2518728
17:40:11,88743404,35455680,257444,0,0,2518728
17:40:12,88748716,35460976,257444,0,0,2518728
17:40:13,88754132,35466372,257444,0,0,2518728
17:40:15,88752188,35464408,257444,0,0,2518728
17:40:16,88748536,35460796,257444,0,0,2518728
17:40:17,88757440,35469764,257444,0,0,2518728
17:40:18,88759272,35471492,257444,0,0,2518728
17:40:19,88758352,35470564,257444,0,0,2518728
17:40:20,88709060,35421224,257444,0,0,2518964
17:40:21,88678136,35389392,257444,0,0,2518980
17:40:22,88678508,35389788,257444,0,0,2518984
17:40:23,88680332,35391680,257444,0,0,2518984
17:40:24,88707316,35418620,257444,0,0,2518988
17:40:25,88707412,35418740,257444,0,0,2518988
17:40:26,88710736,35422072,257444,0,0,2519032
17:40:27,88715020,35426376,257444,0,0,2519160
17:40:28,88728292,35439672,257444,0,0,2519164
17:40:29,88728848,35440164,257444,0,0,2519164
17:40:30,88742404,35453696,257444,0,0,2519168
17:40:31,88747628,35458976,257444,0,0,2519184
17:40:32,88761272,35472604,257444,0,0,2519184
17:40:33,88766752,35478068,257444,0,0,2519184
17:40:34,88768040,35479436,257444,0,0,2519184
17:40:35,88768332,35479696,257444,0,0,2519184
17:40:36,88768160,35479508,257444,0,0,2519204
17:40:37,88768920,35480244,257444,0,0,2519204
17:40:38,88774040,35485312,257444,0,0,2519204
17:40:39,88779360,35490672,257444,0,0,2519204
17:40:40,88774452,35485760,257444,0,0,2519212
17:40:41,88779044,35490344,257444,0,0,2519212
17:40:42,88778016,35489284,257444,0,0,2519212
17:40:43,88776156,35487372,257444,0,0,2519212
17:40:44,88781424,35492680,257444,0,0,2519212
17:40:45,88790116,35501332,257444,0,0,2519220
17:40:46,88795124,35506336,257444,0,0,2519220
17:40:47,88797432,35508672,257444,0,0,2519220
17:40:48,88795276,35506548,257444,0,0,2519220
17:40:49,88798236,35509476,257444,0,0,2519220
17:40:50,88807432,35518564,257444,0,0,2519220
17:40:51,88812872,35523996,257444,0,0,2519220
17:40:52,88814224,35525300,257444,0,0,2519220
17:40:53,88812784,35523852,257444,0,0,2519220
17:40:54,88812676,35523760,257444,0,0,2519220
17:40:55,88817072,35528156,257444,0,0,2519220
17:40:56,88819360,35530408,257444,0,0,2519220
17:40:57,88827840,35538968,257444,0,0,2519220
17:40:58,88830668,35541832,257444,0,0,2519220
17:40:59,88825916,35537056,257444,0,0,2519220
17:41:00,88823388,35534492,257444,0,0,2519220
17:41:01,88816888,35527976,257444,0,0,2519220
17:41:02,88819268,35530348,257444,0,0,2519220
17:41:03,88815956,35526996,257444,0,0,2519220
17:41:04,88813268,35524296,257444,0,0,2519220
17:41:05,88816664,35527724,257444,0,0,2519220
17:41:06,88807824,35518828,257444,0,0,2519220
17:41:07,88813264,35524292,257444,0,0,2519220
17:41:09,88815956,35526968,257444,0,0,2519220
17:41:10,88817808,35528820,257444,0,0,2519220
17:41:11,88820728,35531748,257444,0,0,2519220
17:41:12,88823912,35534968,257444,0,0,2519220
17:41:13,88821624,35532624,257444,0,0,2519220
17:41:14,88823128,35534136,257444,0,0,2519220
17:41:15,88822252,35533244,257444,0,0,2519220
17:41:16,88547788,35258808,257444,0,0,2524784
17:41:17,88545372,35256244,257444,0,0,2524992
17:41:18,88527876,35238792,257444,0,0,2542716
17:41:19,88527356,35238276,257444,0,0,2542716
17:41:20,88525396,35236244,257444,0,0,2542716
17:41:21,88524000,35234848,257444,0,0,2542716
17:41:22,88524444,35235256,257444,0,0,2542716
17:41:23,88532672,35243472,257444,0,0,2542716
17:41:24,88537724,35248528,257444,0,0,2542716
17:41:25,88539944,35250756,257444,0,0,2542716
17:41:26,88540644,35251428,257444,0,0,2542716
17:41:27,88531544,35242324,257444,0,0,2542716
17:41:28,88529756,35240540,257444,0,0,2542716
17:41:29,88546996,35257776,257444,0,0,2542716
17:41:30,88544688,35255476,257444,0,0,2542716
17:41:31,88544756,35255544,257444,0,0,2542716
17:41:32,88539300,35250088,257444,0,0,2542716
17:41:33,88539956,35250800,257444,0,0,2542716
17:41:34,88534216,35245092,257444,0,0,2542716
17:41:35,88536056,35246908,257444,0,0,2542716
17:41:36,88542512,35253380,257444,0,0,2542716
17:41:37,88548916,35259776,257444,0,0,2542716
17:41:38,88548908,35259752,257444,0,0,2542716
17:41:39,88551512,35262264,257444,0,0,2542716
17:41:40,88555360,35266124,257444,0,0,2542716
17:41:41,88554272,35264996,257444,0,0,2542716
17:41:42,88627144,35337832,257444,0,0,2542716
17:41:43,91792348,38503100,257444,0,0,2542712
17:41:44,91792644,38502344,257444,0,0,2542712
17:41:45,91795936,38505636,257444,0,0,2542712
17:41:46,93966516,40676196,257444,0,0,0
17:41:47,93976556,40686272,257444,0,0,0
17:41:48,93974748,40684568,257444,0,0,0
17:41:49,93972772,40682556,257444,0,0,0
17:41:50,93964236,40674092,257444,0,0,0
17:41:51,93970412,40680248,257444,0,0,0
17:41:52,93981380,40691208,257444,0,0,0
17:41:53,93982248,40692132,257444,0,0,0
17:41:54,93977784,40687620,257444,0,0,0
17:41:55,93975956,40685792,257444,0,0,0
17:41:56,93975428,40685288,257444,0,0,0
17:41:57,93971916,40681752,257444,0,0,0
17:41:58,93970052,40679860,257444,0,0,0
17:41:59,93571700,40281492,257444,0,0,0
17:42:00,93463824,40173548,257444,0,0,0
17:42:01,93706692,40416416,257444,0,0,0
17:42:02,93494072,40203796,257444,0,0,0
17:42:04,93439008,40148692,257444,0,0,0
17:42:05,93616544,40326168,257444,0,0,0
17:42:06,93448656,40158288,257444,0,0,0
17:42:07,92913048,39622740,257444,0,0,0
17:42:08,90220280,36913096,257444,0,0,0
17:42:09,90149964,36841160,257444,0,0,0
17:42:10,90115048,36804252,257444,1,0,0
17:42:11,90087696,36775928,257444,0,0,0
17:42:12,90060088,36747000,257444,0,0,0
17:42:13,90026716,36712892,257444,0,0,0
17:42:14,90003180,36687688,257444,0,0,0
17:42:15,89982700,36665052,257444,1,0,0
17:42:16,90002884,36683608,257444,0,0,0
17:42:17,90018540,36696828,257444,0,0,0
17:42:18,89991060,36667564,257444,0,0,0
17:42:19,90005732,36680728,257444,1,0,0
17:42:20,89980024,36653424,257444,0,0,0
17:42:21,90016168,36687936,257444,1,0,0
17:42:22,90037980,36707620,257444,0,0,0
17:42:23,89824668,36493032,257444,0,0,0
17:42:24,89796240,36463416,257444,0,0,0
17:42:25,89870968,36538104,257444,0,0,0
17:42:26,89853240,36520368,257444,0,0,0
17:42:27,89855248,36522520,257444,0,0,0
17:42:28,89862224,36529460,257444,0,0,0
17:42:29,89868948,36536128,257444,0,0,0
17:42:30,89875660,36542824,257444,0,0,0
17:42:31,89875728,36542904,257444,0,0,0
17:42:32,89877752,36544928,257444,0,0,0
17:42:33,89866276,36533308,257444,0,0,0
17:42:34,89869836,36536972,257444,0,0,0
17:42:35,89869456,36536592,257444,0,0,0
17:42:36,89876088,36543240,257444,0,0,0
17:42:37,89874736,36541912,257444,0,0,0
17:42:38,89906016,36573196,257444,0,0,0
17:42:39,89905192,36572396,257444,0,0,0
17:42:40,89908600,36575764,257444,0,0,0
17:42:41,89908768,36575932,257444,0,0,0
17:42:42,89905776,36572868,257444,0,0,0
17:42:43,89904488,36571572,257444,0,0,0
17:42:44,89913592,36580676,257444,0,0,0
17:42:45,89916096,36583172,257444,0,0,0
17:42:46,89914656,36581748,257444,0,0,0
17:42:47,89912064,36579100,257444,0,0,0
17:42:48,89909068,36576096,257444,0,0,0
17:42:49,89907824,36574860,257444,0,0,0
17:42:50,89909272,36576324,257444,0,0,0
17:42:51,89908476,36575528,257444,0,0,0
17:42:52,89912756,36579836,257444,0,0,0
17:42:53,89904300,36571452,257444,0,0,0
17:42:54,89908132,36575304,257444,0,0,0
17:42:55,89913172,36580336,257444,0,0,0
17:42:56,89913056,36580260,257444,0,0,0
17:42:58,89911768,36578956,257444,0,0,0
17:42:59,89919288,36586420,257444,0,0,0
17:43:00,89923568,36590676,257444,0,0,0
17:43:01,89923824,36590916,257444,0,0,0
17:43:02,89766932,36434040,257444,0,0,0
17:43:03,89772000,36439112,257444,0,0,0
17:43:04,89771356,36438448,257444,0,0,0
17:43:05,89772180,36439248,257444,0,0,0
17:43:06,89778236,36445368,257444,0,0,0
17:43:07,89783472,36450620,257444,0,0,0
17:43:08,89786024,36453188,257444,0,0,0
17:43:09,89767196,36434404,257444,0,0,0
17:43:10,89764196,36431384,257444,0,0,0
17:43:11,89761116,36428304,257444,0,0,0
17:43:12,89764196,36431400,257444,0,0,0
17:43:13,89762796,36429864,257444,0,0,0
17:43:14,89771080,36438144,257444,0,0,0
17:43:15,89770160,36437192,257444,0,0,0
17:43:16,89772952,36439968,257444,0,0,0
17:43:17,89772200,36439164,257444,0,0,0
17:43:18,89775348,36442412,257444,0,0,0
17:43:19,89769376,36436440,257444,0,0,0
17:43:20,89776940,36443960,257444,0,0,0
17:43:21,89779728,36446724,257444,0,0,0
17:43:22,89780540,36447496,257444,0,0,0
17:43:23,89778332,36445304,257444,0,0,0
17:43:24,89781100,36448064,257444,0,0,0
17:43:25,89778944,36445888,257444,0,0,0
17:43:26,89776804,36443792,257444,0,0,0
17:43:27,89781184,36448172,257444,0,0,0
17:43:28,89722368,36389324,257444,0,0,0
17:43:29,89714932,36381944,257444,0,0,0
17:43:30,89731356,36398376,257444,0,0,0
17:43:31,89734264,36401268,257444,0,0,0
17:43:32,89746796,36413800,257444,0,0,0
17:43:33,89743072,36410088,257444,0,0,0
17:43:34,89708264,36374784,257444,0,0,0
17:43:35,89629152,36293912,257444,0,0,0
17:43:36,89576684,36240784,257444,0,0,0
17:43:37,89580092,36242996,257444,0,0,0
17:43:38,89620688,36283068,257444,0,0,0
17:43:39,89645280,36307732,257444,0,0,0
17:43:40,89647212,36309664,257444,0,0,0
17:43:41,89645464,36307908,257444,0,0,0
17:43:42,89651304,36313780,257444,0,0,0
17:43:43,89662496,36324964,257444,0,0,0
17:43:44,89665944,36327968,257444,0,0,0
17:43:45,89650232,36311372,257444,0,0,0
17:43:46,89643968,36304132,257444,0,0,0
17:43:47,89640068,36298888,257444,0,0,0
17:43:48,89641856,36300676,257444,0,0,0
17:43:49,89628140,36286976,257444,0,0,0
17:43:50,89642156,36301008,257444,0,0,0
17:43:51,89645348,36304184,257444,0,0,0
17:43:52,89648512,36307324,257444,0,0,0
17:43:54,89658080,36316848,257444,0,0,0
17:43:55,89666584,36325300,257444,0,0,0
17:43:56,89673816,36332532,257444,0,0,0
17:43:57,89681356,36340016,257444,0,0,0
17:43:58,89681416,36340112,257444,0,0,0
17:43:59,89686404,36345176,257444,0,0,0
17:44:00,89689680,36348408,257444,0,0,0
17:44:01,89687528,36346280,257444,0,0,0
17:44:02,89671056,36329776,257444,0,0,0
17:44:03,89673600,36332004,257444,0,0,0
17:44:04,89677876,36336112,257444,0,0,0
17:44:05,89669892,36328120,257444,0,0,0
17:44:06,89670236,36328424,257444,0,0,0
17:44:07,89662708,36320936,257444,0,0,0
17:44:08,89659336,36317536,257444,0,0,0
17:44:09,89654564,36312780,257444,0,0,0
17:44:10,89659564,36317716,257444,0,0,0
17:44:11,89663984,36322096,257444,0,0,0
17:44:12,89661464,36319520,257444,0,0,0
17:44:13,89661000,36319152,257444,0,0,0
17:44:14,89655604,36313636,257444,0,0,0
17:44:15,89665484,36323588,257444,0,0,0
17:44:16,89664908,36322972,257444,0,0,0
17:44:17,89676932,36335028,257444,0,0,0
17:44:18,89669528,36327592,257444,0,0,0
17:44:19,89668144,36326184,257444,0,0,0
17:44:20,89668580,36326656,257444,0,0,0
17:44:21,89663988,36322132,257444,0,0,0
17:44:22,89661864,36320032,257444,0,0,0
17:44:23,89663376,36321504,257444,0,0,0
17:44:24,89451060,36109160,257444,0,0,0
17:44:25,89308884,35966572,257444,0,0,0
17:44:26,89287476,35943312,257444,0,0,0
17:44:27,89128776,35784532,257444,0,0,0
17:44:28,89094028,35749740,257444,0,0,0
17:44:29,89091672,35747448,257444,0,0,0
17:44:30,89084336,35740088,257444,0,0,0
17:44:31,89089508,35745248,257444,0,0,0
17:44:32,89096672,35752400,257444,0,0,0
17:44:33,89095992,35751720,257444,0,0,0
17:44:34,89101184,35756920,257444,0,0,0
17:44:35,89105544,35761308,257444,0,0,0
17:44:36,89116980,35772792,257444,0,0,0
17:44:37,89118140,35773896,257444,0,0,0
17:44:38,89123136,35778860,257444,0,0,0
17:44:39,89123488,35779188,257444,0,0,0
17:44:40,89123876,35779560,257444,0,0,0
17:44:41,89130248,35785996,257444,0,0,0
17:44:42,89131832,35787604,257444,0,0,0
17:44:43,89133300,35789024,257444,0,0,0
17:44:44,89136984,35792708,257444,0,0,0
17:44:45,89135160,35790884,257444,0,0,0
17:44:46,89137192,35792884,257444,0,0,0
17:44:48,89138412,35794080,257444,0,0,0
17:44:49,89095532,35750376,257444,0,0,0
17:44:50,88884480,35538756,257444,0,0,0
17:44:51,88757008,35410352,257444,0,0,0
17:44:52,88736852,35387916,257444,0,0,0
17:44:53,88596004,35246972,257444,0,0,0
17:44:54,88590776,35241724,257444,0,0,0
17:44:55,88629648,35280592,257444,0,0,0
17:44:56,88619724,35270780,257444,0,0,0
17:44:57,88609228,35260236,257444,0,0,0
17:44:58,88598884,35249852,257444,0,0,0
17:44:59,88599200,35250132,257444,0,0,0
17:45:00,88600836,35251820,257444,0,0,0
17:45:01,88608988,35260004,257444,0,0,0
17:45:02,88605656,35256704,257444,0,0,0
17:45:03,88612928,35264024,257444,0,0,0
17:45:04,88617976,35269080,257444,0,0,0
17:45:05,88620568,35271664,257444,0,0,0
17:45:06,88611696,35262776,257444,0,0,0
17:45:07,88620244,35271308,257444,0,0,0
17:45:08,88620356,35271468,257444,0,0,0
17:45:09,88621064,35272144,257444,0,0,0
17:45:10,88621816,35272872,257444,0,0,0
17:45:11,88625284,35276332,257444,0,0,0
17:45:12,88629892,35280900,257444,0,0,0
17:45:13,88629020,35280060,257444,0,0,0
17:45:14,88632244,35283276,257444,0,0,0
17:45:15,88659376,35310380,257444,0,0,0
17:45:16,88649740,35300744,257444,0,0,0
17:45:17,88652648,35303684,257444,0,0,0
17:45:18,88655204,35306208,257444,0,0,0
17:45:19,88649400,35300428,257444,0,0,0
17:45:20,88650308,35301328,257444,0,0,0
17:45:21,88660144,35311172,257444,0,0,0
17:45:22,88660564,35311576,257444,0,0,0
17:45:23,88665904,35316892,257444,0,0,0
17:45:24,88665204,35316144,257444,0,0,0
17:45:25,88666612,35317536,257444,0,0,0
17:45:26,88666456,35317420,257444,0,0,0
17:45:27,88671996,35322944,257444,0,0,0
17:45:28,88669708,35320664,257444,0,0,0
17:45:29,88669020,35319960,257444,0,0,0
17:45:30,88670308,35321224,257444,0,0,0
17:45:31,88672312,35323252,257444,0,0,0
17:45:32,88672408,35323332,257444,0,0,0
17:45:33,88669944,35320868,257444,0,0,0
17:45:34,88668456,35319380,257444,0,0,0
17:45:35,88669216,35320172,257444,0,0,0
17:45:36,88670856,35321808,257444,0,0,0
17:45:37,88672444,35323412,257444,0,0,0
17:45:38,88671040,35322012,257444,0,0,0
17:45:39,88673400,35324388,257444,0,0,0
17:45:40,88672752,35323756,257444,0,0,0
17:45:41,88680268,35331268,257444,0,0,0
17:45:42,88683300,35334248,257444,0,0,0
17:45:44,88682784,35333692,257444,0,0,0
17:45:45,88686084,35337020,257444,0,0,0
17:45:46,88686264,35337164,257444,0,0,0
17:45:47,88673128,35323996,257444,0,0,0
17:45:48,88673748,35324608,257444,0,0,0
17:45:49,88674600,35325436,257444,0,0,0
17:45:50,88686640,35337508,257444,0,0,0
17:45:51,88684140,35335064,257444,0,0,0
17:45:52,88673164,35324032,257444,0,0,0
17:45:53,88670864,35321716,257444,0,0,0
17:45:54,88669860,35320680,257444,0,0,0
17:45:55,88671096,35321924,257444,0,0,0
17:45:56,88672068,35322944,257444,0,0,0
17:45:57,88665308,35316240,257444,0,0,0
17:45:58,88664336,35315264,257444,0,0,0
17:45:59,88662572,35313508,257444,0,0,0
17:46:00,88662528,35313408,257444,0,0,0
17:46:01,88663156,35313968,257444,0,0,0
17:46:02,88672248,35323144,257444,0,0,0
17:46:03,88672728,35323592,257444,0,0,0
17:46:04,88671944,35322840,257444,0,0,0
17:46:05,88672544,35323356,257444,0,0,0
17:46:06,88669812,35320612,257444,0,0,0
17:46:07,88680376,35331168,257444,0,0,0
17:46:08,88679372,35330164,257444,0,0,0
17:46:09,88677592,35328400,257444,0,0,0
17:46:10,88680448,35331264,257444,0,0,0
17:46:11,88681208,35331980,257444,0,0,0
17:46:12,88687124,35337884,257444,0,0,0
17:46:13,88688064,35338852,257444,0,0,0
17:46:14,88687196,35337956,257444,0,0,0
17:46:15,88689028,35339792,257444,0,0,0
17:46:16,88691008,35341792,257444,0,0,0
17:46:17,88688488,35339240,257444,0,0,0
17:46:18,88695416,35346216,257444,0,0,0
17:46:19,88700604,35351436,257444,0,0,0
17:46:20,88700772,35351548,257444,0,0,0
17:46:21,88697240,35348020,257444,0,0,0
17:46:22,88700160,35350892,257444,0,0,0
17:46:23,88699408,35350140,257444,0,0,0
17:46:24,88698432,35349136,257444,0,0,0
17:46:25,88699480,35350196,257444,0,0,0
17:46:26,88698908,35349620,257444,0,0,0
17:46:27,88694892,35345592,257444,0,0,0
17:46:28,88697152,35347884,257444,0,0,0
17:46:29,88697196,35347948,257444,0,0,0
17:46:30,88707320,35358108,257444,0,0,0
17:46:31,88706608,35357364,257444,0,0,0
17:46:32,88696472,35347248,257444,0,0,0
17:46:33,88692944,35343760,257444,0,0,0
17:46:34,88691328,35342112,257444,0,0,0
17:46:35,88686896,35337672,257444,0,0,0
17:46:36,88682080,35332896,257444,0,0,0
17:46:37,88686000,35336800,257444,0,0,0
17:46:38,93956584,40607276,257444,0,0,0
17:46:39,93954560,40605264,257444,0,0,0
17:46:40,93951292,40032392,257444,0,0,0
17:46:42,93901232,38182836,257444,0,0,0
17:46:43,93868832,36474328,257444,0,0,0
17:46:44,93876136,35969604,257444,0,0,0
17:46:45,93886128,35979468,257444,0,0,0
17:46:46,93932460,36025396,257444,0,0,0
17:46:47,93922180,36015056,257444,0,0,0
17:46:48,93924848,36017684,257444,0,0,0
17:46:49,93928228,36021000,257444,0,0,0
17:46:50,93927212,36019992,257444,0,0,0
17:46:51,93931636,36024400,257444,0,0,0
17:46:52,93925592,36018328,257444,0,0,0
17:46:53,93949528,36042116,257444,0,0,0
17:46:54,93944628,36037240,257444,0,0,0
17:46:55,93943440,36036052,257444,0,0,0
17:46:56,93956684,36049340,257444,0,0,0
17:46:57,93941372,36034044,257444,0,0,0
17:46:58,93946396,36039076,257444,0,0,0
17:46:59,93943172,36035684,257444,0,0,0
17:47:00,93945984,36038496,257444,0,0,0
17:47:01,93942716,36035236,257444,0,0,0
17:47:02,93929240,36021768,257444,0,0,0
17:47:03,93927600,36020048,257444,0,0,0
17:47:04,93926088,36018536,257444,0,0,0
17:47:05,93930024,36022432,257444,0,0,0
17:47:06,93933668,36026008,257444,0,0,0
17:47:07,93915284,36007612,257444,0,0,0
17:47:08,93931432,36023840,257444,0,0,0
17:47:09,93930072,36022464,257444,0,0,0
17:47:10,93943348,36035800,257444,0,0,0
17:47:11,93943796,36036232,257444,0,0,0
17:47:12,93947664,36040092,257444,0,0,0
17:47:13,93948668,36041072,257444,0,0,0
17:47:14,93927268,36016592,257444,0,0,0
17:47:15,93937276,36026512,257444,0,0,0
17:47:16,93932128,36020860,257444,0,0,0
17:47:17,93930860,36019600,257444,0,0,0
17:47:18,93931924,36020596,257444,0,0,0
17:47:19,93931484,36020108,257444,0,0,0
17:47:20,93937324,36026012,257444,0,0,0
17:47:21,93942744,36031240,257444,0,0,0
