[tensorfold] loading bench: Qwen3.8 dense (qwen3_5) on CUDA, rank 0 of 2
/usr/local/lib/python3.12/dist-packages/torch/distributed/c10d_logger.py:83: FutureWarning: `torch.distributed.all_gather_into_tensor` is deprecated. Please use `torch.distributed.all_gather_single` instead.
  return func(*args, **kwargs)
spark:247:247 [0] NCCL INFO ncclOsDlopen(libnccl-env.so) failed: libnccl-env.so: cannot open shared object file: No such file or directory
spark:247:247 [0] NCCL INFO ENV/Plugin: Could not find: libnccl-env.so
spark:247:247 [0] NCCL INFO NCCL_SOCKET_IFNAME set to enp1s0f1np1
spark:247:247 [0] NCCL INFO cudaDriverVersion 13030
spark:247:247 [0] NCCL INFO NCCL version 2.30.7+cuda13.3
spark:247:247 [0] NCCL INFO NCCL git version HEAD a5187fa2e
spark:247:247 [0] NCCL INFO NCCL_NET_PLUGIN set by environment to spcx
spark:247:247 [0] NCCL INFO ncclOsDlopen(spcx) failed: spcx: cannot open shared object file: No such file or directory
spark:247:247 [0] NCCL INFO NET/Plugin: Loaded net plugin SPCX (v12)
spark:247:247 [0] NCCL INFO NET/Plugin: Loaded collnet plugin SPCX (v12)
spark:247:247 [0] NCCL INFO Successfully loaded external network plugin /opt/hpcx/nccl_spectrum-x_plugin/lib/libnccl-net-spcx.so
spark:247:247 [0] NCCL INFO Registering new plugin entry for commId: 1442027525503447292
spark:247:247 [0] NCCL INFO Plugin Path : /opt/hpcx/nccl_spectrum-x_plugin/lib/libnccl-net-spcx.so (SPCX Ver. 1.4-0)
spark:247:247 [0] NCCL INFO NCCL_SOCKET_IFNAME set to enp1s0f1np1
spark:247:247 [0] NCCL INFO NCCL_IB_HCA set to rocep1s0f1
spark:247:247 [0] NCCL INFO NET/DEVX : device:rocep1s0f0 hcaCaps=0xd
spark:247:247 [0] NCCL INFO NET/DEVX : device:rocep1s0f1 hcaCaps=0xd

[2026-09-29 20:07:33] spark:247:247 [0] init.cc:449 NCCL WARN Spectrum-X (SPCX) NCCL plugin is not supported on device:rocep1s0f1, skipping ..
spark:247:247 [0] NCCL INFO NET/DEVX : device:roceP2p1s0f0 hcaCaps=0xd
spark:247:247 [0] NCCL INFO NET/DEVX : device:roceP2p1s0f1 hcaCaps=0xd
spark:247:247 [0] NCCL INFO NET/IB : No device found.
spark:247:247 [0] NCCL INFO NET/IB : Using [RO]; OOB enp1s0f1np1:192.168.100.1<0>
spark:247:247 [0] NCCL INFO Failed to initialize NET plugin SPCX
spark:247:247 [0] NCCL INFO Deregistering plugin entry for commId: 1442027525503447292
spark:247:247 [0] NCCL INFO NCCL_IB_HCA set to rocep1s0f1

[2026-09-29 20:07:33] spark:247:247 [0] misc/ibvwrap.cc:402 (wrap_ibv_query_port_speed) NCCL WARN Call to ibv_query_port_speed failed with error Protocol not supported errno 93
spark:247:247 [0] NCCL INFO NET/IB: [1] rocep1s0f1:uverbs1:1/RoCE provider=Mlx5 speed=200000 context=0x40321530 pciPath=/sys/devices/pci0000:00/0000:00:00.0/0000:01:00.0 ar=0 oooRqSize=0
spark:247:247 [0] NCCL INFO NET/IB : Made virtual device [0] name=rocep1s0f1 speed=200000 ndevs=1 rail=-1 plane=-1
spark:247:247 [0] NCCL INFO NET/IB : Using [0]rocep1s0f1:1/RoCE [RO]; OOB enp1s0f1np1:192.168.100.1<0>
spark:247:247 [0] NCCL INFO Initialized NET plugin IB
spark:247:247 [0] NCCL INFO Assigned NET plugin IB to comm
spark:247:247 [0] NCCL INFO ncclOsDlopen(libnccl-rma.so) failed: libnccl-rma.so: cannot open shared object file: No such file or directory
spark:247:247 [0] NCCL INFO RMA/Plugin: Could not find: libnccl-rma.so
spark:247:247 [0] NCCL INFO RMA/Plugin: Failed to load external plugin /opt/hpcx/nccl_spectrum-x_plugin/lib/libnccl-net-spcx.so, dlHandle: (nil), ncclRma: (nil)
spark:247:247 [0] NCCL INFO RMA/Plugin: Loaded rma plugin SPCX_RMA (v13)
spark:247:247 [0] NCCL INFO RMA/Plugin: Successfully loaded external plugin /opt/hpcx/nccl_spectrum-x_plugin/lib/libnccl-net-spcx.so
spark:247:247 [0] NCCL INFO Registering new plugin entry for commId: 1442027525503447292
spark:247:247 [0] NCCL INFO Plugin Path : /opt/hpcx/nccl_spectrum-x_plugin/lib/libnccl-net-spcx.so (SPCX Ver. 1.4-0)
spark:247:247 [0] NCCL INFO GIN: no IB devices found
spark:247:247 [0] NCCL INFO plugin/rma/rma_v13.cc:18 (ncclRma_init) -> 3
spark:247:247 [0] NCCL INFO RMA/Plugin: Assigned plugin RMA_IB_PROXY to comm
spark:247:247 [0] NCCL INFO ncclOsDlopen(libnccl-gin.so) failed: libnccl-gin.so: cannot open shared object file: No such file or directory
spark:247:247 [0] NCCL INFO GIN/Plugin: Could not find: libnccl-gin.so
spark:247:247 [0] NCCL INFO GIN/Plugin: Failed to load external plugin /opt/hpcx/nccl_spectrum-x_plugin/lib/libnccl-net-spcx.so, dlHandle: (nil), ncclGin: (nil)
spark:247:247 [0] NCCL INFO GIN/Plugin: Loaded gin plugin SPCX_GIN (v13)
spark:247:247 [0] NCCL INFO GIN/Plugin: Successfully loaded external plugin /opt/hpcx/nccl_spectrum-x_plugin/lib/libnccl-net-spcx.so
spark:247:247 [0] NCCL INFO Plugin Path : /opt/hpcx/nccl_spectrum-x_plugin/lib/libnccl-net-spcx.so (SPCX Ver. 1.4-0)
spark:247:247 [0] NCCL INFO GIN: no IB devices found
spark:247:247 [0] NCCL INFO GIN/Plugin: Assigned plugin GIN_IB_GDAKI type 3 to comm
spark:247:247 [0] NCCL INFO Using network IB
spark:247:247 [0] NCCL INFO Loaded NVML from libnvidia-ml.so.1
spark:247:247 [0] NCCL INFO [Rank 0] ncclCommInitRankConfig comm 0x3d6f3f10 rank 0 nranks 2 cudaDev 0 nvmlDev 0 busId f01000 commId 0x14031c64edf7f0fc - Init START
spark:247:247 [0] NCCL INFO RAS client listening socket at 127.0.0.1<28028>
spark:247:247 [0] NCCL INFO NET/GIN_IB_GDAKI : GPU Direct RDMA Disabled for HCA 0 'rocep1s0f1'
spark:247:247 [0] NCCL INFO NET/RMA_IB_PROXY : GPU Direct RDMA Disabled for HCA 0 'rocep1s0f1'
spark:247:247 [0] NCCL INFO NET/IB : GPU Direct RDMA Disabled for HCA 0 'rocep1s0f1'
spark:247:247 [0] NCCL INFO ncclTopoGetCpuAffinity: Affinity for GPU 0 is empty, ignoring. (GPU affinity =  ; CPU affinity = 0-19).
spark:247:247 [0] NCCL INFO Rank 0: 1 Net devices
spark:247:247 [0] NCCL INFO Rank 0: 0 CollNet devices
spark:247:247 [0] NCCL INFO Local Net device counts across ranks: min 1 max 1
spark:247:247 [0] NCCL INFO Local CollNet device counts across ranks: min 0 max 0
spark:247:247 [0] NCCL INFO comm 0x3d6f3f10 rank 0 nRanks 2 nNodes 2 localRanks 1 localRank 0 MNNVL 0
spark:247:247 [0] NCCL INFO Channel 00/64 : 0 1
spark:247:247 [0] NCCL INFO Channel 01/64 : 0 1
spark:247:247 [0] NCCL INFO Channel 02/64 : 0 1
spark:247:247 [0] NCCL INFO Channel 03/64 : 0 1
spark:247:247 [0] NCCL INFO Channel 04/64 : 0 1
spark:247:247 [0] NCCL INFO Channel 05/64 : 0 1
spark:247:247 [0] NCCL INFO Channel 06/64 : 0 1
spark:247:247 [0] NCCL INFO Channel 07/64 : 0 1
spark:247:247 [0] NCCL INFO Channel 08/64 : 0 1
spark:247:247 [0] NCCL INFO Channel 09/64 : 0 1
spark:247:247 [0] NCCL INFO Channel 10/64 : 0 1
spark:247:247 [0] NCCL INFO Channel 11/64 : 0 1
spark:247:247 [0] NCCL INFO Channel 12/64 : 0 1
spark:247:247 [0] NCCL INFO Channel 13/64 : 0 1
spark:247:247 [0] NCCL INFO Channel 14/64 : 0 1
spark:247:247 [0] NCCL INFO Channel 15/64 : 0 1
spark:247:247 [0] NCCL INFO Channel 16/64 : 0 1
spark:247:247 [0] NCCL INFO Channel 17/64 : 0 1
spark:247:247 [0] NCCL INFO Channel 18/64 : 0 1
spark:247:247 [0] NCCL INFO Channel 19/64 : 0 1
spark:247:247 [0] NCCL INFO Channel 20/64 : 0 1
spark:247:247 [0] NCCL INFO Channel 21/64 : 0 1
spark:247:247 [0] NCCL INFO Channel 22/64 : 0 1
spark:247:247 [0] NCCL INFO Channel 23/64 : 0 1
spark:247:247 [0] NCCL INFO Channel 24/64 : 0 1
spark:247:247 [0] NCCL INFO Channel 25/64 : 0 1
spark:247:247 [0] NCCL INFO Channel 26/64 : 0 1
spark:247:247 [0] NCCL INFO Channel 27/64 : 0 1
spark:247:247 [0] NCCL INFO Channel 28/64 : 0 1
spark:247:247 [0] NCCL INFO Channel 29/64 : 0 1
spark:247:247 [0] NCCL INFO Channel 30/64 : 0 1
spark:247:247 [0] NCCL INFO Channel 31/64 : 0 1
spark:247:247 [0] NCCL INFO Channel 32/64 : 0 1
spark:247:247 [0] NCCL INFO Channel 33/64 : 0 1
spark:247:247 [0] NCCL INFO Channel 34/64 : 0 1
spark:247:247 [0] NCCL INFO Channel 35/64 : 0 1
spark:247:247 [0] NCCL INFO Channel 36/64 : 0 1
spark:247:247 [0] NCCL INFO Channel 37/64 : 0 1
spark:247:247 [0] NCCL INFO Channel 38/64 : 0 1
spark:247:247 [0] NCCL INFO Channel 39/64 : 0 1
spark:247:247 [0] NCCL INFO Channel 40/64 : 0 1
spark:247:247 [0] NCCL INFO Channel 41/64 : 0 1
spark:247:247 [0] NCCL INFO Channel 42/64 : 0 1
spark:247:247 [0] NCCL INFO Channel 43/64 : 0 1
spark:247:247 [0] NCCL INFO Channel 44/64 : 0 1
spark:247:247 [0] NCCL INFO Channel 45/64 : 0 1
spark:247:247 [0] NCCL INFO Channel 46/64 : 0 1
spark:247:247 [0] NCCL INFO Channel 47/64 : 0 1
spark:247:247 [0] NCCL INFO Channel 48/64 : 0 1
spark:247:247 [0] NCCL INFO Channel 49/64 : 0 1
spark:247:247 [0] NCCL INFO Channel 50/64 : 0 1
spark:247:247 [0] NCCL INFO Channel 51/64 : 0 1
spark:247:247 [0] NCCL INFO Channel 52/64 : 0 1
spark:247:247 [0] NCCL INFO Channel 53/64 : 0 1
spark:247:247 [0] NCCL INFO Channel 54/64 : 0 1
spark:247:247 [0] NCCL INFO Channel 55/64 : 0 1
spark:247:247 [0] NCCL INFO Channel 56/64 : 0 1
spark:247:247 [0] NCCL INFO Channel 57/64 : 0 1
spark:247:247 [0] NCCL INFO Channel 58/64 : 0 1
spark:247:247 [0] NCCL INFO Channel 59/64 : 0 1
spark:247:247 [0] NCCL INFO Channel 60/64 : 0 1
spark:247:247 [0] NCCL INFO Channel 61/64 : 0 1
spark:247:247 [0] NCCL INFO Channel 62/64 : 0 1
spark:247:247 [0] NCCL INFO Channel 63/64 : 0 1
spark:247:247 [0] NCCL INFO Trees [0] 1/-1/-1->0->-1 [1] 1/-1/-1->0->-1 [2] 1/-1/-1->0->-1 [3] 1/-1/-1->0->-1 [4] 1/-1/-1->0->-1 [5] 1/-1/-1->0->-1 [6] 1/-1/-1->0->-1 [7] 1/-1/-1->0->-1 [8] 1/-1/-1->0->-1 [9] 1/-1/-1->0->-1 [10] 1/-1/-1->0->-1 [11] 1/-1/-1->0->-1 [12] 1/-1/-1->0->-1 [13] 1/-1/-1->0->-1 [14] 1/-1/-1->0->-1 [15] 1/-1/-1->0->-1 [16] 1/-1/-1->0->-1 [17] 1/-1/-1->0->-1 [18] 1/-1/-1->0->-1 [19] 1/-1/-1->0->-1 [20] 1/-1/-1->0->-1 [21] 1/-1/-1->0->-1 [22] 1/-1/-1->0->-1 [23] 1/-1/-1->0->-1 [24] 1/-1/-1->0->-1 [25] 1/-1/-1->0->-1 [26] 1/-1/-1->0->-1 [27] 1/-1/-1->0->-1 [28] 1/-1/-1->0->-1 [29] 1/-1/-1->0->-1 [30] 1/-1/-1->0->-1 [31] 1/-1/-1->0->-1 [32] -1/-1/-1->0->1 [33] -1/-1/-1->0->1 [34] -1/-1/-1->0->1 [35] -1/-1/-1->0->1 [36] -1/-1/-1->0->1 [37] -1/-1/-1->0->1 [38] -1/-1/-1->0->1 [39] -1/-1/-1->0->1 [40] -1/-1/-1->0->1 [41] -1/-1/-1->0->1 [42] -1/-1/-1->0->1 [43] -1/-1/-1->0->1 [44] -1/-1/-1->0->1 [45] -1/-1/-1->0->1 [46] -1/-1/-1->0->1 [47] -1/-1/-1->0->1 [48] -1/-1/-1->0->1 [49] -1/-1/-1->0->1 [50] -1/-1/-1->0->1 [51] -1/-1/
spark:247:247 [0] NCCL INFO P2P Chunksize set to 262144
spark:247:247 [0] NCCL INFO Tuning P2P operations with maxP2pPeers = 2
spark:247:247 [0] NCCL INFO ncclOsDlopen(libnccl-profiler.so) failed: libnccl-profiler.so: cannot open shared object file: No such file or directory
spark:247:247 [0] NCCL INFO PROFILER/Plugin: Could not find: libnccl-profiler.so
spark:247:247 [0] NCCL INFO ncclOsDlsym(ncclProfiler_v6) failed: /opt/hpcx/nccl_spectrum-x_plugin/lib/libnccl-net-spcx.so: undefined symbol: ncclProfiler_v6
spark:247:247 [0] NCCL INFO ncclOsDlsym(ncclProfiler_v5) failed: /opt/hpcx/nccl_spectrum-x_plugin/lib/libnccl-net-spcx.so: undefined symbol: ncclProfiler_v5
spark:247:247 [0] NCCL INFO ncclOsDlsym(ncclProfiler_v4) failed: /opt/hpcx/nccl_spectrum-x_plugin/lib/libnccl-net-spcx.so: undefined symbol: ncclProfiler_v4
spark:247:247 [0] NCCL INFO ncclOsDlsym(ncclProfiler_v3) failed: /opt/hpcx/nccl_spectrum-x_plugin/lib/libnccl-net-spcx.so: undefined symbol: ncclProfiler_v3
spark:247:247 [0] NCCL INFO ncclOsDlsym(ncclProfiler_v2) failed: /opt/hpcx/nccl_spectrum-x_plugin/lib/libnccl-net-spcx.so: undefined symbol: ncclProfiler_v2
spark:247:247 [0] NCCL INFO ncclOsDlsym(ncclProfiler_v1) failed: /opt/hpcx/nccl_spectrum-x_plugin/lib/libnccl-net-spcx.so: undefined symbol: ncclProfiler_v1
spark:247:247 [0] NCCL INFO Check P2P Type isAllDirectP2p 1 directMode 0 isAllCudaP2p 1
spark:247:279 [0] NCCL INFO [Proxy Service] Device 0 CPU core 8
spark:247:279 [0] NCCL INFO proxy listening socket at 192.168.100.1<52987>
spark:247:280 [0] NCCL INFO [Proxy Service UDS] Device 0 CPU core 10
spark:247:247 [0] NCCL INFO ncclOsDlopen(libnccl-tuner.so) failed: libnccl-tuner.so: cannot open shared object file: No such file or directory
spark:247:247 [0] NCCL INFO TUNER/Plugin: Could not find: libnccl-tuner.so
spark:247:247 [0] NCCL INFO TUNER/Plugin: Using SPCX (v5)
spark:247:247 [0] NCCL INFO threadThresholds 8/8/64 | 16/8/64 | 512 | 512
spark:247:247 [0] NCCL INFO 64 coll channels, 64 collnet channels, 0 nvls channels, 64 p2p channels, 1 p2p channels per peer
spark:247:247 [0] NCCL INFO Symmetric memory is not supported. cuMemEnable 1, globalGinSupport 0, cuMemGdrSupport 0
spark:247:247 [0] NCCL INFO CC Off, workFifoBytes 1048576
spark:247:247 [0] NCCL INFO ncclCommInitRankConfig comm 0x3d6f3f10 rank 0 nranks 2 cudaDev 0 nvmlDev 0 busId f01000 commId 0x14031c64edf7f0fc - Init COMPLETE
spark:247:247 [0] NCCL INFO Init timings - ncclCommInitRankConfig: rank 0 nranks 2 total 0.38 (kernels 0.25, alloc 0.08, bootstrap 0.02, allgathers 0.00, topo 0.01, graphs 0.00, connections 0.02, rest 0.00)
spark:247:247 [0] NCCL INFO Symmetric VA size=124GB
spark:247:247 [0] NCCL INFO Channel 00/0 : 1[0] -> 0[0] [receive] via NET/IB/0
spark:247:247 [0] NCCL INFO Channel 01/0 : 1[0] -> 0[0] [receive] via NET/IB/0
spark:247:247 [0] NCCL INFO Channel 02/0 : 1[0] -> 0[0] [receive] via NET/IB/0
spark:247:247 [0] NCCL INFO Channel 03/0 : 1[0] -> 0[0] [receive] via NET/IB/0
spark:247:247 [0] NCCL INFO Channel 04/0 : 1[0] -> 0[0] [receive] via NET/IB/0
spark:247:247 [0] NCCL INFO Channel 05/0 : 1[0] -> 0[0] [receive] via NET/IB/0
spark:247:247 [0] NCCL INFO Channel 06/0 : 1[0] -> 0[0] [receive] via NET/IB/0
spark:247:247 [0] NCCL INFO Channel 07/0 : 1[0] -> 0[0] [receive] via NET/IB/0
spark:247:247 [0] NCCL INFO Channel 08/0 : 1[0] -> 0[0] [receive] via NET/IB/0
spark:247:281 [0] NCCL INFO [Proxy Progress] Device 0 CPU core 8
spark:247:247 [0] NCCL INFO Channel 09/0 : 1[0] -> 0[0] [receive] via NET/IB/0
spark:247:247 [0] NCCL INFO Channel 10/0 : 1[0] -> 0[0] [receive] via NET/IB/0
spark:247:247 [0] NCCL INFO Channel 11/0 : 1[0] -> 0[0] [receive] via NET/IB/0
spark:247:247 [0] NCCL INFO Channel 12/0 : 1[0] -> 0[0] [receive] via NET/IB/0
spark:247:247 [0] NCCL INFO Channel 13/0 : 1[0] -> 0[0] [receive] via NET/IB/0
spark:247:247 [0] NCCL INFO Channel 14/0 : 1[0] -> 0[0] [receive] via NET/IB/0
spark:247:247 [0] NCCL INFO Channel 15/0 : 1[0] -> 0[0] [receive] via NET/IB/0
spark:247:247 [0] NCCL INFO Channel 16/0 : 1[0] -> 0[0] [receive] via NET/IB/0
spark:247:247 [0] NCCL INFO Channel 17/0 : 1[0] -> 0[0] [receive] via NET/IB/0
spark:247:247 [0] NCCL INFO Channel 18/0 : 1[0] -> 0[0] [receive] via NET/IB/0
spark:247:247 [0] NCCL INFO Channel 19/0 : 1[0] -> 0[0] [receive] via NET/IB/0
spark:247:247 [0] NCCL INFO Channel 20/0 : 1[0] -> 0[0] [receive] via NET/IB/0
spark:247:247 [0] NCCL INFO Channel 21/0 : 1[0] -> 0[0] [receive] via NET/IB/0
spark:247:247 [0] NCCL INFO Channel 22/0 : 1[0] -> 0[0] [receive] via NET/IB/0
spark:247:247 [0] NCCL INFO Channel 23/0 : 1[0] -> 0[0] [receive] via NET/IB/0
spark:247:247 [0] NCCL INFO Channel 24/0 : 1[0] -> 0[0] [receive] via NET/IB/0
spark:247:247 [0] NCCL INFO Channel 25/0 : 1[0] -> 0[0] [receive] via NET/IB/0
spark:247:247 [0] NCCL INFO Channel 26/0 : 1[0] -> 0[0] [receive] via NET/IB/0
spark:247:247 [0] NCCL INFO Channel 27/0 : 1[0] -> 0[0] [receive] via NET/IB/0
spark:247:247 [0] NCCL INFO Channel 28/0 : 1[0] -> 0[0] [receive] via NET/IB/0
spark:247:247 [0] NCCL INFO Channel 29/0 : 1[0] -> 0[0] [receive] via NET/IB/0
spark:247:247 [0] NCCL INFO Channel 30/0 : 1[0] -> 0[0] [receive] via NET/IB/0
spark:247:247 [0] NCCL INFO Channel 31/0 : 1[0] -> 0[0] [receive] via NET/IB/0
spark:247:247 [0] NCCL INFO Channel 32/0 : 1[0] -> 0[0] [receive] via NET/IB/0
spark:247:247 [0] NCCL INFO Channel 33/0 : 1[0] -> 0[0] [receive] via NET/IB/0
spark:247:247 [0] NCCL INFO Channel 34/0 : 1[0] -> 0[0] [receive] via NET/IB/0
spark:247:247 [0] NCCL INFO Channel 35/0 : 1[0] -> 0[0] [receive] via NET/IB/0
spark:247:247 [0] NCCL INFO Channel 36/0 : 1[0] -> 0[0] [receive] via NET/IB/0
spark:247:247 [0] NCCL INFO Channel 37/0 : 1[0] -> 0[0] [receive] via NET/IB/0
spark:247:247 [0] NCCL INFO Channel 38/0 : 1[0] -> 0[0] [receive] via NET/IB/0
spark:247:247 [0] NCCL INFO Channel 39/0 : 1[0] -> 0[0] [receive] via NET/IB/0
spark:247:247 [0] NCCL INFO Channel 40/0 : 1[0] -> 0[0] [receive] via NET/IB/0
spark:247:247 [0] NCCL INFO Channel 41/0 : 1[0] -> 0[0] [receive] via NET/IB/0
spark:247:247 [0] NCCL INFO Channel 42/0 : 1[0] -> 0[0] [receive] via NET/IB/0
spark:247:247 [0] NCCL INFO Channel 43/0 : 1[0] -> 0[0] [receive] via NET/IB/0
spark:247:247 [0] NCCL INFO Channel 44/0 : 1[0] -> 0[0] [receive] via NET/IB/0
spark:247:247 [0] NCCL INFO Channel 45/0 : 1[0] -> 0[0] [receive] via NET/IB/0
spark:247:247 [0] NCCL INFO Channel 46/0 : 1[0] -> 0[0] [receive] via NET/IB/0
spark:247:247 [0] NCCL INFO Channel 47/0 : 1[0] -> 0[0] [receive] via NET/IB/0
spark:247:247 [0] NCCL INFO Channel 48/0 : 1[0] -> 0[0] [receive] via NET/IB/0
spark:247:247 [0] NCCL INFO Channel 49/0 : 1[0] -> 0[0] [receive] via NET/IB/0
spark:247:247 [0] NCCL INFO Channel 50/0 : 1[0] -> 0[0] [receive] via NET/IB/0
spark:247:247 [0] NCCL INFO Channel 51/0 : 1[0] -> 0[0] [receive] via NET/IB/0
spark:247:247 [0] NCCL INFO Channel 52/0 : 1[0] -> 0[0] [receive] via NET/IB/0
spark:247:247 [0] NCCL INFO Channel 53/0 : 1[0] -> 0[0] [receive] via NET/IB/0
spark:247:247 [0] NCCL INFO Channel 54/0 : 1[0] -> 0[0] [receive] via NET/IB/0
spark:247:247 [0] NCCL INFO Channel 55/0 : 1[0] -> 0[0] [receive] via NET/IB/0
spark:247:247 [0] NCCL INFO Channel 56/0 : 1[0] -> 0[0] [receive] via NET/IB/0
spark:247:247 [0] NCCL INFO Channel 57/0 : 1[0] -> 0[0] [receive] via NET/IB/0
spark:247:247 [0] NCCL INFO Channel 58/0 : 1[0] -> 0[0] [receive] via NET/IB/0
spark:247:247 [0] NCCL INFO Channel 59/0 : 1[0] -> 0[0] [receive] via NET/IB/0
spark:247:247 [0] NCCL INFO Channel 60/0 : 1[0] -> 0[0] [receive] via NET/IB/0
spark:247:247 [0] NCCL INFO Channel 61/0 : 1[0] -> 0[0] [receive] via NET/IB/0
spark:247:247 [0] NCCL INFO Channel 62/0 : 1[0] -> 0[0] [receive] via NET/IB/0
spark:247:247 [0] NCCL INFO Channel 63/0 : 1[0] -> 0[0] [receive] via NET/IB/0
spark:247:247 [0] NCCL INFO Channel 00/0 : 0[0] -> 1[0] [send] via NET/IB/0
spark:247:247 [0] NCCL INFO Channel 01/0 : 0[0] -> 1[0] [send] via NET/IB/0
spark:247:247 [0] NCCL INFO Channel 02/0 : 0[0] -> 1[0] [send] via NET/IB/0
spark:247:247 [0] NCCL INFO Channel 03/0 : 0[0] -> 1[0] [send] via NET/IB/0
spark:247:247 [0] NCCL INFO Channel 04/0 : 0[0] -> 1[0] [send] via NET/IB/0
spark:247:247 [0] NCCL INFO Channel 05/0 : 0[0] -> 1[0] [send] via NET/IB/0
spark:247:247 [0] NCCL INFO Channel 06/0 : 0[0] -> 1[0] [send] via NET/IB/0
spark:247:247 [0] NCCL INFO Channel 07/0 : 0[0] -> 1[0] [send] via NET/IB/0
spark:247:247 [0] NCCL INFO Channel 08/0 : 0[0] -> 1[0] [send] via NET/IB/0
spark:247:247 [0] NCCL INFO Channel 09/0 : 0[0] -> 1[0] [send] via NET/IB/0
spark:247:247 [0] NCCL INFO Channel 10/0 : 0[0] -> 1[0] [send] via NET/IB/0
spark:247:247 [0] NCCL INFO Channel 11/0 : 0[0] -> 1[0] [send] via NET/IB/0
spark:247:247 [0] NCCL INFO Channel 12/0 : 0[0] -> 1[0] [send] via NET/IB/0
spark:247:247 [0] NCCL INFO Channel 13/0 : 0[0] -> 1[0] [send] via NET/IB/0
spark:247:247 [0] NCCL INFO Channel 14/0 : 0[0] -> 1[0] [send] via NET/IB/0
spark:247:247 [0] NCCL INFO Channel 15/0 : 0[0] -> 1[0] [send] via NET/IB/0
spark:247:247 [0] NCCL INFO Channel 16/0 : 0[0] -> 1[0] [send] via NET/IB/0
spark:247:247 [0] NCCL INFO Channel 17/0 : 0[0] -> 1[0] [send] via NET/IB/0
spark:247:247 [0] NCCL INFO Channel 18/0 : 0[0] -> 1[0] [send] via NET/IB/0
spark:247:247 [0] NCCL INFO Channel 19/0 : 0[0] -> 1[0] [send] via NET/IB/0
spark:247:247 [0] NCCL INFO Channel 20/0 : 0[0] -> 1[0] [send] via NET/IB/0
spark:247:247 [0] NCCL INFO Channel 21/0 : 0[0] -> 1[0] [send] via NET/IB/0
spark:247:247 [0] NCCL INFO Channel 22/0 : 0[0] -> 1[0] [send] via NET/IB/0
spark:247:247 [0] NCCL INFO Channel 23/0 : 0[0] -> 1[0] [send] via NET/IB/0
spark:247:247 [0] NCCL INFO Channel 24/0 : 0[0] -> 1[0] [send] via NET/IB/0
spark:247:247 [0] NCCL INFO Channel 25/0 : 0[0] -> 1[0] [send] via NET/IB/0
spark:247:247 [0] NCCL INFO Channel 26/0 : 0[0] -> 1[0] [send] via NET/IB/0
spark:247:247 [0] NCCL INFO Channel 27/0 : 0[0] -> 1[0] [send] via NET/IB/0
spark:247:247 [0] NCCL INFO Channel 28/0 : 0[0] -> 1[0] [send] via NET/IB/0
spark:247:247 [0] NCCL INFO Channel 29/0 : 0[0] -> 1[0] [send] via NET/IB/0
spark:247:247 [0] NCCL INFO Channel 30/0 : 0[0] -> 1[0] [send] via NET/IB/0
spark:247:247 [0] NCCL INFO Channel 31/0 : 0[0] -> 1[0] [send] via NET/IB/0
spark:247:247 [0] NCCL INFO Channel 32/0 : 0[0] -> 1[0] [send] via NET/IB/0
spark:247:247 [0] NCCL INFO Channel 33/0 : 0[0] -> 1[0] [send] via NET/IB/0
spark:247:247 [0] NCCL INFO Channel 34/0 : 0[0] -> 1[0] [send] via NET/IB/0
spark:247:247 [0] NCCL INFO Channel 35/0 : 0[0] -> 1[0] [send] via NET/IB/0
spark:247:247 [0] NCCL INFO Channel 36/0 : 0[0] -> 1[0] [send] via NET/IB/0
spark:247:247 [0] NCCL INFO Channel 37/0 : 0[0] -> 1[0] [send] via NET/IB/0
spark:247:247 [0] NCCL INFO Channel 38/0 : 0[0] -> 1[0] [send] via NET/IB/0
spark:247:247 [0] NCCL INFO Channel 39/0 : 0[0] -> 1[0] [send] via NET/IB/0
spark:247:247 [0] NCCL INFO Channel 40/0 : 0[0] -> 1[0] [send] via NET/IB/0
spark:247:247 [0] NCCL INFO Channel 41/0 : 0[0] -> 1[0] [send] via NET/IB/0
spark:247:247 [0] NCCL INFO Channel 42/0 : 0[0] -> 1[0] [send] via NET/IB/0
spark:247:247 [0] NCCL INFO Channel 43/0 : 0[0] -> 1[0] [send] via NET/IB/0
spark:247:247 [0] NCCL INFO Channel 44/0 : 0[0] -> 1[0] [send] via NET/IB/0
spark:247:247 [0] NCCL INFO Channel 45/0 : 0[0] -> 1[0] [send] via NET/IB/0
spark:247:247 [0] NCCL INFO Channel 46/0 : 0[0] -> 1[0] [send] via NET/IB/0
spark:247:247 [0] NCCL INFO Channel 47/0 : 0[0] -> 1[0] [send] via NET/IB/0
spark:247:247 [0] NCCL INFO Channel 48/0 : 0[0] -> 1[0] [send] via NET/IB/0
spark:247:247 [0] NCCL INFO Channel 49/0 : 0[0] -> 1[0] [send] via NET/IB/0
spark:247:247 [0] NCCL INFO Channel 50/0 : 0[0] -> 1[0] [send] via NET/IB/0
spark:247:247 [0] NCCL INFO Channel 51/0 : 0[0] -> 1[0] [send] via NET/IB/0
spark:247:247 [0] NCCL INFO Channel 52/0 : 0[0] -> 1[0] [send] via NET/IB/0
spark:247:247 [0] NCCL INFO Channel 53/0 : 0[0] -> 1[0] [send] via NET/IB/0
spark:247:247 [0] NCCL INFO Channel 54/0 : 0[0] -> 1[0] [send] via NET/IB/0
spark:247:247 [0] NCCL INFO Channel 55/0 : 0[0] -> 1[0] [send] via NET/IB/0
spark:247:247 [0] NCCL INFO Channel 56/0 : 0[0] -> 1[0] [send] via NET/IB/0
spark:247:247 [0] NCCL INFO Channel 57/0 : 0[0] -> 1[0] [send] via NET/IB/0
spark:247:247 [0] NCCL INFO Channel 58/0 : 0[0] -> 1[0] [send] via NET/IB/0
spark:247:247 [0] NCCL INFO Channel 59/0 : 0[0] -> 1[0] [send] via NET/IB/0
spark:247:247 [0] NCCL INFO Channel 60/0 : 0[0] -> 1[0] [send] via NET/IB/0
spark:247:247 [0] NCCL INFO Channel 61/0 : 0[0] -> 1[0] [send] via NET/IB/0
spark:247:247 [0] NCCL INFO Channel 62/0 : 0[0] -> 1[0] [send] via NET/IB/0
spark:247:247 [0] NCCL INFO Channel 63/0 : 0[0] -> 1[0] [send] via NET/IB/0
spark:247:279 [0] NCCL INFO NET/IB: ncclIbResiliencyInit: Resiliency is disabled on the send communicator (comm=0xf6a430042000)
spark:247:279 [0] NCCL INFO NET/IB: ncclIbResiliencyInit: Resiliency is disabled on the recv communicator (comm=0xf6a430086000)
spark:247:279 [0] NCCL INFO NET/IB: ncclIbRecvCommInit: Receive work requests will be posted on-demand
spark:247:279 [0] NCCL INFO NET/IB: ncclIbResiliencyInit: Resiliency is disabled on the send communicator (comm=0xf6a4300ce000)
spark:247:279 [0] NCCL INFO NET/IB: ncclIbSenderQpsCreate: QP created: port=1 dev=0 devName=rocep1s0f1 ndevs=1 nmdevs=1 qp_num=9900 pkey=0 pd=0xf6a430041ea0 oooRq=0
spark:247:279 [0] NCCL INFO NET/IB: ncclIbSenderQpsCreate: QP created: port=1 dev=0 devName=rocep1s0f1 ndevs=1 nmdevs=1 qp_num=9901 pkey=0 pd=0xf6a430041ea0 oooRq=0
spark:247:279 [0] NCCL INFO NET/IB: ncclIbSenderQpsCreate: QP created: port=1 dev=0 devName=rocep1s0f1 ndevs=1 nmdevs=1 qp_num=9902 pkey=0 pd=0xf6a430041ea0 oooRq=0
spark:247:279 [0] NCCL INFO NET/IB: ncclIbSenderQpsCreate: QP created: port=1 dev=0 devName=rocep1s0f1 ndevs=1 nmdevs=1 qp_num=9903 pkey=0 pd=0xf6a430041ea0 oooRq=0
spark:247:279 [0] NCCL INFO NET/IB: ncclIbConnectImpl: NCCL Dev 0 IbDev 0 Port 1 qp_num 9900 mtu 5 GID 3 (0/164A8C0FFFF0000) ctsFifoRkey=0x2249dd ctsFifoLkey=0x2249dd
spark:247:279 [0] NCCL INFO NET/IB: ncclIbConnectImpl: IbDev 0 Port 1 qp_num 9900 query_ece={supported=1, vendor_id=0x15b3, options=0x30000002, comp_mask=0x0}
spark:247:279 [0] NCCL INFO NET/IB: ncclIbConnectImpl: NCCL Dev 0 IbDev 0 Port 1 qp_num 9901 mtu 5 GID 3 (0/164A8C0FFFF0000) ctsFifoRkey=0x2249dd ctsFifoLkey=0x2249dd
spark:247:279 [0] NCCL INFO NET/IB: ncclIbConnectImpl: IbDev 0 Port 1 qp_num 9901 query_ece={supported=1, vendor_id=0x15b3, options=0x30000002, comp_mask=0x0}
spark:247:279 [0] NCCL INFO NET/IB: ncclIbConnectImpl: NCCL Dev 0 IbDev 0 Port 1 qp_num 9902 mtu 5 GID 3 (0/164A8C0FFFF0000) ctsFifoRkey=0x2249dd ctsFifoLkey=0x2249dd
spark:247:279 [0] NCCL INFO NET/IB: ncclIbConnectImpl: IbDev 0 Port 1 qp_num 9902 query_ece={supported=1, vendor_id=0x15b3, options=0x30000002, comp_mask=0x0}
spark:247:279 [0] NCCL INFO NET/IB: ncclIbConnectImpl: NCCL Dev 0 IbDev 0 Port 1 qp_num 9903 mtu 5 GID 3 (0/164A8C0FFFF0000) ctsFifoRkey=0x2249dd ctsFifoLkey=0x2249dd
spark:247:279 [0] NCCL INFO NET/IB: ncclIbConnectImpl: IbDev 0 Port 1 qp_num 9903 query_ece={supported=1, vendor_id=0x15b3, options=0x30000002, comp_mask=0x0}
spark:247:279 [0] NCCL INFO NET/IB: ncclIbResiliencyInit: Resiliency is disabled on the recv communicator (comm=0xf6a4301e1000)
spark:247:279 [0] NCCL INFO NET/IB: ncclIbRecvCommInit: Receive work requests will be posted on-demand
spark:247:279 [0] NCCL INFO NET/IB: ncclIbResiliencyInit: Resiliency is disabled on the send communicator (comm=0xf6a430229000)
spark:247:279 [0] NCCL INFO NET/IB: ncclIbResiliencyInit: Resiliency is disabled on the recv communicator (comm=0xf6a43026d000)
spark:247:279 [0] NCCL INFO NET/IB: ncclIbRecvCommInit: Receive work requests will be posted on-demand
spark:247:279 [0] NCCL INFO NET/IB: ncclIbResiliencyInit: Resiliency is disabled on the send communicator (comm=0xf6a4302b5000)
spark:247:279 [0] NCCL INFO NET/IB: ncclIbResiliencyInit: Resiliency is disabled on the recv communicator (comm=0xf6a4302f9000)
spark:247:279 [0] NCCL INFO NET/IB: ncclIbRecvCommInit: Receive work requests will be posted on-demand
spark:247:279 [0] NCCL INFO NET/IB: ncclIbResiliencyInit: Resiliency is disabled on the send communicator (comm=0xf6a430341000)
spark:247:279 [0] NCCL INFO NET/IB: ncclIbResiliencyInit: Resiliency is disabled on the recv communicator (comm=0xf6a430385000)
spark:247:279 [0] NCCL INFO NET/IB: ncclIbRecvCommInit: Receive work requests will be posted on-demand
spark:247:279 [0] NCCL INFO NET/IB: ncclIbResiliencyInit: Resiliency is disabled on the send communicator (comm=0xf6a4303cd000)
spark:247:279 [0] NCCL INFO NET/IB: ncclIbResiliencyInit: Resiliency is disabled on the recv communicator (comm=0xf6a430411000)
spark:247:279 [0] NCCL INFO NET/IB: ncclIbRecvCommInit: Receive work requests will be posted on-demand
spark:247:279 [0] NCCL INFO NET/IB: ncclIbResiliencyInit: Resiliency is disabled on the send communicator (comm=0xf6a430459000)
spark:247:279 [0] NCCL INFO NET/IB: ncclIbResiliencyInit: Resiliency is disabled on the recv communicator (comm=0xf6a43049d000)
spark:247:279 [0] NCCL INFO NET/IB: ncclIbRecvCommInit: Receive work requests will be posted on-demand
spark:247:279 [0] NCCL INFO NET/IB: ncclIbResiliencyInit: Resiliency is disabled on the send communicator (comm=0xf6a4304e5000)
spark:247:279 [0] NCCL INFO NET/IB: ncclIbResiliencyInit: Resiliency is disabled on the recv communicator (comm=0xf6a430529000)
spark:247:279 [0] NCCL INFO NET/IB: ncclIbRecvCommInit: Receive work requests will be posted on-demand
spark:247:279 [0] NCCL INFO NET/IB: ncclIbResiliencyInit: Resiliency is disabled on the send communicator (comm=0xf6a430571000)
spark:247:279 [0] NCCL INFO NET/IB: ncclIbResiliencyInit: Resiliency is disabled on the recv communicator (comm=0xf6a4305b5000)
spark:247:279 [0] NCCL INFO NET/IB: ncclIbRecvCommInit: Receive work requests will be posted on-demand
spark:247:279 [0] NCCL INFO NET/IB: ncclIbResiliencyInit: Resiliency is disabled on the send communicator (comm=0xf6a4305fd000)
spark:247:279 [0] NCCL INFO NET/IB: ncclIbResiliencyInit: Resiliency is disabled on the recv communicator (comm=0xf6a430641000)
spark:247:279 [0] NCCL INFO NET/IB: ncclIbRecvCommInit: Receive work requests will be posted on-demand
spark:247:279 [0] NCCL INFO NET/IB: ncclIbResiliencyInit: Resiliency is disabled on the send communicator (comm=0xf6a430689000)
spark:247:279 [0] NCCL INFO NET/IB: ncclIbResiliencyInit: Resiliency is disabled on the recv communicator (comm=0xf6a4306cd000)
spark:247:279 [0] NCCL INFO NET/IB: ncclIbRecvCommInit: Receive work requests will be posted on-demand
spark:247:279 [0] NCCL INFO NET/IB: ncclIbResiliencyInit: Resiliency is disabled on the send communicator (comm=0xf6a430715000)
spark:247:279 [0] NCCL INFO NET/IB: ncclIbResiliencyInit: Resiliency is disabled on the recv communicator (comm=0xf6a430759000)
spark:247:279 [0] NCCL INFO NET/IB: ncclIbRecvCommInit: Receive work requests will be posted on-demand
spark:247:279 [0] NCCL INFO NET/IB: ncclIbResiliencyInit: Resiliency is disabled on the send communicator (comm=0xf6a4307a1000)
spark:247:279 [0] NCCL INFO NET/IB: ncclIbResiliencyInit: Resiliency is disabled on the recv communicator (comm=0xf6a4307e5000)
spark:247:279 [0] NCCL INFO NET/IB: ncclIbRecvCommInit: Receive work requests will be posted on-demand
spark:247:279 [0] NCCL INFO NET/IB: ncclIbResiliencyInit: Resiliency is disabled on the send communicator (comm=0xf6a43082d000)
spark:247:279 [0] NCCL INFO NET/IB: ncclIbResiliencyInit: Resiliency is disabled on the recv communicator (comm=0xf6a430871000)
spark:247:279 [0] NCCL INFO NET/IB: ncclIbRecvCommInit: Receive work requests will be posted on-demand
spark:247:279 [0] NCCL INFO NET/IB: ncclIbResiliencyInit: Resiliency is disabled on the send communicator (comm=0xf6a4308b9000)
spark:247:279 [0] NCCL INFO NET/IB: ncclIbResiliencyInit: Resiliency is disabled on the recv communicator (comm=0xf6a4308fd000)
spark:247:279 [0] NCCL INFO NET/IB: ncclIbRecvCommInit: Receive work requests will be posted on-demand
spark:247:279 [0] NCCL INFO NET/IB: ncclIbResiliencyInit: Resiliency is disabled on the send communicator (comm=0xf6a430945000)
spark:247:279 [0] NCCL INFO NET/IB: ncclIbResiliencyInit: Resiliency is disabled on the recv communicator (comm=0xf6a430989000)
spark:247:279 [0] NCCL INFO NET/IB: ncclIbRecvCommInit: Receive work requests will be posted on-demand
spark:247:279 [0] NCCL INFO NET/IB: ncclIbResiliencyInit: Resiliency is disabled on the send communicator (comm=0xf6a4309d1000)
spark:247:279 [0] NCCL INFO NET/IB: ncclIbResiliencyInit: Resiliency is disabled on the recv communicator (comm=0xf6a430a15000)
spark:247:279 [0] NCCL INFO NET/IB: ncclIbRecvCommInit: Receive work requests will be posted on-demand
spark:247:279 [0] NCCL INFO NET/IB: ncclIbResiliencyInit: Resiliency is disabled on the send communicator (comm=0xf6a430a5d000)
spark:247:279 [0] NCCL INFO NET/IB: ncclIbResiliencyInit: Resiliency is disabled on the recv communicator (comm=0xf6a430aa1000)
spark:247:279 [0] NCCL INFO NET/IB: ncclIbRecvCommInit: Receive work requests will be posted on-demand
spark:247:279 [0] NCCL INFO NET/IB: ncclIbResiliencyInit: Resiliency is disabled on the send communicator (comm=0xf6a430ae9000)
spark:247:279 [0] NCCL INFO NET/IB: ncclIbResiliencyInit: Resiliency is disabled on the recv communicator (comm=0xf6a430b2d000)
spark:247:279 [0] NCCL INFO NET/IB: ncclIbRecvCommInit: Receive work requests will be posted on-demand
spark:247:279 [0] NCCL INFO NET/IB: ncclIbResiliencyInit: Resiliency is disabled on the send communicator (comm=0xf6a430b75000)
spark:247:279 [0] NCCL INFO NET/IB: ncclIbResiliencyInit: Resiliency is disabled on the recv communicator (comm=0xf6a430bb9000)
spark:247:279 [0] NCCL INFO NET/IB: ncclIbRecvCommInit: Receive work requests will be posted on-demand
spark:247:279 [0] NCCL INFO NET/IB: ncclIbResiliencyInit: Resiliency is disabled on the send communicator (comm=0xf6a430c01000)
spark:247:279 [0] NCCL INFO NET/IB: ncclIbResiliencyInit: Resiliency is disabled on the recv communicator (comm=0xf6a430c45000)
spark:247:279 [0] NCCL INFO NET/IB: ncclIbRecvCommInit: Receive work requests will be posted on-demand
spark:247:279 [0] NCCL INFO NET/IB: ncclIbResiliencyInit: Resiliency is disabled on the send communicator (comm=0xf6a430c8d000)
spark:247:279 [0] NCCL INFO NET/IB: ncclIbResiliencyInit: Resiliency is disabled on the recv communicator (comm=0xf6a430cd1000)
spark:247:279 [0] NCCL INFO NET/IB: ncclIbRecvCommInit: Receive work requests will be posted on-demand
spark:247:279 [0] NCCL INFO NET/IB: ncclIbResiliencyInit: Resiliency is disabled on the send communicator (comm=0xf6a430d19000)
spark:247:279 [0] NCCL INFO NET/IB: ncclIbSenderQpsCreate: QP created: port=1 dev=0 devName=rocep1s0f1 ndevs=1 nmdevs=1 qp_num=9904 pkey=0 pd=0xf6a430041ea0 oooRq=0
spark:247:279 [0] NCCL INFO NET/IB: ncclIbSenderQpsCreate: QP created: port=1 dev=0 devName=rocep1s0f1 ndevs=1 nmdevs=1 qp_num=9905 pkey=0 pd=0xf6a430041ea0 oooRq=0
spark:247:279 [0] NCCL INFO NET/IB: ncclIbSenderQpsCreate: QP created: port=1 dev=0 devName=rocep1s0f1 ndevs=1 nmdevs=1 qp_num=9906 pkey=0 pd=0xf6a430041ea0 oooRq=0
spark:247:279 [0] NCCL INFO NET/IB: ncclIbSenderQpsCreate: QP created: port=1 dev=0 devName=rocep1s0f1 ndevs=1 nmdevs=1 qp_num=9907 pkey=0 pd=0xf6a430041ea0 oooRq=0
spark:247:279 [0] NCCL INFO NET/IB: ncclIbConnectImpl: NCCL Dev 0 IbDev 0 Port 1 qp_num 9904 mtu 5 GID 3 (0/164A8C0FFFF0000) ctsFifoRkey=0x2242dc ctsFifoLkey=0x2242dc
spark:247:279 [0] NCCL INFO NET/IB: ncclIbConnectImpl: IbDev 0 Port 1 qp_num 9904 query_ece={supported=1, vendor_id=0x15b3, options=0x30000002, comp_mask=0x0}
spark:247:279 [0] NCCL INFO NET/IB: ncclIbConnectImpl: NCCL Dev 0 IbDev 0 Port 1 qp_num 9905 mtu 5 GID 3 (0/164A8C0FFFF0000) ctsFifoRkey=0x2242dc ctsFifoLkey=0x2242dc
spark:247:279 [0] NCCL INFO NET/IB: ncclIbConnectImpl: IbDev 0 Port 1 qp_num 9905 query_ece={supported=1, vendor_id=0x15b3, options=0x30000002, comp_mask=0x0}
spark:247:279 [0] NCCL INFO NET/IB: ncclIbConnectImpl: NCCL Dev 0 IbDev 0 Port 1 qp_num 9906 mtu 5 GID 3 (0/164A8C0FFFF0000) ctsFifoRkey=0x2242dc ctsFifoLkey=0x2242dc
spark:247:279 [0] NCCL INFO NET/IB: ncclIbConnectImpl: IbDev 0 Port 1 qp_num 9906 query_ece={supported=1, vendor_id=0x15b3, options=0x30000002, comp_mask=0x0}
spark:247:279 [0] NCCL INFO NET/IB: ncclIbConnectImpl: NCCL Dev 0 IbDev 0 Port 1 qp_num 9907 mtu 5 GID 3 (0/164A8C0FFFF0000) ctsFifoRkey=0x2242dc ctsFifoLkey=0x2242dc
spark:247:279 [0] NCCL INFO NET/IB: ncclIbConnectImpl: IbDev 0 Port 1 qp_num 9907 query_ece={supported=1, vendor_id=0x15b3, options=0x30000002, comp_mask=0x0}
spark:247:279 [0] NCCL INFO NET/IB: ncclIbSenderQpsCreate: QP created: port=1 dev=0 devName=rocep1s0f1 ndevs=1 nmdevs=1 qp_num=9908 pkey=0 pd=0xf6a430041ea0 oooRq=0
spark:247:279 [0] NCCL INFO NET/IB: ncclIbSenderQpsCreate: QP created: port=1 dev=0 devName=rocep1s0f1 ndevs=1 nmdevs=1 qp_num=9909 pkey=0 pd=0xf6a430041ea0 oooRq=0
spark:247:279 [0] NCCL INFO NET/IB: ncclIbSenderQpsCreate: QP created: port=1 dev=0 devName=rocep1s0f1 ndevs=1 nmdevs=1 qp_num=9910 pkey=0 pd=0xf6a430041ea0 oooRq=0
spark:247:279 [0] NCCL INFO NET/IB: ncclIbSenderQpsCreate: QP created: port=1 dev=0 devName=rocep1s0f1 ndevs=1 nmdevs=1 qp_num=9911 pkey=0 pd=0xf6a430041ea0 oooRq=0
spark:247:279 [0] NCCL INFO NET/IB: ncclIbConnectImpl: NCCL Dev 0 IbDev 0 Port 1 qp_num 9908 mtu 5 GID 3 (0/164A8C0FFFF0000) ctsFifoRkey=0x223edb ctsFifoLkey=0x223edb
spark:247:279 [0] NCCL INFO NET/IB: ncclIbConnectImpl: IbDev 0 Port 1 qp_num 9908 query_ece={supported=1, vendor_id=0x15b3, options=0x30000002, comp_mask=0x0}
spark:247:279 [0] NCCL INFO NET/IB: ncclIbConnectImpl: NCCL Dev 0 IbDev 0 Port 1 qp_num 9909 mtu 5 GID 3 (0/164A8C0FFFF0000) ctsFifoRkey=0x223edb ctsFifoLkey=0x223edb
spark:247:279 [0] NCCL INFO NET/IB: ncclIbConnectImpl: IbDev 0 Port 1 qp_num 9909 query_ece={supported=1, vendor_id=0x15b3, options=0x30000002, comp_mask=0x0}
spark:247:279 [0] NCCL INFO NET/IB: ncclIbConnectImpl: NCCL Dev 0 IbDev 0 Port 1 qp_num 9910 mtu 5 GID 3 (0/164A8C0FFFF0000) ctsFifoRkey=0x223edb ctsFifoLkey=0x223edb
spark:247:279 [0] NCCL INFO NET/IB: ncclIbConnectImpl: IbDev 0 Port 1 qp_num 9910 query_ece={supported=1, vendor_id=0x15b3, options=0x30000002, comp_mask=0x0}
spark:247:279 [0] NCCL INFO NET/IB: ncclIbConnectImpl: NCCL Dev 0 IbDev 0 Port 1 qp_num 9911 mtu 5 GID 3 (0/164A8C0FFFF0000) ctsFifoRkey=0x223edb ctsFifoLkey=0x223edb
spark:247:279 [0] NCCL INFO NET/IB: ncclIbConnectImpl: IbDev 0 Port 1 qp_num 9911 query_ece={supported=1, vendor_id=0x15b3, options=0x30000002, comp_mask=0x0}
spark:247:279 [0] NCCL INFO NET/IB: ncclIbReceiverQpsCreateToRts: QP created: port=1 dev=0 devName=rocep1s0f1 ndevs=1 nmdevs=1 qp_num=9912 pkey=0 pd=0xf6a430041ea0 oooRq=0
spark:247:279 [0] NCCL INFO NET/IB: ncclIbReceiverQpsCreateToRts: QP created: port=1 dev=0 devName=rocep1s0f1 ndevs=1 nmdevs=1 qp_num=9913 pkey=0 pd=0xf6a430041ea0 oooRq=0
spark:247:279 [0] NCCL INFO NET/IB: ncclIbReceiverQpsCreateToRts: QP created: port=1 dev=0 devName=rocep1s0f1 ndevs=1 nmdevs=1 qp_num=9914 pkey=0 pd=0xf6a430041ea0 oooRq=0
spark:247:279 [0] NCCL INFO NET/IB: ncclIbReceiverQpsCreateToRts: QP created: port=1 dev=0 devName=rocep1s0f1 ndevs=1 nmdevs=1 qp_num=9915 pkey=0 pd=0xf6a430041ea0 oooRq=0
spark:247:279 [0] NCCL INFO NET/IB: ncclIbReceiverQpsCreateToRts: Flush QP created: port=1 dev=0 devName=rocep1s0f1 ndevs=1 nmdevs=1 qp_num=9916 pkey=0 pd=0xf6a430041ea0
spark:247:279 [0] NCCL INFO NET/IB: ncclIbResiliencyInit: Resiliency is disabled on the recv communicator (comm=0xf6a430fe8000)
spark:247:279 [0] NCCL INFO NET/IB: ncclIbRecvCommInit: Receive work requests will be posted on-demand
spark:247:279 [0] NCCL INFO NET/IB: ncclIbSenderQpsToRts: Set ECE: IbDev 0 Port 1 qp_num 9900 set_ece={supported=1, vendor_id=0x15b3, options=0x30000002, comp_mask=0x0}
spark:247:279 [0] NCCL INFO NET/IB: ncclIbSenderQpsToRts: Set ECE: IbDev 0 Port 1 qp_num 9901 set_ece={supported=1, vendor_id=0x15b3, options=0x30000002, comp_mask=0x0}
spark:247:279 [0] NCCL INFO NET/IB: ncclIbSenderQpsToRts: Set ECE: IbDev 0 Port 1 qp_num 9902 set_ece={supported=1, vendor_id=0x15b3, options=0x30000002, comp_mask=0x0}
spark:247:279 [0] NCCL INFO NET/IB: ncclIbSenderQpsToRts: Set ECE: IbDev 0 Port 1 qp_num 9903 set_ece={supported=1, vendor_id=0x15b3, options=0x30000002, comp_mask=0x0}
spark:247:279 [0] NCCL INFO NET/IB: ncclIbReceiverQpsCreateToRts: QP created: port=1 dev=0 devName=rocep1s0f1 ndevs=1 nmdevs=1 qp_num=9917 pkey=0 pd=0xf6a430041ea0 oooRq=0
spark:247:279 [0] NCCL INFO NET/IB: ncclIbReceiverQpsCreateToRts: QP created: port=1 dev=0 devName=rocep1s0f1 ndevs=1 nmdevs=1 qp_num=9918 pkey=0 pd=0xf6a430041ea0 oooRq=0
spark:247:279 [0] NCCL INFO NET/IB: ncclIbReceiverQpsCreateToRts: QP created: port=1 dev=0 devName=rocep1s0f1 ndevs=1 nmdevs=1 qp_num=9919 pkey=0 pd=0xf6a430041ea0 oooRq=0
spark:247:279 [0] NCCL INFO NET/IB: ncclIbReceiverQpsCreateToRts: QP created: port=1 dev=0 devName=rocep1s0f1 ndevs=1 nmdevs=1 qp_num=9920 pkey=0 pd=0xf6a430041ea0 oooRq=0
spark:247:279 [0] NCCL INFO NET/IB: ncclIbReceiverQpsCreateToRts: Flush QP created: port=1 dev=0 devName=rocep1s0f1 ndevs=1 nmdevs=1 qp_num=9921 pkey=0 pd=0xf6a430041ea0
spark:247:279 [0] NCCL INFO NET/IB: ncclIbSenderQpsToRts: Set ECE: IbDev 0 Port 1 qp_num 9904 set_ece={supported=1, vendor_id=0x15b3, options=0x30000002, comp_mask=0x0}
spark:247:279 [0] NCCL INFO NET/IB: ncclIbSenderQpsToRts: Set ECE: IbDev 0 Port 1 qp_num 9905 set_ece={supported=1, vendor_id=0x15b3, options=0x30000002, comp_mask=0x0}
spark:247:279 [0] NCCL INFO NET/IB: ncclIbSenderQpsToRts: Set ECE: IbDev 0 Port 1 qp_num 9906 set_ece={supported=1, vendor_id=0x15b3, options=0x30000002, comp_mask=0x0}
spark:247:279 [0] NCCL INFO NET/IB: ncclIbSenderQpsToRts: Set ECE: IbDev 0 Port 1 qp_num 9907 set_ece={supported=1, vendor_id=0x15b3, options=0x30000002, comp_mask=0x0}
spark:247:279 [0] NCCL INFO NET/IB: ncclIbReceiverQpsCreateToRts: QP created: port=1 dev=0 devName=rocep1s0f1 ndevs=1 nmdevs=1 qp_num=9922 pkey=0 pd=0xf6a430041ea0 oooRq=0
spark:247:279 [0] NCCL INFO NET/IB: ncclIbReceiverQpsCreateToRts: QP created: port=1 dev=0 devName=rocep1s0f1 ndevs=1 nmdevs=1 qp_num=9923 pkey=0 pd=0xf6a430041ea0 oooRq=0
spark:247:279 [0] NCCL INFO NET/IB: ncclIbReceiverQpsCreateToRts: QP created: port=1 dev=0 devName=rocep1s0f1 ndevs=1 nmdevs=1 qp_num=9924 pkey=0 pd=0xf6a430041ea0 oooRq=0
spark:247:279 [0] NCCL INFO NET/IB: ncclIbReceiverQpsCreateToRts: QP created: port=1 dev=0 devName=rocep1s0f1 ndevs=1 nmdevs=1 qp_num=9925 pkey=0 pd=0xf6a430041ea0 oooRq=0
spark:247:279 [0] NCCL INFO NET/IB: ncclIbReceiverQpsCreateToRts: Flush QP created: port=1 dev=0 devName=rocep1s0f1 ndevs=1 nmdevs=1 qp_num=9926 pkey=0 pd=0xf6a430041ea0
spark:247:279 [0] NCCL INFO NET/IB: ncclIbSenderQpsToRts: Set ECE: IbDev 0 Port 1 qp_num 9908 set_ece={supported=1, vendor_id=0x15b3, options=0x30000002, comp_mask=0x0}
spark:247:279 [0] NCCL INFO NET/IB: ncclIbSenderQpsToRts: Set ECE: IbDev 0 Port 1 qp_num 9909 set_ece={supported=1, vendor_id=0x15b3, options=0x30000002, comp_mask=0x0}
spark:247:279 [0] NCCL INFO NET/IB: ncclIbSenderQpsToRts: Set ECE: IbDev 0 Port 1 qp_num 9910 set_ece={supported=1, vendor_id=0x15b3, options=0x30000002, comp_mask=0x0}
spark:247:279 [0] NCCL INFO NET/IB: ncclIbSenderQpsToRts: Set ECE: IbDev 0 Port 1 qp_num 9911 set_ece={supported=1, vendor_id=0x15b3, options=0x30000002, comp_mask=0x0}
spark:247:279 [0] NCCL INFO NET/IB: ncclIbSenderQpsCreate: QP created: port=1 dev=0 devName=rocep1s0f1 ndevs=1 nmdevs=1 qp_num=9927 pkey=0 pd=0xf6a430041ea0 oooRq=0
spark:247:279 [0] NCCL INFO NET/IB: ncclIbSenderQpsCreate: QP created: port=1 dev=0 devName=rocep1s0f1 ndevs=1 nmdevs=1 qp_num=9928 pkey=0 pd=0xf6a430041ea0 oooRq=0
spark:247:279 [0] NCCL INFO NET/IB: ncclIbSenderQpsCreate: QP created: port=1 dev=0 devName=rocep1s0f1 ndevs=1 nmdevs=1 qp_num=9929 pkey=0 pd=0xf6a430041ea0 oooRq=0
spark:247:279 [0] NCCL INFO NET/IB: ncclIbSenderQpsCreate: QP created: port=1 dev=0 devName=rocep1s0f1 ndevs=1 nmdevs=1 qp_num=9930 pkey=0 pd=0xf6a430041ea0 oooRq=0
spark:247:279 [0] NCCL INFO NET/IB: ncclIbConnectImpl: NCCL Dev 0 IbDev 0 Port 1 qp_num 9927 mtu 5 GID 3 (0/164A8C0FFFF0000) ctsFifoRkey=0x223ad7 ctsFifoLkey=0x223ad7
spark:247:279 [0] NCCL INFO NET/IB: ncclIbConnectImpl: IbDev 0 Port 1 qp_num 9927 query_ece={supported=1, vendor_id=0x15b3, options=0x30000002, comp_mask=0x0}
spark:247:279 [0] NCCL INFO NET/IB: ncclIbConnectImpl: NCCL Dev 0 IbDev 0 Port 1 qp_num 9928 mtu 5 GID 3 (0/164A8C0FFFF0000) ctsFifoRkey=0x223ad7 ctsFifoLkey=0x223ad7
spark:247:279 [0] NCCL INFO NET/IB: ncclIbConnectImpl: IbDev 0 Port 1 qp_num 9928 query_ece={supported=1, vendor_id=0x15b3, options=0x30000002, comp_mask=0x0}
spark:247:279 [0] NCCL INFO NET/IB: ncclIbConnectImpl: NCCL Dev 0 IbDev 0 Port 1 qp_num 9929 mtu 5 GID 3 (0/164A8C0FFFF0000) ctsFifoRkey=0x223ad7 ctsFifoLkey=0x223ad7
spark:247:279 [0] NCCL INFO NET/IB: ncclIbConnectImpl: IbDev 0 Port 1 qp_num 9929 query_ece={supported=1, vendor_id=0x15b3, options=0x30000002, comp_mask=0x0}
spark:247:279 [0] NCCL INFO NET/IB: ncclIbConnectImpl: NCCL Dev 0 IbDev 0 Port 1 qp_num 9930 mtu 5 GID 3 (0/164A8C0FFFF0000) ctsFifoRkey=0x223ad7 ctsFifoLkey=0x223ad7
spark:247:279 [0] NCCL INFO NET/IB: ncclIbConnectImpl: IbDev 0 Port 1 qp_num 9930 query_ece={supported=1, vendor_id=0x15b3, options=0x30000002, comp_mask=0x0}
spark:247:279 [0] NCCL INFO NET/IB: ncclIbSenderQpsCreate: QP created: port=1 dev=0 devName=rocep1s0f1 ndevs=1 nmdevs=1 qp_num=9931 pkey=0 pd=0xf6a430041ea0 oooRq=0
spark:247:279 [0] NCCL INFO NET/IB: ncclIbSenderQpsCreate: QP created: port=1 dev=0 devName=rocep1s0f1 ndevs=1 nmdevs=1 qp_num=9932 pkey=0 pd=0xf6a430041ea0 oooRq=0
spark:247:279 [0] NCCL INFO NET/IB: ncclIbSenderQpsCreate: QP created: port=1 dev=0 devName=rocep1s0f1 ndevs=1 nmdevs=1 qp_num=9933 pkey=0 pd=0xf6a430041ea0 oooRq=0
spark:247:279 [0] NCCL INFO NET/IB: ncclIbSenderQpsCreate: QP created: port=1 dev=0 devName=rocep1s0f1 ndevs=1 nmdevs=1 qp_num=9934 pkey=0 pd=0xf6a430041ea0 oooRq=0
spark:247:279 [0] NCCL INFO NET/IB: ncclIbConnectImpl: NCCL Dev 0 IbDev 0 Port 1 qp_num 9931 mtu 5 GID 3 (0/164A8C0FFFF0000) ctsFifoRkey=0x2239d6 ctsFifoLkey=0x2239d6
spark:247:279 [0] NCCL INFO NET/IB: ncclIbConnectImpl: IbDev 0 Port 1 qp_num 9931 query_ece={supported=1, vendor_id=0x15b3, options=0x30000002, comp_mask=0x0}
spark:247:279 [0] NCCL INFO NET/IB: ncclIbConnectImpl: NCCL Dev 0 IbDev 0 Port 1 qp_num 9932 mtu 5 GID 3 (0/164A8C0FFFF0000) ctsFifoRkey=0x2239d6 ctsFifoLkey=0x2239d6
spark:247:279 [0] NCCL INFO NET/IB: ncclIbConnectImpl: IbDev 0 Port 1 qp_num 9932 query_ece={supported=1, vendor_id=0x15b3, options=0x30000002, comp_mask=0x0}
spark:247:279 [0] NCCL INFO NET/IB: ncclIbConnectImpl: NCCL Dev 0 IbDev 0 Port 1 qp_num 9933 mtu 5 GID 3 (0/164A8C0FFFF0000) ctsFifoRkey=0x2239d6 ctsFifoLkey=0x2239d6
spark:247:279 [0] NCCL INFO NET/IB: ncclIbConnectImpl: IbDev 0 Port 1 qp_num 9933 query_ece={supported=1, vendor_id=0x15b3, options=0x30000002, comp_mask=0x0}
spark:247:279 [0] NCCL INFO NET/IB: ncclIbConnectImpl: NCCL Dev 0 IbDev 0 Port 1 qp_num 9934 mtu 5 GID 3 (0/164A8C0FFFF0000) ctsFifoRkey=0x2239d6 ctsFifoLkey=0x2239d6
spark:247:279 [0] NCCL INFO NET/IB: ncclIbConnectImpl: IbDev 0 Port 1 qp_num 9934 query_ece={supported=1, vendor_id=0x15b3, options=0x30000002, comp_mask=0x0}
spark:247:279 [0] NCCL INFO NET/IB: ncclIbSenderQpsCreate: QP created: port=1 dev=0 devName=rocep1s0f1 ndevs=1 nmdevs=1 qp_num=9935 pkey=0 pd=0xf6a430041ea0 oooRq=0
spark:247:279 [0] NCCL INFO NET/IB: ncclIbSenderQpsCreate: QP created: port=1 dev=0 devName=rocep1s0f1 ndevs=1 nmdevs=1 qp_num=9936 pkey=0 pd=0xf6a430041ea0 oooRq=0
spark:247:279 [0] NCCL INFO NET/IB: ncclIbSenderQpsCreate: QP created: port=1 dev=0 devName=rocep1s0f1 ndevs=1 nmdevs=1 qp_num=9937 pkey=0 pd=0xf6a430041ea0 oooRq=0
spark:247:279 [0] NCCL INFO NET/IB: ncclIbSenderQpsCreate: QP created: port=1 dev=0 devName=rocep1s0f1 ndevs=1 nmdevs=1 qp_num=9938 pkey=0 pd=0xf6a430041ea0 oooRq=0
spark:247:279 [0] NCCL INFO NET/IB: ncclIbConnectImpl: NCCL Dev 0 IbDev 0 Port 1 qp_num 9935 mtu 5 GID 3 (0/164A8C0FFFF0000) ctsFifoRkey=0x2238d5 ctsFifoLkey=0x2238d5
spark:247:279 [0] NCCL INFO NET/IB: ncclIbConnectImpl: IbDev 0 Port 1 qp_num 9935 query_ece={supported=1, vendor_id=0x15b3, options=0x30000002, comp_mask=0x0}
spark:247:279 [0] NCCL INFO NET/IB: ncclIbConnectImpl: NCCL Dev 0 IbDev 0 Port 1 qp_num 9936 mtu 5 GID 3 (0/164A8C0FFFF0000) ctsFifoRkey=0x2238d5 ctsFifoLkey=0x2238d5
spark:247:279 [0] NCCL INFO NET/IB: ncclIbConnectImpl: IbDev 0 Port 1 qp_num 9936 query_ece={supported=1, vendor_id=0x15b3, options=0x30000002, comp_mask=0x0}
spark:247:279 [0] NCCL INFO NET/IB: ncclIbConnectImpl: NCCL Dev 0 IbDev 0 Port 1 qp_num 9937 mtu 5 GID 3 (0/164A8C0FFFF0000) ctsFifoRkey=0x2238d5 ctsFifoLkey=0x2238d5
spark:247:279 [0] NCCL INFO NET/IB: ncclIbConnectImpl: IbDev 0 Port 1 qp_num 9937 query_ece={supported=1, vendor_id=0x15b3, options=0x30000002, comp_mask=0x0}
spark:247:279 [0] NCCL INFO NET/IB: ncclIbConnectImpl: NCCL Dev 0 IbDev 0 Port 1 qp_num 9938 mtu 5 GID 3 (0/164A8C0FFFF0000) ctsFifoRkey=0x2238d5 ctsFifoLkey=0x2238d5
spark:247:279 [0] NCCL INFO NET/IB: ncclIbConnectImpl: IbDev 0 Port 1 qp_num 9938 query_ece={supported=1, vendor_id=0x15b3, options=0x30000002, comp_mask=0x0}
spark:247:279 [0] NCCL INFO NET/IB: ncclIbSenderQpsCreate: QP created: port=1 dev=0 devName=rocep1s0f1 ndevs=1 nmdevs=1 qp_num=9939 pkey=0 pd=0xf6a430041ea0 oooRq=0
spark:247:279 [0] NCCL INFO NET/IB: ncclIbSenderQpsCreate: QP created: port=1 dev=0 devName=rocep1s0f1 ndevs=1 nmdevs=1 qp_num=9940 pkey=0 pd=0xf6a430041ea0 oooRq=0
spark:247:279 [0] NCCL INFO NET/IB: ncclIbSenderQpsCreate: QP created: port=1 dev=0 devName=rocep1s0f1 ndevs=1 nmdevs=1 qp_num=9941 pkey=0 pd=0xf6a430041ea0 oooRq=0
spark:247:279 [0] NCCL INFO NET/IB: ncclIbSenderQpsCreate: QP created: port=1 dev=0 devName=rocep1s0f1 ndevs=1 nmdevs=1 qp_num=9942 pkey=0 pd=0xf6a430041ea0 oooRq=0
spark:247:279 [0] NCCL INFO NET/IB: ncclIbConnectImpl: NCCL Dev 0 IbDev 0 Port 1 qp_num 9939 mtu 5 GID 3 (0/164A8C0FFFF0000) ctsFifoRkey=0x2237d4 ctsFifoLkey=0x2237d4
spark:247:279 [0] NCCL INFO NET/IB: ncclIbConnectImpl: IbDev 0 Port 1 qp_num 9939 query_ece={supported=1, vendor_id=0x15b3, options=0x30000002, comp_mask=0x0}
spark:247:279 [0] NCCL INFO NET/IB: ncclIbConnectImpl: NCCL Dev 0 IbDev 0 Port 1 qp_num 9940 mtu 5 GID 3 (0/164A8C0FFFF0000) ctsFifoRkey=0x2237d4 ctsFifoLkey=0x2237d4
spark:247:279 [0] NCCL INFO NET/IB: ncclIbConnectImpl: IbDev 0 Port 1 qp_num 9940 query_ece={supported=1, vendor_id=0x15b3, options=0x30000002, comp_mask=0x0}
spark:247:279 [0] NCCL INFO NET/IB: ncclIbConnectImpl: NCCL Dev 0 IbDev 0 Port 1 qp_num 9941 mtu 5 GID 3 (0/164A8C0FFFF0000) ctsFifoRkey=0x2237d4 ctsFifoLkey=0x2237d4
spark:247:279 [0] NCCL INFO NET/IB: ncclIbConnectImpl: IbDev 0 Port 1 qp_num 9941 query_ece={supported=1, vendor_id=0x15b3, options=0x30000002, comp_mask=0x0}
spark:247:279 [0] NCCL INFO NET/IB: ncclIbConnectImpl: NCCL Dev 0 IbDev 0 Port 1 qp_num 9942 mtu 5 GID 3 (0/164A8C0FFFF0000) ctsFifoRkey=0x2237d4 ctsFifoLkey=0x2237d4
spark:247:279 [0] NCCL INFO NET/IB: ncclIbConnectImpl: IbDev 0 Port 1 qp_num 9942 query_ece={supported=1, vendor_id=0x15b3, options=0x30000002, comp_mask=0x0}
spark:247:279 [0] NCCL INFO NET/IB: ncclIbSenderQpsCreate: QP created: port=1 dev=0 devName=rocep1s0f1 ndevs=1 nmdevs=1 qp_num=9943 pkey=0 pd=0xf6a430041ea0 oooRq=0
spark:247:279 [0] NCCL INFO NET/IB: ncclIbSenderQpsCreate: QP created: port=1 dev=0 devName=rocep1s0f1 ndevs=1 nmdevs=1 qp_num=9944 pkey=0 pd=0xf6a430041ea0 oooRq=0
spark:247:279 [0] NCCL INFO NET/IB: ncclIbSenderQpsCreate: QP created: port=1 dev=0 devName=rocep1s0f1 ndevs=1 nmdevs=1 qp_num=9945 pkey=0 pd=0xf6a430041ea0 oooRq=0
spark:247:279 [0] NCCL INFO NET/IB: ncclIbSenderQpsCreate: QP created: port=1 dev=0 devName=rocep1s0f1 ndevs=1 nmdevs=1 qp_num=9946 pkey=0 pd=0xf6a430041ea0 oooRq=0
spark:247:279 [0] NCCL INFO NET/IB: ncclIbConnectImpl: NCCL Dev 0 IbDev 0 Port 1 qp_num 9943 mtu 5 GID 3 (0/164A8C0FFFF0000) ctsFifoRkey=0x2236d3 ctsFifoLkey=0x2236d3
spark:247:279 [0] NCCL INFO NET/IB: ncclIbConnectImpl: IbDev 0 Port 1 qp_num 9943 query_ece={supported=1, vendor_id=0x15b3, options=0x30000002, comp_mask=0x0}
spark:247:279 [0] NCCL INFO NET/IB: ncclIbConnectImpl: NCCL Dev 0 IbDev 0 Port 1 qp_num 9944 mtu 5 GID 3 (0/164A8C0FFFF0000) ctsFifoRkey=0x2236d3 ctsFifoLkey=0x2236d3
spark:247:279 [0] NCCL INFO NET/IB: ncclIbConnectImpl: IbDev 0 Port 1 qp_num 9944 query_ece={supported=1, vendor_id=0x15b3, options=0x30000002, comp_mask=0x0}
spark:247:279 [0] NCCL INFO NET/IB: ncclIbConnectImpl: NCCL Dev 0 IbDev 0 Port 1 qp_num 9945 mtu 5 GID 3 (0/164A8C0FFFF0000) ctsFifoRkey=0x2236d3 ctsFifoLkey=0x2236d3
spark:247:279 [0] NCCL INFO NET/IB: ncclIbConnectImpl: IbDev 0 Port 1 qp_num 9945 query_ece={supported=1, vendor_id=0x15b3, options=0x30000002, comp_mask=0x0}
spark:247:279 [0] NCCL INFO NET/IB: ncclIbConnectImpl: NCCL Dev 0 IbDev 0 Port 1 qp_num 9946 mtu 5 GID 3 (0/164A8C0FFFF0000) ctsFifoRkey=0x2236d3 ctsFifoLkey=0x2236d3
spark:247:279 [0] NCCL INFO NET/IB: ncclIbConnectImpl: IbDev 0 Port 1 qp_num 9946 query_ece={supported=1, vendor_id=0x15b3, options=0x30000002, comp_mask=0x0}
spark:247:279 [0] NCCL INFO NET/IB: ncclIbSenderQpsCreate: QP created: port=1 dev=0 devName=rocep1s0f1 ndevs=1 nmdevs=1 qp_num=9947 pkey=0 pd=0xf6a430041ea0 oooRq=0
spark:247:279 [0] NCCL INFO NET/IB: ncclIbSenderQpsCreate: QP created: port=1 dev=0 devName=rocep1s0f1 ndevs=1 nmdevs=1 qp_num=9948 pkey=0 pd=0xf6a430041ea0 oooRq=0
spark:247:279 [0] NCCL INFO NET/IB: ncclIbSenderQpsCreate: QP created: port=1 dev=0 devName=rocep1s0f1 ndevs=1 nmdevs=1 qp_num=9949 pkey=0 pd=0xf6a430041ea0 oooRq=0
spark:247:279 [0] NCCL INFO NET/IB: ncclIbSenderQpsCreate: QP created: port=1 dev=0 devName=rocep1s0f1 ndevs=1 nmdevs=1 qp_num=9950 pkey=0 pd=0xf6a430041ea0 oooRq=0
spark:247:279 [0] NCCL INFO NET/IB: ncclIbConnectImpl: NCCL Dev 0 IbDev 0 Port 1 qp_num 9947 mtu 5 GID 3 (0/164A8C0FFFF0000) ctsFifoRkey=0x2235d2 ctsFifoLkey=0x2235d2
spark:247:279 [0] NCCL INFO NET/IB: ncclIbConnectImpl: IbDev 0 Port 1 qp_num 9947 query_ece={supported=1, vendor_id=0x15b3, options=0x30000002, comp_mask=0x0}
spark:247:279 [0] NCCL INFO NET/IB: ncclIbConnectImpl: NCCL Dev 0 IbDev 0 Port 1 qp_num 9948 mtu 5 GID 3 (0/164A8C0FFFF0000) ctsFifoRkey=0x2235d2 ctsFifoLkey=0x2235d2
spark:247:279 [0] NCCL INFO NET/IB: ncclIbConnectImpl: IbDev 0 Port 1 qp_num 9948 query_ece={supported=1, vendor_id=0x15b3, options=0x30000002, comp_mask=0x0}
spark:247:279 [0] NCCL INFO NET/IB: ncclIbConnectImpl: NCCL Dev 0 IbDev 0 Port 1 qp_num 9949 mtu 5 GID 3 (0/164A8C0FFFF0000) ctsFifoRkey=0x2235d2 ctsFifoLkey=0x2235d2
spark:247:279 [0] NCCL INFO NET/IB: ncclIbConnectImpl: IbDev 0 Port 1 qp_num 9949 query_ece={supported=1, vendor_id=0x15b3, options=0x30000002, comp_mask=0x0}
spark:247:279 [0] NCCL INFO NET/IB: ncclIbConnectImpl: NCCL Dev 0 IbDev 0 Port 1 qp_num 9950 mtu 5 GID 3 (0/164A8C0FFFF0000) ctsFifoRkey=0x2235d2 ctsFifoLkey=0x2235d2
spark:247:279 [0] NCCL INFO NET/IB: ncclIbConnectImpl: IbDev 0 Port 1 qp_num 9950 query_ece={supported=1, vendor_id=0x15b3, options=0x30000002, comp_mask=0x0}
spark:247:279 [0] NCCL INFO NET/IB: ncclIbSenderQpsCreate: QP created: port=1 dev=0 devName=rocep1s0f1 ndevs=1 nmdevs=1 qp_num=9951 pkey=0 pd=0xf6a430041ea0 oooRq=0
spark:247:279 [0] NCCL INFO NET/IB: ncclIbSenderQpsCreate: QP created: port=1 dev=0 devName=rocep1s0f1 ndevs=1 nmdevs=1 qp_num=9952 pkey=0 pd=0xf6a430041ea0 oooRq=0
spark:247:279 [0] NCCL INFO NET/IB: ncclIbSenderQpsCreate: QP created: port=1 dev=0 devName=rocep1s0f1 ndevs=1 nmdevs=1 qp_num=9953 pkey=0 pd=0xf6a430041ea0 oooRq=0
spark:247:279 [0] NCCL INFO NET/IB: ncclIbSenderQpsCreate: QP created: port=1 dev=0 devName=rocep1s0f1 ndevs=1 nmdevs=1 qp_num=9954 pkey=0 pd=0xf6a430041ea0 oooRq=0
spark:247:279 [0] NCCL INFO NET/IB: ncclIbConnectImpl: NCCL Dev 0 IbDev 0 Port 1 qp_num 9951 mtu 5 GID 3 (0/164A8C0FFFF0000) ctsFifoRkey=0x2234d1 ctsFifoLkey=0x2234d1
spark:247:279 [0] NCCL INFO NET/IB: ncclIbConnectImpl: IbDev 0 Port 1 qp_num 9951 query_ece={supported=1, vendor_id=0x15b3, options=0x30000002, comp_mask=0x0}
spark:247:279 [0] NCCL INFO NET/IB: ncclIbConnectImpl: NCCL Dev 0 IbDev 0 Port 1 qp_num 9952 mtu 5 GID 3 (0/164A8C0FFFF0000) ctsFifoRkey=0x2234d1 ctsFifoLkey=0x2234d1
spark:247:279 [0] NCCL INFO NET/IB: ncclIbConnectImpl: IbDev 0 Port 1 qp_num 9952 query_ece={supported=1, vendor_id=0x15b3, options=0x30000002, comp_mask=0x0}
spark:247:279 [0] NCCL INFO NET/IB: ncclIbConnectImpl: NCCL Dev 0 IbDev 0 Port 1 qp_num 9953 mtu 5 GID 3 (0/164A8C0FFFF0000) ctsFifoRkey=0x2234d1 ctsFifoLkey=0x2234d1
spark:247:279 [0] NCCL INFO NET/IB: ncclIbConnectImpl: IbDev 0 Port 1 qp_num 9953 query_ece={supported=1, vendor_id=0x15b3, options=0x30000002, comp_mask=0x0}
spark:247:279 [0] NCCL INFO NET/IB: ncclIbConnectImpl: NCCL Dev 0 IbDev 0 Port 1 qp_num 9954 mtu 5 GID 3 (0/164A8C0FFFF0000) ctsFifoRkey=0x2234d1 ctsFifoLkey=0x2234d1
spark:247:279 [0] NCCL INFO NET/IB: ncclIbConnectImpl: IbDev 0 Port 1 qp_num 9954 query_ece={supported=1, vendor_id=0x15b3, options=0x30000002, comp_mask=0x0}
spark:247:279 [0] NCCL INFO NET/IB: ncclIbResiliencyInit: Resiliency is disabled on the send communicator (comm=0xf6a431789000)
spark:247:279 [0] NCCL INFO NET/IB: ncclIbSenderQpsToRts: Set ECE: IbDev 0 Port 1 qp_num 9927 set_ece={supported=1, vendor_id=0x15b3, options=0x30000002, comp_mask=0x0}
spark:247:279 [0] NCCL INFO NET/IB: ncclIbSenderQpsToRts: Set ECE: IbDev 0 Port 1 qp_num 9928 set_ece={supported=1, vendor_id=0x15b3, options=0x30000002, comp_mask=0x0}
spark:247:279 [0] NCCL INFO NET/IB: ncclIbSenderQpsToRts: Set ECE: IbDev 0 Port 1 qp_num 9929 set_ece={supported=1, vendor_id=0x15b3, options=0x30000002, comp_mask=0x0}
spark:247:279 [0] NCCL INFO NET/IB: ncclIbSenderQpsToRts: Set ECE: IbDev 0 Port 1 qp_num 9930 set_ece={supported=1, vendor_id=0x15b3, options=0x30000002, comp_mask=0x0}
spark:247:279 [0] NCCL INFO NET/IB: ncclIbReceiverQpsCreateToRts: QP created: port=1 dev=0 devName=rocep1s0f1 ndevs=1 nmdevs=1 qp_num=9955 pkey=0 pd=0xf6a430041ea0 oooRq=0
spark:247:279 [0] NCCL INFO NET/IB: ncclIbReceiverQpsCreateToRts: QP created: port=1 dev=0 devName=rocep1s0f1 ndevs=1 nmdevs=1 qp_num=9956 pkey=0 pd=0xf6a430041ea0 oooRq=0
spark:247:279 [0] NCCL INFO NET/IB: ncclIbReceiverQpsCreateToRts: QP created: port=1 dev=0 devName=rocep1s0f1 ndevs=1 nmdevs=1 qp_num=9957 pkey=0 pd=0xf6a430041ea0 oooRq=0
spark:247:279 [0] NCCL INFO NET/IB: ncclIbReceiverQpsCreateToRts: QP created: port=1 dev=0 devName=rocep1s0f1 ndevs=1 nmdevs=1 qp_num=9958 pkey=0 pd=0xf6a430041ea0 oooRq=0
spark:247:279 [0] NCCL INFO NET/IB: ncclIbReceiverQpsCreateToRts: Flush QP created: port=1 dev=0 devName=rocep1s0f1 ndevs=1 nmdevs=1 qp_num=9959 pkey=0 pd=0xf6a430041ea0
spark:247:279 [0] NCCL INFO NET/IB: ncclIbSenderQpsToRts: Set ECE: IbDev 0 Port 1 qp_num 9931 set_ece={supported=1, vendor_id=0x15b3, options=0x30000002, comp_mask=0x0}
spark:247:279 [0] NCCL INFO NET/IB: ncclIbSenderQpsToRts: Set ECE: IbDev 0 Port 1 qp_num 9932 set_ece={supported=1, vendor_id=0x15b3, options=0x30000002, comp_mask=0x0}
spark:247:279 [0] NCCL INFO NET/IB: ncclIbSenderQpsToRts: Set ECE: IbDev 0 Port 1 qp_num 9933 set_ece={supported=1, vendor_id=0x15b3, options=0x30000002, comp_mask=0x0}
spark:247:279 [0] NCCL INFO NET/IB: ncclIbSenderQpsToRts: Set ECE: IbDev 0 Port 1 qp_num 9934 set_ece={supported=1, vendor_id=0x15b3, options=0x30000002, comp_mask=0x0}
spark:247:279 [0] NCCL INFO NET/IB: ncclIbReceiverQpsCreateToRts: QP created: port=1 dev=0 devName=rocep1s0f1 ndevs=1 nmdevs=1 qp_num=9960 pkey=0 pd=0xf6a430041ea0 oooRq=0
spark:247:279 [0] NCCL INFO NET/IB: ncclIbReceiverQpsCreateToRts: QP created: port=1 dev=0 devName=rocep1s0f1 ndevs=1 nmdevs=1 qp_num=9961 pkey=0 pd=0xf6a430041ea0 oooRq=0
spark:247:279 [0] NCCL INFO NET/IB: ncclIbReceiverQpsCreateToRts: QP created: port=1 dev=0 devName=rocep1s0f1 ndevs=1 nmdevs=1 qp_num=9962 pkey=0 pd=0xf6a430041ea0 oooRq=0
spark:247:279 [0] NCCL INFO NET/IB: ncclIbReceiverQpsCreateToRts: QP created: port=1 dev=0 devName=rocep1s0f1 ndevs=1 nmdevs=1 qp_num=9963 pkey=0 pd=0xf6a430041ea0 oooRq=0
spark:247:279 [0] NCCL INFO NET/IB: ncclIbReceiverQpsCreateToRts: Flush QP created: port=1 dev=0 devName=rocep1s0f1 ndevs=1 nmdevs=1 qp_num=9964 pkey=0 pd=0xf6a430041ea0
spark:247:279 [0] NCCL INFO NET/IB: ncclIbSenderQpsToRts: Set ECE: IbDev 0 Port 1 qp_num 9935 set_ece={supported=1, vendor_id=0x15b3, options=0x30000002, comp_mask=0x0}
spark:247:279 [0] NCCL INFO NET/IB: ncclIbSenderQpsToRts: Set ECE: IbDev 0 Port 1 qp_num 9936 set_ece={supported=1, vendor_id=0x15b3, options=0x30000002, comp_mask=0x0}
spark:247:279 [0] NCCL INFO NET/IB: ncclIbSenderQpsToRts: Set ECE: IbDev 0 Port 1 qp_num 9937 set_ece={supported=1, vendor_id=0x15b3, options=0x30000002, comp_mask=0x0}
spark:247:279 [0] NCCL INFO NET/IB: ncclIbSenderQpsToRts: Set ECE: IbDev 0 Port 1 qp_num 9938 set_ece={supported=1, vendor_id=0x15b3, options=0x30000002, comp_mask=0x0}
spark:247:279 [0] NCCL INFO NET/IB: ncclIbReceiverQpsCreateToRts: QP created: port=1 dev=0 devName=rocep1s0f1 ndevs=1 nmdevs=1 qp_num=9965 pkey=0 pd=0xf6a430041ea0 oooRq=0
spark:247:279 [0] NCCL INFO NET/IB: ncclIbReceiverQpsCreateToRts: QP created: port=1 dev=0 devName=rocep1s0f1 ndevs=1 nmdevs=1 qp_num=9966 pkey=0 pd=0xf6a430041ea0 oooRq=0
spark:247:279 [0] NCCL INFO NET/IB: ncclIbReceiverQpsCreateToRts: QP created: port=1 dev=0 devName=rocep1s0f1 ndevs=1 nmdevs=1 qp_num=9967 pkey=0 pd=0xf6a430041ea0 oooRq=0
spark:247:279 [0] NCCL INFO NET/IB: ncclIbReceiverQpsCreateToRts: QP created: port=1 dev=0 devName=rocep1s0f1 ndevs=1 nmdevs=1 qp_num=9968 pkey=0 pd=0xf6a430041ea0 oooRq=0
spark:247:279 [0] NCCL INFO NET/IB: ncclIbReceiverQpsCreateToRts: Flush QP created: port=1 dev=0 devName=rocep1s0f1 ndevs=1 nmdevs=1 qp_num=9969 pkey=0 pd=0xf6a430041ea0
spark:247:279 [0] NCCL INFO NET/IB: ncclIbSenderQpsToRts: Set ECE: IbDev 0 Port 1 qp_num 9939 set_ece={supported=1, vendor_id=0x15b3, options=0x30000002, comp_mask=0x0}
spark:247:279 [0] NCCL INFO NET/IB: ncclIbSenderQpsToRts: Set ECE: IbDev 0 Port 1 qp_num 9940 set_ece={supported=1, vendor_id=0x15b3, options=0x30000002, comp_mask=0x0}
spark:247:279 [0] NCCL INFO NET/IB: ncclIbSenderQpsToRts: Set ECE: IbDev 0 Port 1 qp_num 9941 set_ece={supported=1, vendor_id=0x15b3, options=0x30000002, comp_mask=0x0}
spark:247:279 [0] NCCL INFO NET/IB: ncclIbSenderQpsToRts: Set ECE: IbDev 0 Port 1 qp_num 9942 set_ece={supported=1, vendor_id=0x15b3, options=0x30000002, comp_mask=0x0}
spark:247:279 [0] NCCL INFO NET/IB: ncclIbReceiverQpsCreateToRts: QP created: port=1 dev=0 devName=rocep1s0f1 ndevs=1 nmdevs=1 qp_num=9970 pkey=0 pd=0xf6a430041ea0 oooRq=0
spark:247:279 [0] NCCL INFO NET/IB: ncclIbReceiverQpsCreateToRts: QP created: port=1 dev=0 devName=rocep1s0f1 ndevs=1 nmdevs=1 qp_num=9971 pkey=0 pd=0xf6a430041ea0 oooRq=0
spark:247:279 [0] NCCL INFO NET/IB: ncclIbReceiverQpsCreateToRts: QP created: port=1 dev=0 devName=rocep1s0f1 ndevs=1 nmdevs=1 qp_num=9972 pkey=0 pd=0xf6a430041ea0 oooRq=0
spark:247:279 [0] NCCL INFO NET/IB: ncclIbReceiverQpsCreateToRts: QP created: port=1 dev=0 devName=rocep1s0f1 ndevs=1 nmdevs=1 qp_num=9973 pkey=0 pd=0xf6a430041ea0 oooRq=0
spark:247:279 [0] NCCL INFO NET/IB: ncclIbReceiverQpsCreateToRts: Flush QP created: port=1 dev=0 devName=rocep1s0f1 ndevs=1 nmdevs=1 qp_num=9974 pkey=0 pd=0xf6a430041ea0
spark:247:279 [0] NCCL INFO NET/IB: ncclIbSenderQpsToRts: Set ECE: IbDev 0 Port 1 qp_num 9943 set_ece={supported=1, vendor_id=0x15b3, options=0x30000002, comp_mask=0x0}
spark:247:279 [0] NCCL INFO NET/IB: ncclIbSenderQpsToRts: Set ECE: IbDev 0 Port 1 qp_num 9944 set_ece={supported=1, vendor_id=0x15b3, options=0x30000002, comp_mask=0x0}
spark:247:279 [0] NCCL INFO NET/IB: ncclIbSenderQpsToRts: Set ECE: IbDev 0 Port 1 qp_num 9945 set_ece={supported=1, vendor_id=0x15b3, options=0x30000002, comp_mask=0x0}
spark:247:279 [0] NCCL INFO NET/IB: ncclIbSenderQpsToRts: Set ECE: IbDev 0 Port 1 qp_num 9946 set_ece={supported=1, vendor_id=0x15b3, options=0x30000002, comp_mask=0x0}
spark:247:279 [0] NCCL INFO NET/IB: ncclIbReceiverQpsCreateToRts: QP created: port=1 dev=0 devName=rocep1s0f1 ndevs=1 nmdevs=1 qp_num=9975 pkey=0 pd=0xf6a430041ea0 oooRq=0
spark:247:279 [0] NCCL INFO NET/IB: ncclIbReceiverQpsCreateToRts: QP created: port=1 dev=0 devName=rocep1s0f1 ndevs=1 nmdevs=1 qp_num=9976 pkey=0 pd=0xf6a430041ea0 oooRq=0
spark:247:279 [0] NCCL INFO NET/IB: ncclIbReceiverQpsCreateToRts: QP created: port=1 dev=0 devName=rocep1s0f1 ndevs=1 nmdevs=1 qp_num=9977 pkey=0 pd=0xf6a430041ea0 oooRq=0
spark:247:279 [0] NCCL INFO NET/IB: ncclIbReceiverQpsCreateToRts: QP created: port=1 dev=0 devName=rocep1s0f1 ndevs=1 nmdevs=1 qp_num=9978 pkey=0 pd=0xf6a430041ea0 oooRq=0
spark:247:279 [0] NCCL INFO NET/IB: ncclIbReceiverQpsCreateToRts: Flush QP created: port=1 dev=0 devName=rocep1s0f1 ndevs=1 nmdevs=1 qp_num=9979 pkey=0 pd=0xf6a430041ea0
spark:247:279 [0] NCCL INFO NET/IB: ncclIbSenderQpsToRts: Set ECE: IbDev 0 Port 1 qp_num 9947 set_ece={supported=1, vendor_id=0x15b3, options=0x30000002, comp_mask=0x0}
spark:247:279 [0] NCCL INFO NET/IB: ncclIbSenderQpsToRts: Set ECE: IbDev 0 Port 1 qp_num 9948 set_ece={supported=1, vendor_id=0x15b3, options=0x30000002, comp_mask=0x0}
spark:247:279 [0] NCCL INFO NET/IB: ncclIbSenderQpsToRts: Set ECE: IbDev 0 Port 1 qp_num 9949 set_ece={supported=1, vendor_id=0x15b3, options=0x30000002, comp_mask=0x0}
spark:247:279 [0] NCCL INFO NET/IB: ncclIbSenderQpsToRts: Set ECE: IbDev 0 Port 1 qp_num 9950 set_ece={supported=1, vendor_id=0x15b3, options=0x30000002, comp_mask=0x0}
spark:247:279 [0] NCCL INFO NET/IB: ncclIbReceiverQpsCreateToRts: QP created: port=1 dev=0 devName=rocep1s0f1 ndevs=1 nmdevs=1 qp_num=9980 pkey=0 pd=0xf6a430041ea0 oooRq=0
spark:247:279 [0] NCCL INFO NET/IB: ncclIbReceiverQpsCreateToRts: QP created: port=1 dev=0 devName=rocep1s0f1 ndevs=1 nmdevs=1 qp_num=9981 pkey=0 pd=0xf6a430041ea0 oooRq=0
spark:247:279 [0] NCCL INFO NET/IB: ncclIbReceiverQpsCreateToRts: QP created: port=1 dev=0 devName=rocep1s0f1 ndevs=1 nmdevs=1 qp_num=9982 pkey=0 pd=0xf6a430041ea0 oooRq=0
spark:247:279 [0] NCCL INFO NET/IB: ncclIbReceiverQpsCreateToRts: QP created: port=1 dev=0 devName=rocep1s0f1 ndevs=1 nmdevs=1 qp_num=9983 pkey=0 pd=0xf6a430041ea0 oooRq=0
spark:247:279 [0] NCCL INFO NET/IB: ncclIbReceiverQpsCreateToRts: Flush QP created: port=1 dev=0 devName=rocep1s0f1 ndevs=1 nmdevs=1 qp_num=9984 pkey=0 pd=0xf6a430041ea0
spark:247:279 [0] NCCL INFO NET/IB: ncclIbSenderQpsToRts: Set ECE: IbDev 0 Port 1 qp_num 9951 set_ece={supported=1, vendor_id=0x15b3, options=0x30000002, comp_mask=0x0}
spark:247:279 [0] NCCL INFO NET/IB: ncclIbSenderQpsToRts: Set ECE: IbDev 0 Port 1 qp_num 9952 set_ece={supported=1, vendor_id=0x15b3, options=0x30000002, comp_mask=0x0}
spark:247:279 [0] NCCL INFO NET/IB: ncclIbSenderQpsToRts: Set ECE: IbDev 0 Port 1 qp_num 9953 set_ece={supported=1, vendor_id=0x15b3, options=0x30000002, comp_mask=0x0}
spark:247:279 [0] NCCL INFO NET/IB: ncclIbSenderQpsToRts: Set ECE: IbDev 0 Port 1 qp_num 9954 set_ece={supported=1, vendor_id=0x15b3, options=0x30000002, comp_mask=0x0}
spark:247:279 [0] NCCL INFO NET/IB: ncclIbReceiverQpsCreateToRts: QP created: port=1 dev=0 devName=rocep1s0f1 ndevs=1 nmdevs=1 qp_num=9985 pkey=0 pd=0xf6a430041ea0 oooRq=0
spark:247:279 [0] NCCL INFO NET/IB: ncclIbReceiverQpsCreateToRts: QP created: port=1 dev=0 devName=rocep1s0f1 ndevs=1 nmdevs=1 qp_num=9986 pkey=0 pd=0xf6a430041ea0 oooRq=0
spark:247:279 [0] NCCL INFO NET/IB: ncclIbReceiverQpsCreateToRts: QP created: port=1 dev=0 devName=rocep1s0f1 ndevs=1 nmdevs=1 qp_num=9987 pkey=0 pd=0xf6a430041ea0 oooRq=0
spark:247:279 [0] NCCL INFO NET/IB: ncclIbReceiverQpsCreateToRts: QP created: port=1 dev=0 devName=rocep1s0f1 ndevs=1 nmdevs=1 qp_num=9988 pkey=0 pd=0xf6a430041ea0 oooRq=0
spark:247:279 [0] NCCL INFO NET/IB: ncclIbReceiverQpsCreateToRts: Flush QP created: port=1 dev=0 devName=rocep1s0f1 ndevs=1 nmdevs=1 qp_num=9989 pkey=0 pd=0xf6a430041ea0
spark:247:279 [0] NCCL INFO NET/IB: ncclIbSenderQpsCreate: QP created: port=1 dev=0 devName=rocep1s0f1 ndevs=1 nmdevs=1 qp_num=9990 pkey=0 pd=0xf6a430041ea0 oooRq=0
spark:247:279 [0] NCCL INFO NET/IB: ncclIbSenderQpsCreate: QP created: port=1 dev=0 devName=rocep1s0f1 ndevs=1 nmdevs=1 qp_num=9991 pkey=0 pd=0xf6a430041ea0 oooRq=0
spark:247:279 [0] NCCL INFO NET/IB: ncclIbSenderQpsCreate: QP created: port=1 dev=0 devName=rocep1s0f1 ndevs=1 nmdevs=1 qp_num=9992 pkey=0 pd=0xf6a430041ea0 oooRq=0
spark:247:279 [0] NCCL INFO NET/IB: ncclIbSenderQpsCreate: QP created: port=1 dev=0 devName=rocep1s0f1 ndevs=1 nmdevs=1 qp_num=9993 pkey=0 pd=0xf6a430041ea0 oooRq=0
spark:247:279 [0] NCCL INFO NET/IB: ncclIbConnectImpl: NCCL Dev 0 IbDev 0 Port 1 qp_num 9990 mtu 5 GID 3 (0/164A8C0FFFF0000) ctsFifoRkey=0x2229c9 ctsFifoLkey=0x2229c9
spark:247:279 [0] NCCL INFO NET/IB: ncclIbConnectImpl: IbDev 0 Port 1 qp_num 9990 query_ece={supported=1, vendor_id=0x15b3, options=0x30000002, comp_mask=0x0}
spark:247:279 [0] NCCL INFO NET/IB: ncclIbConnectImpl: NCCL Dev 0 IbDev 0 Port 1 qp_num 9991 mtu 5 GID 3 (0/164A8C0FFFF0000) ctsFifoRkey=0x2229c9 ctsFifoLkey=0x2229c9
spark:247:279 [0] NCCL INFO NET/IB: ncclIbConnectImpl: IbDev 0 Port 1 qp_num 9991 query_ece={supported=1, vendor_id=0x15b3, options=0x30000002, comp_mask=0x0}
spark:247:279 [0] NCCL INFO NET/IB: ncclIbConnectImpl: NCCL Dev 0 IbDev 0 Port 1 qp_num 9992 mtu 5 GID 3 (0/164A8C0FFFF0000) ctsFifoRkey=0x2229c9 ctsFifoLkey=0x2229c9
spark:247:279 [0] NCCL INFO NET/IB: ncclIbConnectImpl: IbDev 0 Port 1 qp_num 9992 query_ece={supported=1, vendor_id=0x15b3, options=0x30000002, comp_mask=0x0}
spark:247:279 [0] NCCL INFO NET/IB: ncclIbConnectImpl: NCCL Dev 0 IbDev 0 Port 1 qp_num 9993 mtu 5 GID 3 (0/164A8C0FFFF0000) ctsFifoRkey=0x2229c9 ctsFifoLkey=0x2229c9
spark:247:279 [0] NCCL INFO NET/IB: ncclIbConnectImpl: IbDev 0 Port 1 qp_num 9993 query_ece={supported=1, vendor_id=0x15b3, options=0x30000002, comp_mask=0x0}
spark:247:279 [0] NCCL INFO NET/IB: ncclIbReceiverQpsCreateToRts: QP created: port=1 dev=0 devName=rocep1s0f1 ndevs=1 nmdevs=1 qp_num=9994 pkey=0 pd=0xf6a430041ea0 oooRq=0
spark:247:279 [0] NCCL INFO NET/IB: ncclIbReceiverQpsCreateToRts: QP created: port=1 dev=0 devName=rocep1s0f1 ndevs=1 nmdevs=1 qp_num=9995 pkey=0 pd=0xf6a430041ea0 oooRq=0
spark:247:279 [0] NCCL INFO NET/IB: ncclIbReceiverQpsCreateToRts: QP created: port=1 dev=0 devName=rocep1s0f1 ndevs=1 nmdevs=1 qp_num=9996 pkey=0 pd=0xf6a430041ea0 oooRq=0
spark:247:279 [0] NCCL INFO NET/IB: ncclIbReceiverQpsCreateToRts: QP created: port=1 dev=0 devName=rocep1s0f1 ndevs=1 nmdevs=1 qp_num=9997 pkey=0 pd=0xf6a430041ea0 oooRq=0
spark:247:279 [0] NCCL INFO NET/IB: ncclIbReceiverQpsCreateToRts: Flush QP created: port=1 dev=0 devName=rocep1s0f1 ndevs=1 nmdevs=1 qp_num=9998 pkey=0 pd=0xf6a430041ea0
spark:247:279 [0] NCCL INFO NET/IB: ncclIbResiliencyInit: Resiliency is disabled on the recv communicator (comm=0xf6a432069000)
spark:247:279 [0] NCCL INFO NET/IB: ncclIbRecvCommInit: Receive work requests will be posted on-demand
spark:247:279 [0] NCCL INFO NET/IB: ncclIbResiliencyInit: Resiliency is disabled on the send communicator (comm=0xf6a4320b1000)
spark:247:279 [0] NCCL INFO NET/IB: ncclIbSenderQpsToRts: Set ECE: IbDev 0 Port 1 qp_num 9990 set_ece={supported=1, vendor_id=0x15b3, options=0x30000002, comp_mask=0x0}
spark:247:279 [0] NCCL INFO NET/IB: ncclIbSenderQpsToRts: Set ECE: IbDev 0 Port 1 qp_num 9991 set_ece={supported=1, vendor_id=0x15b3, options=0x30000002, comp_mask=0x0}
spark:247:279 [0] NCCL INFO NET/IB: ncclIbSenderQpsToRts: Set ECE: IbDev 0 Port 1 qp_num 9992 set_ece={supported=1, vendor_id=0x15b3, options=0x30000002, comp_mask=0x0}
spark:247:279 [0] NCCL INFO NET/IB: ncclIbSenderQpsToRts: Set ECE: IbDev 0 Port 1 qp_num 9993 set_ece={supported=1, vendor_id=0x15b3, options=0x30000002, comp_mask=0x0}
spark:247:279 [0] NCCL INFO NET/IB: ncclIbSenderQpsCreate: QP created: port=1 dev=0 devName=rocep1s0f1 ndevs=1 nmdevs=1 qp_num=9999 pkey=0 pd=0xf6a430041ea0 oooRq=0
spark:247:279 [0] NCCL INFO NET/IB: ncclIbSenderQpsCreate: QP created: port=1 dev=0 devName=rocep1s0f1 ndevs=1 nmdevs=1 qp_num=10000 pkey=0 pd=0xf6a430041ea0 oooRq=0
spark:247:279 [0] NCCL INFO NET/IB: ncclIbSenderQpsCreate: QP created: port=1 dev=0 devName=rocep1s0f1 ndevs=1 nmdevs=1 qp_num=10001 pkey=0 pd=0xf6a430041ea0 oooRq=0
spark:247:279 [0] NCCL INFO NET/IB: ncclIbSenderQpsCreate: QP created: port=1 dev=0 devName=rocep1s0f1 ndevs=1 nmdevs=1 qp_num=10002 pkey=0 pd=0xf6a430041ea0 oooRq=0
spark:247:279 [0] NCCL INFO NET/IB: ncclIbConnectImpl: NCCL Dev 0 IbDev 0 Port 1 qp_num 9999 mtu 5 GID 3 (0/164A8C0FFFF0000) ctsFifoRkey=0x2227c7 ctsFifoLkey=0x2227c7
spark:247:279 [0] NCCL INFO NET/IB: ncclIbConnectImpl: IbDev 0 Port 1 qp_num 9999 query_ece={supported=1, vendor_id=0x15b3, options=0x30000002, comp_mask=0x0}
spark:247:279 [0] NCCL INFO NET/IB: ncclIbConnectImpl: NCCL Dev 0 IbDev 0 Port 1 qp_num 10000 mtu 5 GID 3 (0/164A8C0FFFF0000) ctsFifoRkey=0x2227c7 ctsFifoLkey=0x2227c7
spark:247:279 [0] NCCL INFO NET/IB: ncclIbConnectImpl: IbDev 0 Port 1 qp_num 10000 query_ece={supported=1, vendor_id=0x15b3, options=0x30000002, comp_mask=0x0}
spark:247:279 [0] NCCL INFO NET/IB: ncclIbConnectImpl: NCCL Dev 0 IbDev 0 Port 1 qp_num 10001 mtu 5 GID 3 (0/164A8C0FFFF0000) ctsFifoRkey=0x2227c7 ctsFifoLkey=0x2227c7
spark:247:279 [0] NCCL INFO NET/IB: ncclIbConnectImpl: IbDev 0 Port 1 qp_num 10001 query_ece={supported=1, vendor_id=0x15b3, options=0x30000002, comp_mask=0x0}
spark:247:279 [0] NCCL INFO NET/IB: ncclIbConnectImpl: NCCL Dev 0 IbDev 0 Port 1 qp_num 10002 mtu 5 GID 3 (0/164A8C0FFFF0000) ctsFifoRkey=0x2227c7 ctsFifoLkey=0x2227c7
spark:247:279 [0] NCCL INFO NET/IB: ncclIbConnectImpl: IbDev 0 Port 1 qp_num 10002 query_ece={supported=1, vendor_id=0x15b3, options=0x30000002, comp_mask=0x0}
spark:247:279 [0] NCCL INFO NET/IB: ncclIbSenderQpsCreate: QP created: port=1 dev=0 devName=rocep1s0f1 ndevs=1 nmdevs=1 qp_num=10003 pkey=0 pd=0xf6a430041ea0 oooRq=0
spark:247:279 [0] NCCL INFO NET/IB: ncclIbSenderQpsCreate: QP created: port=1 dev=0 devName=rocep1s0f1 ndevs=1 nmdevs=1 qp_num=10004 pkey=0 pd=0xf6a430041ea0 oooRq=0
spark:247:279 [0] NCCL INFO NET/IB: ncclIbSenderQpsCreate: QP created: port=1 dev=0 devName=rocep1s0f1 ndevs=1 nmdevs=1 qp_num=10005 pkey=0 pd=0xf6a430041ea0 oooRq=0
spark:247:279 [0] NCCL INFO NET/IB: ncclIbSenderQpsCreate: QP created: port=1 dev=0 devName=rocep1s0f1 ndevs=1 nmdevs=1 qp_num=10006 pkey=0 pd=0xf6a430041ea0 oooRq=0
spark:247:279 [0] NCCL INFO NET/IB: ncclIbConnectImpl: NCCL Dev 0 IbDev 0 Port 1 qp_num 10003 mtu 5 GID 3 (0/164A8C0FFFF0000) ctsFifoRkey=0x1bdfdc ctsFifoLkey=0x1bdfdc
spark:247:279 [0] NCCL INFO NET/IB: ncclIbConnectImpl: IbDev 0 Port 1 qp_num 10003 query_ece={supported=1, vendor_id=0x15b3, options=0x30000002, comp_mask=0x0}
spark:247:279 [0] NCCL INFO NET/IB: ncclIbConnectImpl: NCCL Dev 0 IbDev 0 Port 1 qp_num 10004 mtu 5 GID 3 (0/164A8C0FFFF0000) ctsFifoRkey=0x1bdfdc ctsFifoLkey=0x1bdfdc
spark:247:279 [0] NCCL INFO NET/IB: ncclIbConnectImpl: IbDev 0 Port 1 qp_num 10004 query_ece={supported=1, vendor_id=0x15b3, options=0x30000002, comp_mask=0x0}
spark:247:279 [0] NCCL INFO NET/IB: ncclIbConnectImpl: NCCL Dev 0 IbDev 0 Port 1 qp_num 10005 mtu 5 GID 3 (0/164A8C0FFFF0000) ctsFifoRkey=0x1bdfdc ctsFifoLkey=0x1bdfdc
spark:247:279 [0] NCCL INFO NET/IB: ncclIbConnectImpl: IbDev 0 Port 1 qp_num 10005 query_ece={supported=1, vendor_id=0x15b3, options=0x30000002, comp_mask=0x0}
spark:247:279 [0] NCCL INFO NET/IB: ncclIbConnectImpl: NCCL Dev 0 IbDev 0 Port 1 qp_num 10006 mtu 5 GID 3 (0/164A8C0FFFF0000) ctsFifoRkey=0x1bdfdc ctsFifoLkey=0x1bdfdc
spark:247:279 [0] NCCL INFO NET/IB: ncclIbConnectImpl: IbDev 0 Port 1 qp_num 10006 query_ece={supported=1, vendor_id=0x15b3, options=0x30000002, comp_mask=0x0}
spark:247:279 [0] NCCL INFO NET/IB: ncclIbSenderQpsCreate: QP created: port=1 dev=0 devName=rocep1s0f1 ndevs=1 nmdevs=1 qp_num=10007 pkey=0 pd=0xf6a430041ea0 oooRq=0
spark:247:279 [0] NCCL INFO NET/IB: ncclIbSenderQpsCreate: QP created: port=1 dev=0 devName=rocep1s0f1 ndevs=1 nmdevs=1 qp_num=10008 pkey=0 pd=0xf6a430041ea0 oooRq=0
spark:247:279 [0] NCCL INFO NET/IB: ncclIbSenderQpsCreate: QP created: port=1 dev=0 devName=rocep1s0f1 ndevs=1 nmdevs=1 qp_num=10009 pkey=0 pd=0xf6a430041ea0 oooRq=0
spark:247:279 [0] NCCL INFO NET/IB: ncclIbSenderQpsCreate: QP created: port=1 dev=0 devName=rocep1s0f1 ndevs=1 nmdevs=1 qp_num=10010 pkey=0 pd=0xf6a430041ea0 oooRq=0
spark:247:279 [0] NCCL INFO NET/IB: ncclIbConnectImpl: NCCL Dev 0 IbDev 0 Port 1 qp_num 10007 mtu 5 GID 3 (0/164A8C0FFFF0000) ctsFifoRkey=0x1bdcd9 ctsFifoLkey=0x1bdcd9
spark:247:279 [0] NCCL INFO NET/IB: ncclIbConnectImpl: IbDev 0 Port 1 qp_num 10007 query_ece={supported=1, vendor_id=0x15b3, options=0x30000002, comp_mask=0x0}
spark:247:279 [0] NCCL INFO NET/IB: ncclIbConnectImpl: NCCL Dev 0 IbDev 0 Port 1 qp_num 10008 mtu 5 GID 3 (0/164A8C0FFFF0000) ctsFifoRkey=0x1bdcd9 ctsFifoLkey=0x1bdcd9
spark:247:279 [0] NCCL INFO NET/IB: ncclIbConnectImpl: IbDev 0 Port 1 qp_num 10008 query_ece={supported=1, vendor_id=0x15b3, options=0x30000002, comp_mask=0x0}
spark:247:279 [0] NCCL INFO NET/IB: ncclIbConnectImpl: NCCL Dev 0 IbDev 0 Port 1 qp_num 10009 mtu 5 GID 3 (0/164A8C0FFFF0000) ctsFifoRkey=0x1bdcd9 ctsFifoLkey=0x1bdcd9
spark:247:279 [0] NCCL INFO NET/IB: ncclIbConnectImpl: IbDev 0 Port 1 qp_num 10009 query_ece={supported=1, vendor_id=0x15b3, options=0x30000002, comp_mask=0x0}
spark:247:279 [0] NCCL INFO NET/IB: ncclIbConnectImpl: NCCL Dev 0 IbDev 0 Port 1 qp_num 10010 mtu 5 GID 3 (0/164A8C0FFFF0000) ctsFifoRkey=0x1bdcd9 ctsFifoLkey=0x1bdcd9
spark:247:279 [0] NCCL INFO NET/IB: ncclIbConnectImpl: IbDev 0 Port 1 qp_num 10010 query_ece={supported=1, vendor_id=0x15b3, options=0x30000002, comp_mask=0x0}
spark:247:279 [0] NCCL INFO NET/IB: ncclIbSenderQpsCreate: QP created: port=1 dev=0 devName=rocep1s0f1 ndevs=1 nmdevs=1 qp_num=10011 pkey=0 pd=0xf6a430041ea0 oooRq=0
spark:247:279 [0] NCCL INFO NET/IB: ncclIbSenderQpsCreate: QP created: port=1 dev=0 devName=rocep1s0f1 ndevs=1 nmdevs=1 qp_num=10012 pkey=0 pd=0xf6a430041ea0 oooRq=0
spark:247:279 [0] NCCL INFO NET/IB: ncclIbSenderQpsCreate: QP created: port=1 dev=0 devName=rocep1s0f1 ndevs=1 nmdevs=1 qp_num=10013 pkey=0 pd=0xf6a430041ea0 oooRq=0
spark:247:279 [0] NCCL INFO NET/IB: ncclIbSenderQpsCreate: QP created: port=1 dev=0 devName=rocep1s0f1 ndevs=1 nmdevs=1 qp_num=10014 pkey=0 pd=0xf6a430041ea0 oooRq=0
spark:247:279 [0] NCCL INFO NET/IB: ncclIbConnectImpl: NCCL Dev 0 IbDev 0 Port 1 qp_num 10011 mtu 5 GID 3 (0/164A8C0FFFF0000) ctsFifoRkey=0x1bd9d7 ctsFifoLkey=0x1bd9d7
spark:247:279 [0] NCCL INFO NET/IB: ncclIbConnectImpl: IbDev 0 Port 1 qp_num 10011 query_ece={supported=1, vendor_id=0x15b3, options=0x30000002, comp_mask=0x0}
spark:247:279 [0] NCCL INFO NET/IB: ncclIbConnectImpl: NCCL Dev 0 IbDev 0 Port 1 qp_num 10012 mtu 5 GID 3 (0/164A8C0FFFF0000) ctsFifoRkey=0x1bd9d7 ctsFifoLkey=0x1bd9d7
spark:247:279 [0] NCCL INFO NET/IB: ncclIbConnectImpl: IbDev 0 Port 1 qp_num 10012 query_ece={supported=1, vendor_id=0x15b3, options=0x30000002, comp_mask=0x0}
spark:247:279 [0] NCCL INFO NET/IB: ncclIbConnectImpl: NCCL Dev 0 IbDev 0 Port 1 qp_num 10013 mtu 5 GID 3 (0/164A8C0FFFF0000) ctsFifoRkey=0x1bd9d7 ctsFifoLkey=0x1bd9d7
spark:247:279 [0] NCCL INFO NET/IB: ncclIbConnectImpl: IbDev 0 Port 1 qp_num 10013 query_ece={supported=1, vendor_id=0x15b3, options=0x30000002, comp_mask=0x0}
spark:247:279 [0] NCCL INFO NET/IB: ncclIbConnectImpl: NCCL Dev 0 IbDev 0 Port 1 qp_num 10014 mtu 5 GID 3 (0/164A8C0FFFF0000) ctsFifoRkey=0x1bd9d7 ctsFifoLkey=0x1bd9d7
spark:247:279 [0] NCCL INFO NET/IB: ncclIbConnectImpl: IbDev 0 Port 1 qp_num 10014 query_ece={supported=1, vendor_id=0x15b3, options=0x30000002, comp_mask=0x0}
spark:247:279 [0] NCCL INFO NET/IB: ncclIbSenderQpsCreate: QP created: port=1 dev=0 devName=rocep1s0f1 ndevs=1 nmdevs=1 qp_num=10015 pkey=0 pd=0xf6a430041ea0 oooRq=0
spark:247:279 [0] NCCL INFO NET/IB: ncclIbSenderQpsCreate: QP created: port=1 dev=0 devName=rocep1s0f1 ndevs=1 nmdevs=1 qp_num=10016 pkey=0 pd=0xf6a430041ea0 oooRq=0
spark:247:279 [0] NCCL INFO NET/IB: ncclIbSenderQpsCreate: QP created: port=1 dev=0 devName=rocep1s0f1 ndevs=1 nmdevs=1 qp_num=10017 pkey=0 pd=0xf6a430041ea0 oooRq=0
spark:247:279 [0] NCCL INFO NET/IB: ncclIbSenderQpsCreate: QP created: port=1 dev=0 devName=rocep1s0f1 ndevs=1 nmdevs=1 qp_num=10018 pkey=0 pd=0xf6a430041ea0 oooRq=0
spark:247:279 [0] NCCL INFO NET/IB: ncclIbConnectImpl: NCCL Dev 0 IbDev 0 Port 1 qp_num 10015 mtu 5 GID 3 (0/164A8C0FFFF0000) ctsFifoRkey=0x1bd6d3 ctsFifoLkey=0x1bd6d3
spark:247:279 [0] NCCL INFO NET/IB: ncclIbConnectImpl: IbDev 0 Port 1 qp_num 10015 query_ece={supported=1, vendor_id=0x15b3, options=0x30000002, comp_mask=0x0}
spark:247:279 [0] NCCL INFO NET/IB: ncclIbConnectImpl: NCCL Dev 0 IbDev 0 Port 1 qp_num 10016 mtu 5 GID 3 (0/164A8C0FFFF0000) ctsFifoRkey=0x1bd6d3 ctsFifoLkey=0x1bd6d3
spark:247:279 [0] NCCL INFO NET/IB: ncclIbConnectImpl: IbDev 0 Port 1 qp_num 10016 query_ece={supported=1, vendor_id=0x15b3, options=0x30000002, comp_mask=0x0}
spark:247:279 [0] NCCL INFO NET/IB: ncclIbConnectImpl: NCCL Dev 0 IbDev 0 Port 1 qp_num 10017 mtu 5 GID 3 (0/164A8C0FFFF0000) ctsFifoRkey=0x1bd6d3 ctsFifoLkey=0x1bd6d3
spark:247:279 [0] NCCL INFO NET/IB: ncclIbConnectImpl: IbDev 0 Port 1 qp_num 10017 query_ece={supported=1, vendor_id=0x15b3, options=0x30000002, comp_mask=0x0}
spark:247:279 [0] NCCL INFO NET/IB: ncclIbConnectImpl: NCCL Dev 0 IbDev 0 Port 1 qp_num 10018 mtu 5 GID 3 (0/164A8C0FFFF0000) ctsFifoRkey=0x1bd6d3 ctsFifoLkey=0x1bd6d3
spark:247:279 [0] NCCL INFO NET/IB: ncclIbConnectImpl: IbDev 0 Port 1 qp_num 10018 query_ece={supported=1, vendor_id=0x15b3, options=0x30000002, comp_mask=0x0}
spark:247:279 [0] NCCL INFO NET/IB: ncclIbSenderQpsCreate: QP created: port=1 dev=0 devName=rocep1s0f1 ndevs=1 nmdevs=1 qp_num=10019 pkey=0 pd=0xf6a430041ea0 oooRq=0
spark:247:279 [0] NCCL INFO NET/IB: ncclIbSenderQpsCreate: QP created: port=1 dev=0 devName=rocep1s0f1 ndevs=1 nmdevs=1 qp_num=10020 pkey=0 pd=0xf6a430041ea0 oooRq=0
spark:247:279 [0] NCCL INFO NET/IB: ncclIbSenderQpsCreate: QP created: port=1 dev=0 devName=rocep1s0f1 ndevs=1 nmdevs=1 qp_num=10021 pkey=0 pd=0xf6a430041ea0 oooRq=0
spark:247:279 [0] NCCL INFO NET/IB: ncclIbSenderQpsCreate: QP created: port=1 dev=0 devName=rocep1s0f1 ndevs=1 nmdevs=1 qp_num=10022 pkey=0 pd=0xf6a430041ea0 oooRq=0
spark:247:279 [0] NCCL INFO NET/IB: ncclIbConnectImpl: NCCL Dev 0 IbDev 0 Port 1 qp_num 10019 mtu 5 GID 3 (0/164A8C0FFFF0000) ctsFifoRkey=0x1bd3cf ctsFifoLkey=0x1bd3cf
spark:247:279 [0] NCCL INFO NET/IB: ncclIbConnectImpl: IbDev 0 Port 1 qp_num 10019 query_ece={supported=1, vendor_id=0x15b3, options=0x30000002, comp_mask=0x0}
spark:247:279 [0] NCCL INFO NET/IB: ncclIbConnectImpl: NCCL Dev 0 IbDev 0 Port 1 qp_num 10020 mtu 5 GID 3 (0/164A8C0FFFF0000) ctsFifoRkey=0x1bd3cf ctsFifoLkey=0x1bd3cf
spark:247:279 [0] NCCL INFO NET/IB: ncclIbConnectImpl: IbDev 0 Port 1 qp_num 10020 query_ece={supported=1, vendor_id=0x15b3, options=0x30000002, comp_mask=0x0}
spark:247:279 [0] NCCL INFO NET/IB: ncclIbConnectImpl: NCCL Dev 0 IbDev 0 Port 1 qp_num 10021 mtu 5 GID 3 (0/164A8C0FFFF0000) ctsFifoRkey=0x1bd3cf ctsFifoLkey=0x1bd3cf
spark:247:279 [0] NCCL INFO NET/IB: ncclIbConnectImpl: IbDev 0 Port 1 qp_num 10021 query_ece={supported=1, vendor_id=0x15b3, options=0x30000002, comp_mask=0x0}
spark:247:279 [0] NCCL INFO NET/IB: ncclIbConnectImpl: NCCL Dev 0 IbDev 0 Port 1 qp_num 10022 mtu 5 GID 3 (0/164A8C0FFFF0000) ctsFifoRkey=0x1bd3cf ctsFifoLkey=0x1bd3cf
spark:247:279 [0] NCCL INFO NET/IB: ncclIbConnectImpl: IbDev 0 Port 1 qp_num 10022 query_ece={supported=1, vendor_id=0x15b3, options=0x30000002, comp_mask=0x0}
spark:247:279 [0] NCCL INFO NET/IB: ncclIbSenderQpsCreate: QP created: port=1 dev=0 devName=rocep1s0f1 ndevs=1 nmdevs=1 qp_num=10023 pkey=0 pd=0xf6a430041ea0 oooRq=0
spark:247:279 [0] NCCL INFO NET/IB: ncclIbSenderQpsCreate: QP created: port=1 dev=0 devName=rocep1s0f1 ndevs=1 nmdevs=1 qp_num=10024 pkey=0 pd=0xf6a430041ea0 oooRq=0
spark:247:279 [0] NCCL INFO NET/IB: ncclIbSenderQpsCreate: QP created: port=1 dev=0 devName=rocep1s0f1 ndevs=1 nmdevs=1 qp_num=10025 pkey=0 pd=0xf6a430041ea0 oooRq=0
spark:247:279 [0] NCCL INFO NET/IB: ncclIbSenderQpsCreate: QP created: port=1 dev=0 devName=rocep1s0f1 ndevs=1 nmdevs=1 qp_num=10026 pkey=0 pd=0xf6a430041ea0 oooRq=0
spark:247:279 [0] NCCL INFO NET/IB: ncclIbConnectImpl: NCCL Dev 0 IbDev 0 Port 1 qp_num 10023 mtu 5 GID 3 (0/164A8C0FFFF0000) ctsFifoRkey=0x1bcecb ctsFifoLkey=0x1bcecb
spark:247:279 [0] NCCL INFO NET/IB: ncclIbConnectImpl: IbDev 0 Port 1 qp_num 10023 query_ece={supported=1, vendor_id=0x15b3, options=0x30000002, comp_mask=0x0}
spark:247:279 [0] NCCL INFO NET/IB: ncclIbConnectImpl: NCCL Dev 0 IbDev 0 Port 1 qp_num 10024 mtu 5 GID 3 (0/164A8C0FFFF0000) ctsFifoRkey=0x1bcecb ctsFifoLkey=0x1bcecb
spark:247:279 [0] NCCL INFO NET/IB: ncclIbConnectImpl: IbDev 0 Port 1 qp_num 10024 query_ece={supported=1, vendor_id=0x15b3, options=0x30000002, comp_mask=0x0}
spark:247:279 [0] NCCL INFO NET/IB: ncclIbConnectImpl: NCCL Dev 0 IbDev 0 Port 1 qp_num 10025 mtu 5 GID 3 (0/164A8C0FFFF0000) ctsFifoRkey=0x1bcecb ctsFifoLkey=0x1bcecb
spark:247:279 [0] NCCL INFO NET/IB: ncclIbConnectImpl: IbDev 0 Port 1 qp_num 10025 query_ece={supported=1, vendor_id=0x15b3, options=0x30000002, comp_mask=0x0}
spark:247:279 [0] NCCL INFO NET/IB: ncclIbConnectImpl: NCCL Dev 0 IbDev 0 Port 1 qp_num 10026 mtu 5 GID 3 (0/164A8C0FFFF0000) ctsFifoRkey=0x1bcecb ctsFifoLkey=0x1bcecb
spark:247:279 [0] NCCL INFO NET/IB: ncclIbConnectImpl: IbDev 0 Port 1 qp_num 10026 query_ece={supported=1, vendor_id=0x15b3, options=0x30000002, comp_mask=0x0}
spark:247:279 [0] NCCL INFO NET/IB: ncclIbSenderQpsCreate: QP created: port=1 dev=0 devName=rocep1s0f1 ndevs=1 nmdevs=1 qp_num=10027 pkey=0 pd=0xf6a430041ea0 oooRq=0
spark:247:279 [0] NCCL INFO NET/IB: ncclIbSenderQpsCreate: QP created: port=1 dev=0 devName=rocep1s0f1 ndevs=1 nmdevs=1 qp_num=10028 pkey=0 pd=0xf6a430041ea0 oooRq=0
spark:247:279 [0] NCCL INFO NET/IB: ncclIbSenderQpsCreate: QP created: port=1 dev=0 devName=rocep1s0f1 ndevs=1 nmdevs=1 qp_num=10029 pkey=0 pd=0xf6a430041ea0 oooRq=0
spark:247:279 [0] NCCL INFO NET/IB: ncclIbSenderQpsCreate: QP created: port=1 dev=0 devName=rocep1s0f1 ndevs=1 nmdevs=1 qp_num=10030 pkey=0 pd=0xf6a430041ea0 oooRq=0
spark:247:279 [0] NCCL INFO NET/IB: ncclIbConnectImpl: NCCL Dev 0 IbDev 0 Port 1 qp_num 10027 mtu 5 GID 3 (0/164A8C0FFFF0000) ctsFifoRkey=0x1bcac7 ctsFifoLkey=0x1bcac7
spark:247:279 [0] NCCL INFO NET/IB: ncclIbConnectImpl: IbDev 0 Port 1 qp_num 10027 query_ece={supported=1, vendor_id=0x15b3, options=0x30000002, comp_mask=0x0}
spark:247:279 [0] NCCL INFO NET/IB: ncclIbConnectImpl: NCCL Dev 0 IbDev 0 Port 1 qp_num 10028 mtu 5 GID 3 (0/164A8C0FFFF0000) ctsFifoRkey=0x1bcac7 ctsFifoLkey=0x1bcac7
spark:247:279 [0] NCCL INFO NET/IB: ncclIbConnectImpl: IbDev 0 Port 1 qp_num 10028 query_ece={supported=1, vendor_id=0x15b3, options=0x30000002, comp_mask=0x0}
spark:247:279 [0] NCCL INFO NET/IB: ncclIbConnectImpl: NCCL Dev 0 IbDev 0 Port 1 qp_num 10029 mtu 5 GID 3 (0/164A8C0FFFF0000) ctsFifoRkey=0x1bcac7 ctsFifoLkey=0x1bcac7
spark:247:279 [0] NCCL INFO NET/IB: ncclIbConnectImpl: IbDev 0 Port 1 qp_num 10029 query_ece={supported=1, vendor_id=0x15b3, options=0x30000002, comp_mask=0x0}
spark:247:279 [0] NCCL INFO NET/IB: ncclIbConnectImpl: NCCL Dev 0 IbDev 0 Port 1 qp_num 10030 mtu 5 GID 3 (0/164A8C0FFFF0000) ctsFifoRkey=0x1bcac7 ctsFifoLkey=0x1bcac7
spark:247:279 [0] NCCL INFO NET/IB: ncclIbConnectImpl: IbDev 0 Port 1 qp_num 10030 query_ece={supported=1, vendor_id=0x15b3, options=0x30000002, comp_mask=0x0}
spark:247:279 [0] NCCL INFO NET/IB: ncclIbSenderQpsCreate: QP created: port=1 dev=0 devName=rocep1s0f1 ndevs=1 nmdevs=1 qp_num=10031 pkey=0 pd=0xf6a430041ea0 oooRq=0
spark:247:279 [0] NCCL INFO NET/IB: ncclIbSenderQpsCreate: QP created: port=1 dev=0 devName=rocep1s0f1 ndevs=1 nmdevs=1 qp_num=10032 pkey=0 pd=0xf6a430041ea0 oooRq=0
spark:247:279 [0] NCCL INFO NET/IB: ncclIbSenderQpsCreate: QP created: port=1 dev=0 devName=rocep1s0f1 ndevs=1 nmdevs=1 qp_num=10033 pkey=0 pd=0xf6a430041ea0 oooRq=0
spark:247:279 [0] NCCL INFO NET/IB: ncclIbSenderQpsCreate: QP created: port=1 dev=0 devName=rocep1s0f1 ndevs=1 nmdevs=1 qp_num=10034 pkey=0 pd=0xf6a430041ea0 oooRq=0
spark:247:279 [0] NCCL INFO NET/IB: ncclIbConnectImpl: NCCL Dev 0 IbDev 0 Port 1 qp_num 10031 mtu 5 GID 3 (0/164A8C0FFFF0000) ctsFifoRkey=0x1bc6c3 ctsFifoLkey=0x1bc6c3
spark:247:279 [0] NCCL INFO NET/IB: ncclIbConnectImpl: IbDev 0 Port 1 qp_num 10031 query_ece={supported=1, vendor_id=0x15b3, options=0x30000002, comp_mask=0x0}
spark:247:279 [0] NCCL INFO NET/IB: ncclIbConnectImpl: NCCL Dev 0 IbDev 0 Port 1 qp_num 10032 mtu 5 GID 3 (0/164A8C0FFFF0000) ctsFifoRkey=0x1bc6c3 ctsFifoLkey=0x1bc6c3
spark:247:279 [0] NCCL INFO NET/IB: ncclIbConnectImpl: IbDev 0 Port 1 qp_num 10032 query_ece={supported=1, vendor_id=0x15b3, options=0x30000002, comp_mask=0x0}
spark:247:279 [0] NCCL INFO NET/IB: ncclIbConnectImpl: NCCL Dev 0 IbDev 0 Port 1 qp_num 10033 mtu 5 GID 3 (0/164A8C0FFFF0000) ctsFifoRkey=0x1bc6c3 ctsFifoLkey=0x1bc6c3
spark:247:279 [0] NCCL INFO NET/IB: ncclIbConnectImpl: IbDev 0 Port 1 qp_num 10033 query_ece={supported=1, vendor_id=0x15b3, options=0x30000002, comp_mask=0x0}
spark:247:279 [0] NCCL INFO NET/IB: ncclIbConnectImpl: NCCL Dev 0 IbDev 0 Port 1 qp_num 10034 mtu 5 GID 3 (0/164A8C0FFFF0000) ctsFifoRkey=0x1bc6c3 ctsFifoLkey=0x1bc6c3
spark:247:279 [0] NCCL INFO NET/IB: ncclIbConnectImpl: IbDev 0 Port 1 qp_num 10034 query_ece={supported=1, vendor_id=0x15b3, options=0x30000002, comp_mask=0x0}
spark:247:279 [0] NCCL INFO NET/IB: ncclIbResiliencyInit: Resiliency is disabled on the recv communicator (comm=0xf6a4327d1000)
spark:247:279 [0] NCCL INFO NET/IB: ncclIbRecvCommInit: Receive work requests will be posted on-demand
spark:247:279 [0] NCCL INFO NET/IB: ncclIbSenderQpsToRts: Set ECE: IbDev 0 Port 1 qp_num 9999 set_ece={supported=1, vendor_id=0x15b3, options=0x30000002, comp_mask=0x0}
spark:247:279 [0] NCCL INFO NET/IB: ncclIbSenderQpsToRts: Set ECE: IbDev 0 Port 1 qp_num 10000 set_ece={supported=1, vendor_id=0x15b3, options=0x30000002, comp_mask=0x0}
spark:247:279 [0] NCCL INFO NET/IB: ncclIbSenderQpsToRts: Set ECE: IbDev 0 Port 1 qp_num 10001 set_ece={supported=1, vendor_id=0x15b3, options=0x30000002, comp_mask=0x0}
spark:247:279 [0] NCCL INFO NET/IB: ncclIbSenderQpsToRts: Set ECE: IbDev 0 Port 1 qp_num 10002 set_ece={supported=1, vendor_id=0x15b3, options=0x30000002, comp_mask=0x0}
spark:247:279 [0] NCCL INFO NET/IB: ncclIbReceiverQpsCreateToRts: QP created: port=1 dev=0 devName=rocep1s0f1 ndevs=1 nmdevs=1 qp_num=10035 pkey=0 pd=0xf6a430041ea0 oooRq=0
spark:247:279 [0] NCCL INFO NET/IB: ncclIbReceiverQpsCreateToRts: QP created: port=1 dev=0 devName=rocep1s0f1 ndevs=1 nmdevs=1 qp_num=10036 pkey=0 pd=0xf6a430041ea0 oooRq=0
spark:247:279 [0] NCCL INFO NET/IB: ncclIbReceiverQpsCreateToRts: QP created: port=1 dev=0 devName=rocep1s0f1 ndevs=1 nmdevs=1 qp_num=10037 pkey=0 pd=0xf6a430041ea0 oooRq=0
spark:247:279 [0] NCCL INFO NET/IB: ncclIbReceiverQpsCreateToRts: QP created: port=1 dev=0 devName=rocep1s0f1 ndevs=1 nmdevs=1 qp_num=10038 pkey=0 pd=0xf6a430041ea0 oooRq=0
spark:247:279 [0] NCCL INFO NET/IB: ncclIbReceiverQpsCreateToRts: Flush QP created: port=1 dev=0 devName=rocep1s0f1 ndevs=1 nmdevs=1 qp_num=10039 pkey=0 pd=0xf6a430041ea0
spark:247:279 [0] NCCL INFO NET/IB: ncclIbSenderQpsToRts: Set ECE: IbDev 0 Port 1 qp_num 10003 set_ece={supported=1, vendor_id=0x15b3, options=0x30000002, comp_mask=0x0}
spark:247:279 [0] NCCL INFO NET/IB: ncclIbSenderQpsToRts: Set ECE: IbDev 0 Port 1 qp_num 10004 set_ece={supported=1, vendor_id=0x15b3, options=0x30000002, comp_mask=0x0}
spark:247:279 [0] NCCL INFO NET/IB: ncclIbSenderQpsToRts: Set ECE: IbDev 0 Port 1 qp_num 10005 set_ece={supported=1, vendor_id=0x15b3, options=0x30000002, comp_mask=0x0}
spark:247:279 [0] NCCL INFO NET/IB: ncclIbSenderQpsToRts: Set ECE: IbDev 0 Port 1 qp_num 10006 set_ece={supported=1, vendor_id=0x15b3, options=0x30000002, comp_mask=0x0}
spark:247:279 [0] NCCL INFO NET/IB: ncclIbReceiverQpsCreateToRts: QP created: port=1 dev=0 devName=rocep1s0f1 ndevs=1 nmdevs=1 qp_num=10040 pkey=0 pd=0xf6a430041ea0 oooRq=0
spark:247:279 [0] NCCL INFO NET/IB: ncclIbReceiverQpsCreateToRts: QP created: port=1 dev=0 devName=rocep1s0f1 ndevs=1 nmdevs=1 qp_num=10041 pkey=0 pd=0xf6a430041ea0 oooRq=0
spark:247:279 [0] NCCL INFO NET/IB: ncclIbReceiverQpsCreateToRts: QP created: port=1 dev=0 devName=rocep1s0f1 ndevs=1 nmdevs=1 qp_num=10042 pkey=0 pd=0xf6a430041ea0 oooRq=0
spark:247:279 [0] NCCL INFO NET/IB: ncclIbReceiverQpsCreateToRts: QP created: port=1 dev=0 devName=rocep1s0f1 ndevs=1 nmdevs=1 qp_num=10043 pkey=0 pd=0xf6a430041ea0 oooRq=0
spark:247:279 [0] NCCL INFO NET/IB: ncclIbReceiverQpsCreateToRts: Flush QP created: port=1 dev=0 devName=rocep1s0f1 ndevs=1 nmdevs=1 qp_num=10044 pkey=0 pd=0xf6a430041ea0
spark:247:279 [0] NCCL INFO NET/IB: ncclIbSenderQpsToRts: Set ECE: IbDev 0 Port 1 qp_num 10007 set_ece={supported=1, vendor_id=0x15b3, options=0x30000002, comp_mask=0x0}
spark:247:279 [0] NCCL INFO NET/IB: ncclIbSenderQpsToRts: Set ECE: IbDev 0 Port 1 qp_num 10008 set_ece={supported=1, vendor_id=0x15b3, options=0x30000002, comp_mask=0x0}
spark:247:279 [0] NCCL INFO NET/IB: ncclIbSenderQpsToRts: Set ECE: IbDev 0 Port 1 qp_num 10009 set_ece={supported=1, vendor_id=0x15b3, options=0x30000002, comp_mask=0x0}
spark:247:279 [0] NCCL INFO NET/IB: ncclIbSenderQpsToRts: Set ECE: IbDev 0 Port 1 qp_num 10010 set_ece={supported=1, vendor_id=0x15b3, options=0x30000002, comp_mask=0x0}
spark:247:279 [0] NCCL INFO NET/IB: ncclIbReceiverQpsCreateToRts: QP created: port=1 dev=0 devName=rocep1s0f1 ndevs=1 nmdevs=1 qp_num=10045 pkey=0 pd=0xf6a430041ea0 oooRq=0
spark:247:279 [0] NCCL INFO NET/IB: ncclIbReceiverQpsCreateToRts: QP created: port=1 dev=0 devName=rocep1s0f1 ndevs=1 nmdevs=1 qp_num=10046 pkey=0 pd=0xf6a430041ea0 oooRq=0
spark:247:279 [0] NCCL INFO NET/IB: ncclIbReceiverQpsCreateToRts: QP created: port=1 dev=0 devName=rocep1s0f1 ndevs=1 nmdevs=1 qp_num=10047 pkey=0 pd=0xf6a430041ea0 oooRq=0
spark:247:279 [0] NCCL INFO NET/IB: ncclIbReceiverQpsCreateToRts: QP created: port=1 dev=0 devName=rocep1s0f1 ndevs=1 nmdevs=1 qp_num=10048 pkey=0 pd=0xf6a430041ea0 oooRq=0
spark:247:279 [0] NCCL INFO NET/IB: ncclIbReceiverQpsCreateToRts: Flush QP created: port=1 dev=0 devName=rocep1s0f1 ndevs=1 nmdevs=1 qp_num=10049 pkey=0 pd=0xf6a430041ea0
spark:247:279 [0] NCCL INFO NET/IB: ncclIbSenderQpsToRts: Set ECE: IbDev 0 Port 1 qp_num 10011 set_ece={supported=1, vendor_id=0x15b3, options=0x30000002, comp_mask=0x0}
spark:247:279 [0] NCCL INFO NET/IB: ncclIbSenderQpsToRts: Set ECE: IbDev 0 Port 1 qp_num 10012 set_ece={supported=1, vendor_id=0x15b3, options=0x30000002, comp_mask=0x0}
spark:247:279 [0] NCCL INFO NET/IB: ncclIbSenderQpsToRts: Set ECE: IbDev 0 Port 1 qp_num 10013 set_ece={supported=1, vendor_id=0x15b3, options=0x30000002, comp_mask=0x0}
spark:247:279 [0] NCCL INFO NET/IB: ncclIbSenderQpsToRts: Set ECE: IbDev 0 Port 1 qp_num 10014 set_ece={supported=1, vendor_id=0x15b3, options=0x30000002, comp_mask=0x0}
spark:247:279 [0] NCCL INFO NET/IB: ncclIbReceiverQpsCreateToRts: QP created: port=1 dev=0 devName=rocep1s0f1 ndevs=1 nmdevs=1 qp_num=10050 pkey=0 pd=0xf6a430041ea0 oooRq=0
spark:247:279 [0] NCCL INFO NET/IB: ncclIbReceiverQpsCreateToRts: QP created: port=1 dev=0 devName=rocep1s0f1 ndevs=1 nmdevs=1 qp_num=10051 pkey=0 pd=0xf6a430041ea0 oooRq=0
spark:247:279 [0] NCCL INFO NET/IB: ncclIbReceiverQpsCreateToRts: QP created: port=1 dev=0 devName=rocep1s0f1 ndevs=1 nmdevs=1 qp_num=10052 pkey=0 pd=0xf6a430041ea0 oooRq=0
spark:247:279 [0] NCCL INFO NET/IB: ncclIbReceiverQpsCreateToRts: QP created: port=1 dev=0 devName=rocep1s0f1 ndevs=1 nmdevs=1 qp_num=10053 pkey=0 pd=0xf6a430041ea0 oooRq=0
spark:247:279 [0] NCCL INFO NET/IB: ncclIbReceiverQpsCreateToRts: Flush QP created: port=1 dev=0 devName=rocep1s0f1 ndevs=1 nmdevs=1 qp_num=10054 pkey=0 pd=0xf6a430041ea0
spark:247:279 [0] NCCL INFO NET/IB: ncclIbSenderQpsToRts: Set ECE: IbDev 0 Port 1 qp_num 10015 set_ece={supported=1, vendor_id=0x15b3, options=0x30000002, comp_mask=0x0}
spark:247:279 [0] NCCL INFO NET/IB: ncclIbSenderQpsToRts: Set ECE: IbDev 0 Port 1 qp_num 10016 set_ece={supported=1, vendor_id=0x15b3, options=0x30000002, comp_mask=0x0}
spark:247:279 [0] NCCL INFO NET/IB: ncclIbSenderQpsToRts: Set ECE: IbDev 0 Port 1 qp_num 10017 set_ece={supported=1, vendor_id=0x15b3, options=0x30000002, comp_mask=0x0}
spark:247:279 [0] NCCL INFO NET/IB: ncclIbSenderQpsToRts: Set ECE: IbDev 0 Port 1 qp_num 10018 set_ece={supported=1, vendor_id=0x15b3, options=0x30000002, comp_mask=0x0}
spark:247:279 [0] NCCL INFO NET/IB: ncclIbReceiverQpsCreateToRts: QP created: port=1 dev=0 devName=rocep1s0f1 ndevs=1 nmdevs=1 qp_num=10055 pkey=0 pd=0xf6a430041ea0 oooRq=0
spark:247:279 [0] NCCL INFO NET/IB: ncclIbReceiverQpsCreateToRts: QP created: port=1 dev=0 devName=rocep1s0f1 ndevs=1 nmdevs=1 qp_num=10056 pkey=0 pd=0xf6a430041ea0 oooRq=0
spark:247:279 [0] NCCL INFO NET/IB: ncclIbReceiverQpsCreateToRts: QP created: port=1 dev=0 devName=rocep1s0f1 ndevs=1 nmdevs=1 qp_num=10057 pkey=0 pd=0xf6a430041ea0 oooRq=0
spark:247:279 [0] NCCL INFO NET/IB: ncclIbReceiverQpsCreateToRts: QP created: port=1 dev=0 devName=rocep1s0f1 ndevs=1 nmdevs=1 qp_num=10058 pkey=0 pd=0xf6a430041ea0 oooRq=0
spark:247:279 [0] NCCL INFO NET/IB: ncclIbReceiverQpsCreateToRts: Flush QP created: port=1 dev=0 devName=rocep1s0f1 ndevs=1 nmdevs=1 qp_num=10059 pkey=0 pd=0xf6a430041ea0
spark:247:279 [0] NCCL INFO NET/IB: ncclIbSenderQpsToRts: Set ECE: IbDev 0 Port 1 qp_num 10019 set_ece={supported=1, vendor_id=0x15b3, options=0x30000002, comp_mask=0x0}
spark:247:279 [0] NCCL INFO NET/IB: ncclIbSenderQpsToRts: Set ECE: IbDev 0 Port 1 qp_num 10020 set_ece={supported=1, vendor_id=0x15b3, options=0x30000002, comp_mask=0x0}
spark:247:279 [0] NCCL INFO NET/IB: ncclIbSenderQpsToRts: Set ECE: IbDev 0 Port 1 qp_num 10021 set_ece={supported=1, vendor_id=0x15b3, options=0x30000002, comp_mask=0x0}
spark:247:279 [0] NCCL INFO NET/IB: ncclIbSenderQpsToRts: Set ECE: IbDev 0 Port 1 qp_num 10022 set_ece={supported=1, vendor_id=0x15b3, options=0x30000002, comp_mask=0x0}
spark:247:279 [0] NCCL INFO NET/IB: ncclIbReceiverQpsCreateToRts: QP created: port=1 dev=0 devName=rocep1s0f1 ndevs=1 nmdevs=1 qp_num=10060 pkey=0 pd=0xf6a430041ea0 oooRq=0
spark:247:279 [0] NCCL INFO NET/IB: ncclIbReceiverQpsCreateToRts: QP created: port=1 dev=0 devName=rocep1s0f1 ndevs=1 nmdevs=1 qp_num=10061 pkey=0 pd=0xf6a430041ea0 oooRq=0
spark:247:279 [0] NCCL INFO NET/IB: ncclIbReceiverQpsCreateToRts: QP created: port=1 dev=0 devName=rocep1s0f1 ndevs=1 nmdevs=1 qp_num=10062 pkey=0 pd=0xf6a430041ea0 oooRq=0
spark:247:279 [0] NCCL INFO NET/IB: ncclIbReceiverQpsCreateToRts: QP created: port=1 dev=0 devName=rocep1s0f1 ndevs=1 nmdevs=1 qp_num=10063 pkey=0 pd=0xf6a430041ea0 oooRq=0
spark:247:279 [0] NCCL INFO NET/IB: ncclIbReceiverQpsCreateToRts: Flush QP created: port=1 dev=0 devName=rocep1s0f1 ndevs=1 nmdevs=1 qp_num=10064 pkey=0 pd=0xf6a430041ea0
spark:247:279 [0] NCCL INFO NET/IB: ncclIbSenderQpsToRts: Set ECE: IbDev 0 Port 1 qp_num 10023 set_ece={supported=1, vendor_id=0x15b3, options=0x30000002, comp_mask=0x0}
spark:247:279 [0] NCCL INFO NET/IB: ncclIbSenderQpsToRts: Set ECE: IbDev 0 Port 1 qp_num 10024 set_ece={supported=1, vendor_id=0x15b3, options=0x30000002, comp_mask=0x0}
spark:247:279 [0] NCCL INFO NET/IB: ncclIbSenderQpsToRts: Set ECE: IbDev 0 Port 1 qp_num 10025 set_ece={supported=1, vendor_id=0x15b3, options=0x30000002, comp_mask=0x0}
spark:247:279 [0] NCCL INFO NET/IB: ncclIbSenderQpsToRts: Set ECE: IbDev 0 Port 1 qp_num 10026 set_ece={supported=1, vendor_id=0x15b3, options=0x30000002, comp_mask=0x0}
spark:247:279 [0] NCCL INFO NET/IB: ncclIbReceiverQpsCreateToRts: QP created: port=1 dev=0 devName=rocep1s0f1 ndevs=1 nmdevs=1 qp_num=10065 pkey=0 pd=0xf6a430041ea0 oooRq=0
spark:247:279 [0] NCCL INFO NET/IB: ncclIbReceiverQpsCreateToRts: QP created: port=1 dev=0 devName=rocep1s0f1 ndevs=1 nmdevs=1 qp_num=10066 pkey=0 pd=0xf6a430041ea0 oooRq=0
spark:247:279 [0] NCCL INFO NET/IB: ncclIbReceiverQpsCreateToRts: QP created: port=1 dev=0 devName=rocep1s0f1 ndevs=1 nmdevs=1 qp_num=10067 pkey=0 pd=0xf6a430041ea0 oooRq=0
spark:247:279 [0] NCCL INFO NET/IB: ncclIbReceiverQpsCreateToRts: QP created: port=1 dev=0 devName=rocep1s0f1 ndevs=1 nmdevs=1 qp_num=10068 pkey=0 pd=0xf6a430041ea0 oooRq=0
spark:247:279 [0] NCCL INFO NET/IB: ncclIbReceiverQpsCreateToRts: Flush QP created: port=1 dev=0 devName=rocep1s0f1 ndevs=1 nmdevs=1 qp_num=10069 pkey=0 pd=0xf6a430041ea0
spark:247:279 [0] NCCL INFO NET/IB: ncclIbSenderQpsToRts: Set ECE: IbDev 0 Port 1 qp_num 10027 set_ece={supported=1, vendor_id=0x15b3, options=0x30000002, comp_mask=0x0}
spark:247:279 [0] NCCL INFO NET/IB: ncclIbSenderQpsToRts: Set ECE: IbDev 0 Port 1 qp_num 10028 set_ece={supported=1, vendor_id=0x15b3, options=0x30000002, comp_mask=0x0}
spark:247:279 [0] NCCL INFO NET/IB: ncclIbSenderQpsToRts: Set ECE: IbDev 0 Port 1 qp_num 10029 set_ece={supported=1, vendor_id=0x15b3, options=0x30000002, comp_mask=0x0}
spark:247:279 [0] NCCL INFO NET/IB: ncclIbSenderQpsToRts: Set ECE: IbDev 0 Port 1 qp_num 10030 set_ece={supported=1, vendor_id=0x15b3, options=0x30000002, comp_mask=0x0}
spark:247:279 [0] NCCL INFO NET/IB: ncclIbReceiverQpsCreateToRts: QP created: port=1 dev=0 devName=rocep1s0f1 ndevs=1 nmdevs=1 qp_num=10070 pkey=0 pd=0xf6a430041ea0 oooRq=0
spark:247:279 [0] NCCL INFO NET/IB: ncclIbReceiverQpsCreateToRts: QP created: port=1 dev=0 devName=rocep1s0f1 ndevs=1 nmdevs=1 qp_num=10071 pkey=0 pd=0xf6a430041ea0 oooRq=0
spark:247:279 [0] NCCL INFO NET/IB: ncclIbReceiverQpsCreateToRts: QP created: port=1 dev=0 devName=rocep1s0f1 ndevs=1 nmdevs=1 qp_num=10072 pkey=0 pd=0xf6a430041ea0 oooRq=0
spark:247:279 [0] NCCL INFO NET/IB: ncclIbReceiverQpsCreateToRts: QP created: port=1 dev=0 devName=rocep1s0f1 ndevs=1 nmdevs=1 qp_num=10073 pkey=0 pd=0xf6a430041ea0 oooRq=0
spark:247:279 [0] NCCL INFO NET/IB: ncclIbReceiverQpsCreateToRts: Flush QP created: port=1 dev=0 devName=rocep1s0f1 ndevs=1 nmdevs=1 qp_num=10074 pkey=0 pd=0xf6a430041ea0
spark:247:279 [0] NCCL INFO NET/IB: ncclIbSenderQpsToRts: Set ECE: IbDev 0 Port 1 qp_num 10031 set_ece={supported=1, vendor_id=0x15b3, options=0x30000002, comp_mask=0x0}
spark:247:279 [0] NCCL INFO NET/IB: ncclIbSenderQpsToRts: Set ECE: IbDev 0 Port 1 qp_num 10032 set_ece={supported=1, vendor_id=0x15b3, options=0x30000002, comp_mask=0x0}
spark:247:279 [0] NCCL INFO NET/IB: ncclIbSenderQpsToRts: Set ECE: IbDev 0 Port 1 qp_num 10033 set_ece={supported=1, vendor_id=0x15b3, options=0x30000002, comp_mask=0x0}
spark:247:279 [0] NCCL INFO NET/IB: ncclIbSenderQpsToRts: Set ECE: IbDev 0 Port 1 qp_num 10034 set_ece={supported=1, vendor_id=0x15b3, options=0x30000002, comp_mask=0x0}
spark:247:279 [0] NCCL INFO NET/IB: ncclIbReceiverQpsCreateToRts: QP created: port=1 dev=0 devName=rocep1s0f1 ndevs=1 nmdevs=1 qp_num=10075 pkey=0 pd=0xf6a430041ea0 oooRq=0
spark:247:279 [0] NCCL INFO NET/IB: ncclIbReceiverQpsCreateToRts: QP created: port=1 dev=0 devName=rocep1s0f1 ndevs=1 nmdevs=1 qp_num=10076 pkey=0 pd=0xf6a430041ea0 oooRq=0
spark:247:279 [0] NCCL INFO NET/IB: ncclIbReceiverQpsCreateToRts: QP created: port=1 dev=0 devName=rocep1s0f1 ndevs=1 nmdevs=1 qp_num=10077 pkey=0 pd=0xf6a430041ea0 oooRq=0
spark:247:279 [0] NCCL INFO NET/IB: ncclIbReceiverQpsCreateToRts: QP created: port=1 dev=0 devName=rocep1s0f1 ndevs=1 nmdevs=1 qp_num=10078 pkey=0 pd=0xf6a430041ea0 oooRq=0
spark:247:279 [0] NCCL INFO NET/IB: ncclIbReceiverQpsCreateToRts: Flush QP created: port=1 dev=0 devName=rocep1s0f1 ndevs=1 nmdevs=1 qp_num=10079 pkey=0 pd=0xf6a430041ea0
spark:247:279 [0] NCCL INFO NET/IB: ncclIbResiliencyInit: Resiliency is disabled on the send communicator (comm=0xf6a4330e7000)
spark:247:279 [0] NCCL INFO NET/IB: ncclIbResiliencyInit: Resiliency is disabled on the recv communicator (comm=0xf6a43312b000)
spark:247:279 [0] NCCL INFO NET/IB: ncclIbRecvCommInit: Receive work requests will be posted on-demand
spark:247:279 [0] NCCL INFO NET/IB: ncclIbResiliencyInit: Resiliency is disabled on the send communicator (comm=0xf6a433170000)
spark:247:279 [0] NCCL INFO NET/IB: ncclIbResiliencyInit: Resiliency is disabled on the recv communicator (comm=0xf6a4331b1000)
spark:247:279 [0] NCCL INFO NET/IB: ncclIbRecvCommInit: Receive work requests will be posted on-demand
spark:247:279 [0] NCCL INFO NET/IB: ncclIbResiliencyInit: Resiliency is disabled on the send communicator (comm=0xf6a4331f6000)
spark:247:279 [0] NCCL INFO NET/IB: ncclIbResiliencyInit: Resiliency is disabled on the recv communicator (comm=0xf6a433237000)
spark:247:279 [0] NCCL INFO NET/IB: ncclIbRecvCommInit: Receive work requests will be posted on-demand
spark:247:279 [0] NCCL INFO NET/IB: ncclIbResiliencyInit: Resiliency is disabled on the send communicator (comm=0xf6a43327c000)
spark:247:279 [0] NCCL INFO NET/IB: ncclIbResiliencyInit: Resiliency is disabled on the recv communicator (comm=0xf6a4332bd000)
spark:247:279 [0] NCCL INFO NET/IB: ncclIbRecvCommInit: Receive work requests will be posted on-demand
spark:247:279 [0] NCCL INFO NET/IB: ncclIbResiliencyInit: Resiliency is disabled on the send communicator (comm=0xf6a433302000)
spark:247:279 [0] NCCL INFO NET/IB: ncclIbResiliencyInit: Resiliency is disabled on the recv communicator (comm=0xf6a433346000)
spark:247:279 [0] NCCL INFO NET/IB: ncclIbRecvCommInit: Receive work requests will be posted on-demand
spark:247:279 [0] NCCL INFO NET/IB: ncclIbResiliencyInit: Resiliency is disabled on the send communicator (comm=0xf6a43338e000)
spark:247:279 [0] NCCL INFO NET/IB: ncclIbResiliencyInit: Resiliency is disabled on the recv communicator (comm=0xf6a4333d2000)
spark:247:279 [0] NCCL INFO NET/IB: ncclIbRecvCommInit: Receive work requests will be posted on-demand
spark:247:279 [0] NCCL INFO NET/IB: ncclIbResiliencyInit: Resiliency is disabled on the send communicator (comm=0xf6a433417000)
spark:247:279 [0] NCCL INFO NET/IB: ncclIbResiliencyInit: Resiliency is disabled on the recv communicator (comm=0xf6a43345b000)
spark:247:279 [0] NCCL INFO NET/IB: ncclIbRecvCommInit: Receive work requests will be posted on-demand
spark:247:279 [0] NCCL INFO NET/IB: ncclIbResiliencyInit: Resiliency is disabled on the send communicator (comm=0xf6a4334a3000)
spark:247:279 [0] NCCL INFO NET/IB: ncclIbResiliencyInit: Resiliency is disabled on the recv communicator (comm=0xf6a4334e7000)
spark:247:279 [0] NCCL INFO NET/IB: ncclIbRecvCommInit: Receive work requests will be posted on-demand
spark:247:279 [0] NCCL INFO NET/IB: ncclIbResiliencyInit: Resiliency is disabled on the send communicator (comm=0xf6a43352f000)
spark:247:279 [0] NCCL INFO NET/IB: ncclIbResiliencyInit: Resiliency is disabled on the recv communicator (comm=0xf6a433573000)
spark:247:279 [0] NCCL INFO NET/IB: ncclIbRecvCommInit: Receive work requests will be posted on-demand
spark:247:279 [0] NCCL INFO NET/IB: ncclIbResiliencyInit: Resiliency is disabled on the send communicator (comm=0xf6a4335bb000)
spark:247:279 [0] NCCL INFO NET/IB: ncclIbResiliencyInit: Resiliency is disabled on the recv communicator (comm=0xf6a4335ff000)
spark:247:279 [0] NCCL INFO NET/IB: ncclIbRecvCommInit: Receive work requests will be posted on-demand
spark:247:279 [0] NCCL INFO NET/IB: ncclIbResiliencyInit: Resiliency is disabled on the send communicator (comm=0xf6a433647000)
spark:247:279 [0] NCCL INFO NET/IB: ncclIbResiliencyInit: Resiliency is disabled on the recv communicator (comm=0xf6a433688000)
spark:247:279 [0] NCCL INFO NET/IB: ncclIbRecvCommInit: Receive work requests will be posted on-demand
spark:247:279 [0] NCCL INFO NET/IB: ncclIbResiliencyInit: Resiliency is disabled on the send communicator (comm=0xf6a4336d0000)
spark:247:279 [0] NCCL INFO NET/IB: ncclIbResiliencyInit: Resiliency is disabled on the recv communicator (comm=0xf6a433714000)
spark:247:279 [0] NCCL INFO NET/IB: ncclIbRecvCommInit: Receive work requests will be posted on-demand
spark:247:279 [0] NCCL INFO NET/IB: ncclIbResiliencyInit: Resiliency is disabled on the send communicator (comm=0xf6a43375c000)
spark:247:279 [0] NCCL INFO NET/IB: ncclIbResiliencyInit: Resiliency is disabled on the recv communicator (comm=0xf6a4337a0000)
spark:247:279 [0] NCCL INFO NET/IB: ncclIbRecvCommInit: Receive work requests will be posted on-demand
spark:247:279 [0] NCCL INFO NET/IB: ncclIbResiliencyInit: Resiliency is disabled on the send communicator (comm=0xf6a4337e8000)
spark:247:279 [0] NCCL INFO NET/IB: ncclIbResiliencyInit: Resiliency is disabled on the recv communicator (comm=0xf6a43382c000)
spark:247:279 [0] NCCL INFO NET/IB: ncclIbRecvCommInit: Receive work requests will be posted on-demand
spark:247:279 [0] NCCL INFO NET/IB: ncclIbResiliencyInit: Resiliency is disabled on the send communicator (comm=0xf6a433874000)
spark:247:279 [0] NCCL INFO NET/IB: ncclIbResiliencyInit: Resiliency is disabled on the recv communicator (comm=0xf6a4338b8000)
spark:247:279 [0] NCCL INFO NET/IB: ncclIbRecvCommInit: Receive work requests will be posted on-demand
spark:247:279 [0] NCCL INFO NET/IB: ncclIbResiliencyInit: Resiliency is disabled on the send communicator (comm=0xf6a433900000)
spark:247:279 [0] NCCL INFO NET/IB: ncclIbResiliencyInit: Resiliency is disabled on the recv communicator (comm=0xf6a433944000)
spark:247:279 [0] NCCL INFO NET/IB: ncclIbRecvCommInit: Receive work requests will be posted on-demand
spark:247:279 [0] NCCL INFO NET/IB: ncclIbResiliencyInit: Resiliency is disabled on the send communicator (comm=0xf6a43398c000)
spark:247:279 [0] NCCL INFO NET/IB: ncclIbResiliencyInit: Resiliency is disabled on the recv communicator (comm=0xf6a4339d0000)
spark:247:279 [0] NCCL INFO NET/IB: ncclIbRecvCommInit: Receive work requests will be posted on-demand
spark:247:279 [0] NCCL INFO NET/IB: ncclIbResiliencyInit: Resiliency is disabled on the send communicator (comm=0xf6a433a18000)
spark:247:279 [0] NCCL INFO NET/IB: ncclIbResiliencyInit: Resiliency is disabled on the recv communicator (comm=0xf6a433a5c000)
spark:247:279 [0] NCCL INFO NET/IB: ncclIbRecvCommInit: Receive work requests will be posted on-demand
spark:247:279 [0] NCCL INFO NET/IB: ncclIbResiliencyInit: Resiliency is disabled on the send communicator (comm=0xf6a433aa4000)
spark:247:279 [0] NCCL INFO NET/IB: ncclIbResiliencyInit: Resiliency is disabled on the recv communicator (comm=0xf6a433ae8000)
spark:247:279 [0] NCCL INFO NET/IB: ncclIbRecvCommInit: Receive work requests will be posted on-demand
spark:247:279 [0] NCCL INFO NET/IB: ncclIbResiliencyInit: Resiliency is disabled on the send communicator (comm=0xf6a433b30000)
spark:247:279 [0] NCCL INFO NET/IB: ncclIbResiliencyInit: Resiliency is disabled on the recv communicator (comm=0xf6a433b74000)
spark:247:279 [0] NCCL INFO NET/IB: ncclIbRecvCommInit: Receive work requests will be posted on-demand
spark:247:279 [0] NCCL INFO NET/IB: ncclIbResiliencyInit: Resiliency is disabled on the send communicator (comm=0xf6a433bbc000)
spark:247:279 [0] NCCL INFO NET/IB: ncclIbResiliencyInit: Resiliency is disabled on the recv communicator (comm=0xf6a433c00000)
spark:247:279 [0] NCCL INFO NET/IB: ncclIbRecvCommInit: Receive work requests will be posted on-demand
spark:247:279 [0] NCCL INFO NET/IB: ncclIbSenderQpsCreate: QP created: port=1 dev=0 devName=rocep1s0f1 ndevs=1 nmdevs=1 qp_num=10080 pkey=0 pd=0xf6a430041ea0 oooRq=0
spark:247:279 [0] NCCL INFO NET/IB: ncclIbSenderQpsCreate: QP created: port=1 dev=0 devName=rocep1s0f1 ndevs=1 nmdevs=1 qp_num=10081 pkey=0 pd=0xf6a430041ea0 oooRq=0
spark:247:279 [0] NCCL INFO NET/IB: ncclIbSenderQpsCreate: QP created: port=1 dev=0 devName=rocep1s0f1 ndevs=1 nmdevs=1 qp_num=10082 pkey=0 pd=0xf6a430041ea0 oooRq=0
spark:247:279 [0] NCCL INFO NET/IB: ncclIbSenderQpsCreate: QP created: port=1 dev=0 devName=rocep1s0f1 ndevs=1 nmdevs=1 qp_num=10083 pkey=0 pd=0xf6a430041ea0 oooRq=0
spark:247:279 [0] NCCL INFO NET/IB: ncclIbConnectImpl: NCCL Dev 0 IbDev 0 Port 1 qp_num 10080 mtu 5 GID 3 (0/164A8C0FFFF0000) ctsFifoRkey=0x1b9794 ctsFifoLkey=0x1b9794
spark:247:279 [0] NCCL INFO NET/IB: ncclIbConnectImpl: IbDev 0 Port 1 qp_num 10080 query_ece={supported=1, vendor_id=0x15b3, options=0x30000002, comp_mask=0x0}
spark:247:279 [0] NCCL INFO NET/IB: ncclIbConnectImpl: NCCL Dev 0 IbDev 0 Port 1 qp_num 10081 mtu 5 GID 3 (0/164A8C0FFFF0000) ctsFifoRkey=0x1b9794 ctsFifoLkey=0x1b9794
spark:247:279 [0] NCCL INFO NET/IB: ncclIbConnectImpl: IbDev 0 Port 1 qp_num 10081 query_ece={supported=1, vendor_id=0x15b3, options=0x30000002, comp_mask=0x0}
spark:247:279 [0] NCCL INFO NET/IB: ncclIbConnectImpl: NCCL Dev 0 IbDev 0 Port 1 qp_num 10082 mtu 5 GID 3 (0/164A8C0FFFF0000) ctsFifoRkey=0x1b9794 ctsFifoLkey=0x1b9794
spark:247:279 [0] NCCL INFO NET/IB: ncclIbConnectImpl: IbDev 0 Port 1 qp_num 10082 query_ece={supported=1, vendor_id=0x15b3, options=0x30000002, comp_mask=0x0}
spark:247:279 [0] NCCL INFO NET/IB: ncclIbConnectImpl: NCCL Dev 0 IbDev 0 Port 1 qp_num 10083 mtu 5 GID 3 (0/164A8C0FFFF0000) ctsFifoRkey=0x1b9794 ctsFifoLkey=0x1b9794
spark:247:279 [0] NCCL INFO NET/IB: ncclIbConnectImpl: IbDev 0 Port 1 qp_num 10083 query_ece={supported=1, vendor_id=0x15b3, options=0x30000002, comp_mask=0x0}
spark:247:279 [0] NCCL INFO NET/IB: ncclIbReceiverQpsCreateToRts: QP created: port=1 dev=0 devName=rocep1s0f1 ndevs=1 nmdevs=1 qp_num=10084 pkey=0 pd=0xf6a430041ea0 oooRq=0
spark:247:279 [0] NCCL INFO NET/IB: ncclIbReceiverQpsCreateToRts: QP created: port=1 dev=0 devName=rocep1s0f1 ndevs=1 nmdevs=1 qp_num=10085 pkey=0 pd=0xf6a430041ea0 oooRq=0
spark:247:279 [0] NCCL INFO NET/IB: ncclIbReceiverQpsCreateToRts: QP created: port=1 dev=0 devName=rocep1s0f1 ndevs=1 nmdevs=1 qp_num=10086 pkey=0 pd=0xf6a430041ea0 oooRq=0
spark:247:279 [0] NCCL INFO NET/IB: ncclIbReceiverQpsCreateToRts: QP created: port=1 dev=0 devName=rocep1s0f1 ndevs=1 nmdevs=1 qp_num=10087 pkey=0 pd=0xf6a430041ea0 oooRq=0
spark:247:279 [0] NCCL INFO NET/IB: ncclIbReceiverQpsCreateToRts: Flush QP created: port=1 dev=0 devName=rocep1s0f1 ndevs=1 nmdevs=1 qp_num=10088 pkey=0 pd=0xf6a430041ea0
spark:247:279 [0] NCCL INFO NET/IB: ncclIbSenderQpsCreate: QP created: port=1 dev=0 devName=rocep1s0f1 ndevs=1 nmdevs=1 qp_num=10089 pkey=0 pd=0xf6a430041ea0 oooRq=0
spark:247:279 [0] NCCL INFO NET/IB: ncclIbSenderQpsCreate: QP created: port=1 dev=0 devName=rocep1s0f1 ndevs=1 nmdevs=1 qp_num=10090 pkey=0 pd=0xf6a430041ea0 oooRq=0
spark:247:279 [0] NCCL INFO NET/IB: ncclIbSenderQpsCreate: QP created: port=1 dev=0 devName=rocep1s0f1 ndevs=1 nmdevs=1 qp_num=10091 pkey=0 pd=0xf6a430041ea0 oooRq=0
spark:247:279 [0] NCCL INFO NET/IB: ncclIbSenderQpsCreate: QP created: port=1 dev=0 devName=rocep1s0f1 ndevs=1 nmdevs=1 qp_num=10092 pkey=0 pd=0xf6a430041ea0 oooRq=0
spark:247:279 [0] NCCL INFO NET/IB: ncclIbConnectImpl: NCCL Dev 0 IbDev 0 Port 1 qp_num 10089 mtu 5 GID 3 (0/164A8C0FFFF0000) ctsFifoRkey=0x1b8a87 ctsFifoLkey=0x1b8a87
spark:247:279 [0] NCCL INFO NET/IB: ncclIbConnectImpl: IbDev 0 Port 1 qp_num 10089 query_ece={supported=1, vendor_id=0x15b3, options=0x30000002, comp_mask=0x0}
spark:247:279 [0] NCCL INFO NET/IB: ncclIbConnectImpl: NCCL Dev 0 IbDev 0 Port 1 qp_num 10090 mtu 5 GID 3 (0/164A8C0FFFF0000) ctsFifoRkey=0x1b8a87 ctsFifoLkey=0x1b8a87
spark:247:279 [0] NCCL INFO NET/IB: ncclIbConnectImpl: IbDev 0 Port 1 qp_num 10090 query_ece={supported=1, vendor_id=0x15b3, options=0x30000002, comp_mask=0x0}
spark:247:279 [0] NCCL INFO NET/IB: ncclIbConnectImpl: NCCL Dev 0 IbDev 0 Port 1 qp_num 10091 mtu 5 GID 3 (0/164A8C0FFFF0000) ctsFifoRkey=0x1b8a87 ctsFifoLkey=0x1b8a87
spark:247:279 [0] NCCL INFO NET/IB: ncclIbConnectImpl: IbDev 0 Port 1 qp_num 10091 query_ece={supported=1, vendor_id=0x15b3, options=0x30000002, comp_mask=0x0}
spark:247:279 [0] NCCL INFO NET/IB: ncclIbConnectImpl: NCCL Dev 0 IbDev 0 Port 1 qp_num 10092 mtu 5 GID 3 (0/164A8C0FFFF0000) ctsFifoRkey=0x1b8a87 ctsFifoLkey=0x1b8a87
spark:247:279 [0] NCCL INFO NET/IB: ncclIbConnectImpl: IbDev 0 Port 1 qp_num 10092 query_ece={supported=1, vendor_id=0x15b3, options=0x30000002, comp_mask=0x0}
spark:247:279 [0] NCCL INFO NET/IB: ncclIbSenderQpsCreate: QP created: port=1 dev=0 devName=rocep1s0f1 ndevs=1 nmdevs=1 qp_num=10093 pkey=0 pd=0xf6a430041ea0 oooRq=0
spark:247:279 [0] NCCL INFO NET/IB: ncclIbSenderQpsCreate: QP created: port=1 dev=0 devName=rocep1s0f1 ndevs=1 nmdevs=1 qp_num=10094 pkey=0 pd=0xf6a430041ea0 oooRq=0
spark:247:279 [0] NCCL INFO NET/IB: ncclIbSenderQpsCreate: QP created: port=1 dev=0 devName=rocep1s0f1 ndevs=1 nmdevs=1 qp_num=10095 pkey=0 pd=0xf6a430041ea0 oooRq=0
spark:247:279 [0] NCCL INFO NET/IB: ncclIbSenderQpsCreate: QP created: port=1 dev=0 devName=rocep1s0f1 ndevs=1 nmdevs=1 qp_num=10096 pkey=0 pd=0xf6a430041ea0 oooRq=0
spark:247:279 [0] NCCL INFO NET/IB: ncclIbConnectImpl: NCCL Dev 0 IbDev 0 Port 1 qp_num 10093 mtu 5 GID 3 (0/164A8C0FFFF0000) ctsFifoRkey=0x1b8380 ctsFifoLkey=0x1b8380
spark:247:279 [0] NCCL INFO NET/IB: ncclIbConnectImpl: IbDev 0 Port 1 qp_num 10093 query_ece={supported=1, vendor_id=0x15b3, options=0x30000002, comp_mask=0x0}
spark:247:279 [0] NCCL INFO NET/IB: ncclIbConnectImpl: NCCL Dev 0 IbDev 0 Port 1 qp_num 10094 mtu 5 GID 3 (0/164A8C0FFFF0000) ctsFifoRkey=0x1b8380 ctsFifoLkey=0x1b8380
spark:247:279 [0] NCCL INFO NET/IB: ncclIbConnectImpl: IbDev 0 Port 1 qp_num 10094 query_ece={supported=1, vendor_id=0x15b3, options=0x30000002, comp_mask=0x0}
spark:247:279 [0] NCCL INFO NET/IB: ncclIbConnectImpl: NCCL Dev 0 IbDev 0 Port 1 qp_num 10095 mtu 5 GID 3 (0/164A8C0FFFF0000) ctsFifoRkey=0x1b8380 ctsFifoLkey=0x1b8380
spark:247:279 [0] NCCL INFO NET/IB: ncclIbConnectImpl: IbDev 0 Port 1 qp_num 10095 query_ece={supported=1, vendor_id=0x15b3, options=0x30000002, comp_mask=0x0}
spark:247:279 [0] NCCL INFO NET/IB: ncclIbConnectImpl: NCCL Dev 0 IbDev 0 Port 1 qp_num 10096 mtu 5 GID 3 (0/164A8C0FFFF0000) ctsFifoRkey=0x1b8380 ctsFifoLkey=0x1b8380
spark:247:279 [0] NCCL INFO NET/IB: ncclIbConnectImpl: IbDev 0 Port 1 qp_num 10096 query_ece={supported=1, vendor_id=0x15b3, options=0x30000002, comp_mask=0x0}
spark:247:279 [0] NCCL INFO NET/IB: ncclIbSenderQpsCreate: QP created: port=1 dev=0 devName=rocep1s0f1 ndevs=1 nmdevs=1 qp_num=10097 pkey=0 pd=0xf6a430041ea0 oooRq=0
spark:247:279 [0] NCCL INFO NET/IB: ncclIbSenderQpsCreate: QP created: port=1 dev=0 devName=rocep1s0f1 ndevs=1 nmdevs=1 qp_num=10098 pkey=0 pd=0xf6a430041ea0 oooRq=0
spark:247:279 [0] NCCL INFO NET/IB: ncclIbSenderQpsCreate: QP created: port=1 dev=0 devName=rocep1s0f1 ndevs=1 nmdevs=1 qp_num=10099 pkey=0 pd=0xf6a430041ea0 oooRq=0
spark:247:279 [0] NCCL INFO NET/IB: ncclIbSenderQpsCreate: QP created: port=1 dev=0 devName=rocep1s0f1 ndevs=1 nmdevs=1 qp_num=10100 pkey=0 pd=0xf6a430041ea0 oooRq=0
spark:247:279 [0] NCCL INFO NET/IB: ncclIbConnectImpl: NCCL Dev 0 IbDev 0 Port 1 qp_num 10097 mtu 5 GID 3 (0/164A8C0FFFF0000) ctsFifoRkey=0x1b4c49 ctsFifoLkey=0x1b4c49
spark:247:279 [0] NCCL INFO NET/IB: ncclIbConnectImpl: IbDev 0 Port 1 qp_num 10097 query_ece={supported=1, vendor_id=0x15b3, options=0x30000002, comp_mask=0x0}
spark:247:279 [0] NCCL INFO NET/IB: ncclIbConnectImpl: NCCL Dev 0 IbDev 0 Port 1 qp_num 10098 mtu 5 GID 3 (0/164A8C0FFFF0000) ctsFifoRkey=0x1b4c49 ctsFifoLkey=0x1b4c49
spark:247:279 [0] NCCL INFO NET/IB: ncclIbConnectImpl: IbDev 0 Port 1 qp_num 10098 query_ece={supported=1, vendor_id=0x15b3, options=0x30000002, comp_mask=0x0}
spark:247:279 [0] NCCL INFO NET/IB: ncclIbConnectImpl: NCCL Dev 0 IbDev 0 Port 1 qp_num 10099 mtu 5 GID 3 (0/164A8C0FFFF0000) ctsFifoRkey=0x1b4c49 ctsFifoLkey=0x1b4c49
spark:247:279 [0] NCCL INFO NET/IB: ncclIbConnectImpl: IbDev 0 Port 1 qp_num 10099 query_ece={supported=1, vendor_id=0x15b3, options=0x30000002, comp_mask=0x0}
spark:247:279 [0] NCCL INFO NET/IB: ncclIbConnectImpl: NCCL Dev 0 IbDev 0 Port 1 qp_num 10100 mtu 5 GID 3 (0/164A8C0FFFF0000) ctsFifoRkey=0x1b4c49 ctsFifoLkey=0x1b4c49
spark:247:279 [0] NCCL INFO NET/IB: ncclIbConnectImpl: IbDev 0 Port 1 qp_num 10100 query_ece={supported=1, vendor_id=0x15b3, options=0x30000002, comp_mask=0x0}
spark:247:279 [0] NCCL INFO NET/IB: ncclIbSenderQpsCreate: QP created: port=1 dev=0 devName=rocep1s0f1 ndevs=1 nmdevs=1 qp_num=10101 pkey=0 pd=0xf6a430041ea0 oooRq=0
spark:247:279 [0] NCCL INFO NET/IB: ncclIbSenderQpsCreate: QP created: port=1 dev=0 devName=rocep1s0f1 ndevs=1 nmdevs=1 qp_num=10102 pkey=0 pd=0xf6a430041ea0 oooRq=0
spark:247:279 [0] NCCL INFO NET/IB: ncclIbSenderQpsCreate: QP created: port=1 dev=0 devName=rocep1s0f1 ndevs=1 nmdevs=1 qp_num=10103 pkey=0 pd=0xf6a430041ea0 oooRq=0
spark:247:279 [0] NCCL INFO NET/IB: ncclIbSenderQpsCreate: QP created: port=1 dev=0 devName=rocep1s0f1 ndevs=1 nmdevs=1 qp_num=10104 pkey=0 pd=0xf6a430041ea0 oooRq=0
spark:247:279 [0] NCCL INFO NET/IB: ncclIbConnectImpl: NCCL Dev 0 IbDev 0 Port 1 qp_num 10101 mtu 5 GID 3 (0/164A8C0FFFF0000) ctsFifoRkey=0x2225c5 ctsFifoLkey=0x2225c5
spark:247:279 [0] NCCL INFO NET/IB: ncclIbConnectImpl: IbDev 0 Port 1 qp_num 10101 query_ece={supported=1, vendor_id=0x15b3, options=0x30000002, comp_mask=0x0}
spark:247:279 [0] NCCL INFO NET/IB: ncclIbConnectImpl: NCCL Dev 0 IbDev 0 Port 1 qp_num 10102 mtu 5 GID 3 (0/164A8C0FFFF0000) ctsFifoRkey=0x2225c5 ctsFifoLkey=0x2225c5
spark:247:279 [0] NCCL INFO NET/IB: ncclIbConnectImpl: IbDev 0 Port 1 qp_num 10102 query_ece={supported=1, vendor_id=0x15b3, options=0x30000002, comp_mask=0x0}
spark:247:279 [0] NCCL INFO NET/IB: ncclIbConnectImpl: NCCL Dev 0 IbDev 0 Port 1 qp_num 10103 mtu 5 GID 3 (0/164A8C0FFFF0000) ctsFifoRkey=0x2225c5 ctsFifoLkey=0x2225c5
spark:247:279 [0] NCCL INFO NET/IB: ncclIbConnectImpl: IbDev 0 Port 1 qp_num 10103 query_ece={supported=1, vendor_id=0x15b3, options=0x30000002, comp_mask=0x0}
spark:247:279 [0] NCCL INFO NET/IB: ncclIbConnectImpl: NCCL Dev 0 IbDev 0 Port 1 qp_num 10104 mtu 5 GID 3 (0/164A8C0FFFF0000) ctsFifoRkey=0x2225c5 ctsFifoLkey=0x2225c5
spark:247:279 [0] NCCL INFO NET/IB: ncclIbConnectImpl: IbDev 0 Port 1 qp_num 10104 query_ece={supported=1, vendor_id=0x15b3, options=0x30000002, comp_mask=0x0}
spark:247:279 [0] NCCL INFO NET/IB: ncclIbSenderQpsCreate: QP created: port=1 dev=0 devName=rocep1s0f1 ndevs=1 nmdevs=1 qp_num=10105 pkey=0 pd=0xf6a430041ea0 oooRq=0
spark:247:279 [0] NCCL INFO NET/IB: ncclIbSenderQpsCreate: QP created: port=1 dev=0 devName=rocep1s0f1 ndevs=1 nmdevs=1 qp_num=10106 pkey=0 pd=0xf6a430041ea0 oooRq=0
spark:247:279 [0] NCCL INFO NET/IB: ncclIbSenderQpsCreate: QP created: port=1 dev=0 devName=rocep1s0f1 ndevs=1 nmdevs=1 qp_num=10107 pkey=0 pd=0xf6a430041ea0 oooRq=0
spark:247:279 [0] NCCL INFO NET/IB: ncclIbSenderQpsCreate: QP created: port=1 dev=0 devName=rocep1s0f1 ndevs=1 nmdevs=1 qp_num=10108 pkey=0 pd=0xf6a430041ea0 oooRq=0
spark:247:279 [0] NCCL INFO NET/IB: ncclIbConnectImpl: NCCL Dev 0 IbDev 0 Port 1 qp_num 10105 mtu 5 GID 3 (0/164A8C0FFFF0000) ctsFifoRkey=0x2224c4 ctsFifoLkey=0x2224c4
spark:247:279 [0] NCCL INFO NET/IB: ncclIbConnectImpl: IbDev 0 Port 1 qp_num 10105 query_ece={supported=1, vendor_id=0x15b3, options=0x30000002, comp_mask=0x0}
spark:247:279 [0] NCCL INFO NET/IB: ncclIbConnectImpl: NCCL Dev 0 IbDev 0 Port 1 qp_num 10106 mtu 5 GID 3 (0/164A8C0FFFF0000) ctsFifoRkey=0x2224c4 ctsFifoLkey=0x2224c4
spark:247:279 [0] NCCL INFO NET/IB: ncclIbConnectImpl: IbDev 0 Port 1 qp_num 10106 query_ece={supported=1, vendor_id=0x15b3, options=0x30000002, comp_mask=0x0}
spark:247:279 [0] NCCL INFO NET/IB: ncclIbConnectImpl: NCCL Dev 0 IbDev 0 Port 1 qp_num 10107 mtu 5 GID 3 (0/164A8C0FFFF0000) ctsFifoRkey=0x2224c4 ctsFifoLkey=0x2224c4
spark:247:279 [0] NCCL INFO NET/IB: ncclIbConnectImpl: IbDev 0 Port 1 qp_num 10107 query_ece={supported=1, vendor_id=0x15b3, options=0x30000002, comp_mask=0x0}
spark:247:279 [0] NCCL INFO NET/IB: ncclIbConnectImpl: NCCL Dev 0 IbDev 0 Port 1 qp_num 10108 mtu 5 GID 3 (0/164A8C0FFFF0000) ctsFifoRkey=0x2224c4 ctsFifoLkey=0x2224c4
spark:247:279 [0] NCCL INFO NET/IB: ncclIbConnectImpl: IbDev 0 Port 1 qp_num 10108 query_ece={supported=1, vendor_id=0x15b3, options=0x30000002, comp_mask=0x0}
spark:247:279 [0] NCCL INFO NET/IB: ncclIbSenderQpsCreate: QP created: port=1 dev=0 devName=rocep1s0f1 ndevs=1 nmdevs=1 qp_num=10109 pkey=0 pd=0xf6a430041ea0 oooRq=0
spark:247:279 [0] NCCL INFO NET/IB: ncclIbSenderQpsCreate: QP created: port=1 dev=0 devName=rocep1s0f1 ndevs=1 nmdevs=1 qp_num=10110 pkey=0 pd=0xf6a430041ea0 oooRq=0
spark:247:279 [0] NCCL INFO NET/IB: ncclIbSenderQpsCreate: QP created: port=1 dev=0 devName=rocep1s0f1 ndevs=1 nmdevs=1 qp_num=10111 pkey=0 pd=0xf6a430041ea0 oooRq=0
spark:247:279 [0] NCCL INFO NET/IB: ncclIbSenderQpsCreate: QP created: port=1 dev=0 devName=rocep1s0f1 ndevs=1 nmdevs=1 qp_num=10112 pkey=0 pd=0xf6a430041ea0 oooRq=0
spark:247:279 [0] NCCL INFO NET/IB: ncclIbConnectImpl: NCCL Dev 0 IbDev 0 Port 1 qp_num 10109 mtu 5 GID 3 (0/164A8C0FFFF0000) ctsFifoRkey=0x2223c3 ctsFifoLkey=0x2223c3
spark:247:279 [0] NCCL INFO NET/IB: ncclIbConnectImpl: IbDev 0 Port 1 qp_num 10109 query_ece={supported=1, vendor_id=0x15b3, options=0x30000002, comp_mask=0x0}
spark:247:279 [0] NCCL INFO NET/IB: ncclIbConnectImpl: NCCL Dev 0 IbDev 0 Port 1 qp_num 10110 mtu 5 GID 3 (0/164A8C0FFFF0000) ctsFifoRkey=0x2223c3 ctsFifoLkey=0x2223c3
spark:247:279 [0] NCCL INFO NET/IB: ncclIbConnectImpl: IbDev 0 Port 1 qp_num 10110 query_ece={supported=1, vendor_id=0x15b3, options=0x30000002, comp_mask=0x0}
spark:247:279 [0] NCCL INFO NET/IB: ncclIbConnectImpl: NCCL Dev 0 IbDev 0 Port 1 qp_num 10111 mtu 5 GID 3 (0/164A8C0FFFF0000) ctsFifoRkey=0x2223c3 ctsFifoLkey=0x2223c3
spark:247:279 [0] NCCL INFO NET/IB: ncclIbConnectImpl: IbDev 0 Port 1 qp_num 10111 query_ece={supported=1, vendor_id=0x15b3, options=0x30000002, comp_mask=0x0}
spark:247:279 [0] NCCL INFO NET/IB: ncclIbConnectImpl: NCCL Dev 0 IbDev 0 Port 1 qp_num 10112 mtu 5 GID 3 (0/164A8C0FFFF0000) ctsFifoRkey=0x2223c3 ctsFifoLkey=0x2223c3
spark:247:279 [0] NCCL INFO NET/IB: ncclIbConnectImpl: IbDev 0 Port 1 qp_num 10112 query_ece={supported=1, vendor_id=0x15b3, options=0x30000002, comp_mask=0x0}
spark:247:279 [0] NCCL INFO NET/IB: ncclIbSenderQpsCreate: QP created: port=1 dev=0 devName=rocep1s0f1 ndevs=1 nmdevs=1 qp_num=10113 pkey=0 pd=0xf6a430041ea0 oooRq=0
spark:247:279 [0] NCCL INFO NET/IB: ncclIbSenderQpsCreate: QP created: port=1 dev=0 devName=rocep1s0f1 ndevs=1 nmdevs=1 qp_num=10114 pkey=0 pd=0xf6a430041ea0 oooRq=0
spark:247:279 [0] NCCL INFO NET/IB: ncclIbSenderQpsCreate: QP created: port=1 dev=0 devName=rocep1s0f1 ndevs=1 nmdevs=1 qp_num=10115 pkey=0 pd=0xf6a430041ea0 oooRq=0
spark:247:279 [0] NCCL INFO NET/IB: ncclIbSenderQpsCreate: QP created: port=1 dev=0 devName=rocep1s0f1 ndevs=1 nmdevs=1 qp_num=10116 pkey=0 pd=0xf6a430041ea0 oooRq=0
spark:247:279 [0] NCCL INFO NET/IB: ncclIbConnectImpl: NCCL Dev 0 IbDev 0 Port 1 qp_num 10113 mtu 5 GID 3 (0/164A8C0FFFF0000) ctsFifoRkey=0x2222c2 ctsFifoLkey=0x2222c2
spark:247:279 [0] NCCL INFO NET/IB: ncclIbConnectImpl: IbDev 0 Port 1 qp_num 10113 query_ece={supported=1, vendor_id=0x15b3, options=0x30000002, comp_mask=0x0}
spark:247:279 [0] NCCL INFO NET/IB: ncclIbConnectImpl: NCCL Dev 0 IbDev 0 Port 1 qp_num 10114 mtu 5 GID 3 (0/164A8C0FFFF0000) ctsFifoRkey=0x2222c2 ctsFifoLkey=0x2222c2
spark:247:279 [0] NCCL INFO NET/IB: ncclIbConnectImpl: IbDev 0 Port 1 qp_num 10114 query_ece={supported=1, vendor_id=0x15b3, options=0x30000002, comp_mask=0x0}
spark:247:279 [0] NCCL INFO NET/IB: ncclIbConnectImpl: NCCL Dev 0 IbDev 0 Port 1 qp_num 10115 mtu 5 GID 3 (0/164A8C0FFFF0000) ctsFifoRkey=0x2222c2 ctsFifoLkey=0x2222c2
spark:247:279 [0] NCCL INFO NET/IB: ncclIbConnectImpl: IbDev 0 Port 1 qp_num 10115 query_ece={supported=1, vendor_id=0x15b3, options=0x30000002, comp_mask=0x0}
spark:247:279 [0] NCCL INFO NET/IB: ncclIbConnectImpl: NCCL Dev 0 IbDev 0 Port 1 qp_num 10116 mtu 5 GID 3 (0/164A8C0FFFF0000) ctsFifoRkey=0x2222c2 ctsFifoLkey=0x2222c2
spark:247:279 [0] NCCL INFO NET/IB: ncclIbConnectImpl: IbDev 0 Port 1 qp_num 10116 query_ece={supported=1, vendor_id=0x15b3, options=0x30000002, comp_mask=0x0}
spark:247:279 [0] NCCL INFO NET/IB: ncclIbSenderQpsCreate: QP created: port=1 dev=0 devName=rocep1s0f1 ndevs=1 nmdevs=1 qp_num=10117 pkey=0 pd=0xf6a430041ea0 oooRq=0
spark:247:279 [0] NCCL INFO NET/IB: ncclIbSenderQpsCreate: QP created: port=1 dev=0 devName=rocep1s0f1 ndevs=1 nmdevs=1 qp_num=10118 pkey=0 pd=0xf6a430041ea0 oooRq=0
spark:247:279 [0] NCCL INFO NET/IB: ncclIbSenderQpsCreate: QP created: port=1 dev=0 devName=rocep1s0f1 ndevs=1 nmdevs=1 qp_num=10119 pkey=0 pd=0xf6a430041ea0 oooRq=0
spark:247:279 [0] NCCL INFO NET/IB: ncclIbSenderQpsCreate: QP created: port=1 dev=0 devName=rocep1s0f1 ndevs=1 nmdevs=1 qp_num=10120 pkey=0 pd=0xf6a430041ea0 oooRq=0
spark:247:279 [0] NCCL INFO NET/IB: ncclIbConnectImpl: NCCL Dev 0 IbDev 0 Port 1 qp_num 10117 mtu 5 GID 3 (0/164A8C0FFFF0000) ctsFifoRkey=0x1b403e ctsFifoLkey=0x1b403e
spark:247:279 [0] NCCL INFO NET/IB: ncclIbConnectImpl: IbDev 0 Port 1 qp_num 10117 query_ece={supported=1, vendor_id=0x15b3, options=0x30000002, comp_mask=0x0}
spark:247:279 [0] NCCL INFO NET/IB: ncclIbConnectImpl: NCCL Dev 0 IbDev 0 Port 1 qp_num 10118 mtu 5 GID 3 (0/164A8C0FFFF0000) ctsFifoRkey=0x1b403e ctsFifoLkey=0x1b403e
spark:247:279 [0] NCCL INFO NET/IB: ncclIbConnectImpl: IbDev 0 Port 1 qp_num 10118 query_ece={supported=1, vendor_id=0x15b3, options=0x30000002, comp_mask=0x0}
spark:247:279 [0] NCCL INFO NET/IB: ncclIbConnectImpl: NCCL Dev 0 IbDev 0 Port 1 qp_num 10119 mtu 5 GID 3 (0/164A8C0FFFF0000) ctsFifoRkey=0x1b403e ctsFifoLkey=0x1b403e
spark:247:279 [0] NCCL INFO NET/IB: ncclIbConnectImpl: IbDev 0 Port 1 qp_num 10119 query_ece={supported=1, vendor_id=0x15b3, options=0x30000002, comp_mask=0x0}
spark:247:279 [0] NCCL INFO NET/IB: ncclIbConnectImpl: NCCL Dev 0 IbDev 0 Port 1 qp_num 10120 mtu 5 GID 3 (0/164A8C0FFFF0000) ctsFifoRkey=0x1b403e ctsFifoLkey=0x1b403e
spark:247:279 [0] NCCL INFO NET/IB: ncclIbConnectImpl: IbDev 0 Port 1 qp_num 10120 query_ece={supported=1, vendor_id=0x15b3, options=0x30000002, comp_mask=0x0}
spark:247:279 [0] NCCL INFO NET/IB: ncclIbSenderQpsCreate: QP created: port=1 dev=0 devName=rocep1s0f1 ndevs=1 nmdevs=1 qp_num=10121 pkey=0 pd=0xf6a430041ea0 oooRq=0
spark:247:279 [0] NCCL INFO NET/IB: ncclIbSenderQpsCreate: QP created: port=1 dev=0 devName=rocep1s0f1 ndevs=1 nmdevs=1 qp_num=10122 pkey=0 pd=0xf6a430041ea0 oooRq=0
spark:247:279 [0] NCCL INFO NET/IB: ncclIbSenderQpsCreate: QP created: port=1 dev=0 devName=rocep1s0f1 ndevs=1 nmdevs=1 qp_num=10123 pkey=0 pd=0xf6a430041ea0 oooRq=0
spark:247:279 [0] NCCL INFO NET/IB: ncclIbSenderQpsCreate: QP created: port=1 dev=0 devName=rocep1s0f1 ndevs=1 nmdevs=1 qp_num=10124 pkey=0 pd=0xf6a430041ea0 oooRq=0
spark:247:279 [0] NCCL INFO NET/IB: ncclIbConnectImpl: NCCL Dev 0 IbDev 0 Port 1 qp_num 10121 mtu 5 GID 3 (0/164A8C0FFFF0000) ctsFifoRkey=0x1b3b32 ctsFifoLkey=0x1b3b32
spark:247:279 [0] NCCL INFO NET/IB: ncclIbConnectImpl: IbDev 0 Port 1 qp_num 10121 query_ece={supported=1, vendor_id=0x15b3, options=0x30000002, comp_mask=0x0}
spark:247:279 [0] NCCL INFO NET/IB: ncclIbConnectImpl: NCCL Dev 0 IbDev 0 Port 1 qp_num 10122 mtu 5 GID 3 (0/164A8C0FFFF0000) ctsFifoRkey=0x1b3b32 ctsFifoLkey=0x1b3b32
spark:247:279 [0] NCCL INFO NET/IB: ncclIbConnectImpl: IbDev 0 Port 1 qp_num 10122 query_ece={supported=1, vendor_id=0x15b3, options=0x30000002, comp_mask=0x0}
spark:247:279 [0] NCCL INFO NET/IB: ncclIbConnectImpl: NCCL Dev 0 IbDev 0 Port 1 qp_num 10123 mtu 5 GID 3 (0/164A8C0FFFF0000) ctsFifoRkey=0x1b3b32 ctsFifoLkey=0x1b3b32
spark:247:279 [0] NCCL INFO NET/IB: ncclIbConnectImpl: IbDev 0 Port 1 qp_num 10123 query_ece={supported=1, vendor_id=0x15b3, options=0x30000002, comp_mask=0x0}
spark:247:279 [0] NCCL INFO NET/IB: ncclIbConnectImpl: NCCL Dev 0 IbDev 0 Port 1 qp_num 10124 mtu 5 GID 3 (0/164A8C0FFFF0000) ctsFifoRkey=0x1b3b32 ctsFifoLkey=0x1b3b32
spark:247:279 [0] NCCL INFO NET/IB: ncclIbConnectImpl: IbDev 0 Port 1 qp_num 10124 query_ece={supported=1, vendor_id=0x15b3, options=0x30000002, comp_mask=0x0}
spark:247:279 [0] NCCL INFO NET/IB: ncclIbSenderQpsCreate: QP created: port=1 dev=0 devName=rocep1s0f1 ndevs=1 nmdevs=1 qp_num=10125 pkey=0 pd=0xf6a430041ea0 oooRq=0
spark:247:279 [0] NCCL INFO NET/IB: ncclIbSenderQpsCreate: QP created: port=1 dev=0 devName=rocep1s0f1 ndevs=1 nmdevs=1 qp_num=10126 pkey=0 pd=0xf6a430041ea0 oooRq=0
spark:247:279 [0] NCCL INFO NET/IB: ncclIbSenderQpsCreate: QP created: port=1 dev=0 devName=rocep1s0f1 ndevs=1 nmdevs=1 qp_num=10127 pkey=0 pd=0xf6a430041ea0 oooRq=0
spark:247:279 [0] NCCL INFO NET/IB: ncclIbSenderQpsCreate: QP created: port=1 dev=0 devName=rocep1s0f1 ndevs=1 nmdevs=1 qp_num=10128 pkey=0 pd=0xf6a430041ea0 oooRq=0
spark:247:279 [0] NCCL INFO NET/IB: ncclIbConnectImpl: NCCL Dev 0 IbDev 0 Port 1 qp_num 10125 mtu 5 GID 3 (0/164A8C0FFFF0000) ctsFifoRkey=0x1b2a27 ctsFifoLkey=0x1b2a27
spark:247:279 [0] NCCL INFO NET/IB: ncclIbConnectImpl: IbDev 0 Port 1 qp_num 10125 query_ece={supported=1, vendor_id=0x15b3, options=0x30000002, comp_mask=0x0}
spark:247:279 [0] NCCL INFO NET/IB: ncclIbConnectImpl: NCCL Dev 0 IbDev 0 Port 1 qp_num 10126 mtu 5 GID 3 (0/164A8C0FFFF0000) ctsFifoRkey=0x1b2a27 ctsFifoLkey=0x1b2a27
spark:247:279 [0] NCCL INFO NET/IB: ncclIbConnectImpl: IbDev 0 Port 1 qp_num 10126 query_ece={supported=1, vendor_id=0x15b3, options=0x30000002, comp_mask=0x0}
spark:247:279 [0] NCCL INFO NET/IB: ncclIbConnectImpl: NCCL Dev 0 IbDev 0 Port 1 qp_num 10127 mtu 5 GID 3 (0/164A8C0FFFF0000) ctsFifoRkey=0x1b2a27 ctsFifoLkey=0x1b2a27
spark:247:279 [0] NCCL INFO NET/IB: ncclIbConnectImpl: IbDev 0 Port 1 qp_num 10127 query_ece={supported=1, vendor_id=0x15b3, options=0x30000002, comp_mask=0x0}
spark:247:279 [0] NCCL INFO NET/IB: ncclIbConnectImpl: NCCL Dev 0 IbDev 0 Port 1 qp_num 10128 mtu 5 GID 3 (0/164A8C0FFFF0000) ctsFifoRkey=0x1b2a27 ctsFifoLkey=0x1b2a27
spark:247:279 [0] NCCL INFO NET/IB: ncclIbConnectImpl: IbDev 0 Port 1 qp_num 10128 query_ece={supported=1, vendor_id=0x15b3, options=0x30000002, comp_mask=0x0}
spark:247:279 [0] NCCL INFO NET/IB: ncclIbSenderQpsCreate: QP created: port=1 dev=0 devName=rocep1s0f1 ndevs=1 nmdevs=1 qp_num=10129 pkey=0 pd=0xf6a430041ea0 oooRq=0
spark:247:279 [0] NCCL INFO NET/IB: ncclIbSenderQpsCreate: QP created: port=1 dev=0 devName=rocep1s0f1 ndevs=1 nmdevs=1 qp_num=10130 pkey=0 pd=0xf6a430041ea0 oooRq=0
spark:247:279 [0] NCCL INFO NET/IB: ncclIbSenderQpsCreate: QP created: port=1 dev=0 devName=rocep1s0f1 ndevs=1 nmdevs=1 qp_num=10131 pkey=0 pd=0xf6a430041ea0 oooRq=0
spark:247:279 [0] NCCL INFO NET/IB: ncclIbSenderQpsCreate: QP created: port=1 dev=0 devName=rocep1s0f1 ndevs=1 nmdevs=1 qp_num=10132 pkey=0 pd=0xf6a430041ea0 oooRq=0
spark:247:279 [0] NCCL INFO NET/IB: ncclIbConnectImpl: NCCL Dev 0 IbDev 0 Port 1 qp_num 10129 mtu 5 GID 3 (0/164A8C0FFFF0000) ctsFifoRkey=0x1b7c79 ctsFifoLkey=0x1b7c79
spark:247:279 [0] NCCL INFO NET/IB: ncclIbConnectImpl: IbDev 0 Port 1 qp_num 10129 query_ece={supported=1, vendor_id=0x15b3, options=0x30000002, comp_mask=0x0}
spark:247:279 [0] NCCL INFO NET/IB: ncclIbConnectImpl: NCCL Dev 0 IbDev 0 Port 1 qp_num 10130 mtu 5 GID 3 (0/164A8C0FFFF0000) ctsFifoRkey=0x1b7c79 ctsFifoLkey=0x1b7c79
spark:247:279 [0] NCCL INFO NET/IB: ncclIbConnectImpl: IbDev 0 Port 1 qp_num 10130 query_ece={supported=1, vendor_id=0x15b3, options=0x30000002, comp_mask=0x0}
spark:247:279 [0] NCCL INFO NET/IB: ncclIbConnectImpl: NCCL Dev 0 IbDev 0 Port 1 qp_num 10131 mtu 5 GID 3 (0/164A8C0FFFF0000) ctsFifoRkey=0x1b7c79 ctsFifoLkey=0x1b7c79
spark:247:279 [0] NCCL INFO NET/IB: ncclIbConnectImpl: IbDev 0 Port 1 qp_num 10131 query_ece={supported=1, vendor_id=0x15b3, options=0x30000002, comp_mask=0x0}
spark:247:279 [0] NCCL INFO NET/IB: ncclIbConnectImpl: NCCL Dev 0 IbDev 0 Port 1 qp_num 10132 mtu 5 GID 3 (0/164A8C0FFFF0000) ctsFifoRkey=0x1b7c79 ctsFifoLkey=0x1b7c79
spark:247:279 [0] NCCL INFO NET/IB: ncclIbConnectImpl: IbDev 0 Port 1 qp_num 10132 query_ece={supported=1, vendor_id=0x15b3, options=0x30000002, comp_mask=0x0}
spark:247:279 [0] NCCL INFO NET/IB: ncclIbResiliencyInit: Resiliency is disabled on the send communicator (comm=0xf6a41c69e000)
spark:247:279 [0] NCCL INFO NET/IB: ncclIbSenderQpsToRts: Set ECE: IbDev 0 Port 1 qp_num 10080 set_ece={supported=1, vendor_id=0x15b3, options=0x30000002, comp_mask=0x0}
spark:247:279 [0] NCCL INFO NET/IB: ncclIbSenderQpsToRts: Set ECE: IbDev 0 Port 1 qp_num 10081 set_ece={supported=1, vendor_id=0x15b3, options=0x30000002, comp_mask=0x0}
spark:247:279 [0] NCCL INFO NET/IB: ncclIbSenderQpsToRts: Set ECE: IbDev 0 Port 1 qp_num 10082 set_ece={supported=1, vendor_id=0x15b3, options=0x30000002, comp_mask=0x0}
spark:247:279 [0] NCCL INFO NET/IB: ncclIbSenderQpsToRts: Set ECE: IbDev 0 Port 1 qp_num 10083 set_ece={supported=1, vendor_id=0x15b3, options=0x30000002, comp_mask=0x0}
spark:247:279 [0] NCCL INFO NET/IB: ncclIbSenderQpsToRts: Set ECE: IbDev 0 Port 1 qp_num 10089 set_ece={supported=1, vendor_id=0x15b3, options=0x30000002, comp_mask=0x0}
spark:247:279 [0] NCCL INFO NET/IB: ncclIbSenderQpsToRts: Set ECE: IbDev 0 Port 1 qp_num 10090 set_ece={supported=1, vendor_id=0x15b3, options=0x30000002, comp_mask=0x0}
spark:247:279 [0] NCCL INFO NET/IB: ncclIbSenderQpsToRts: Set ECE: IbDev 0 Port 1 qp_num 10091 set_ece={supported=1, vendor_id=0x15b3, options=0x30000002, comp_mask=0x0}
spark:247:279 [0] NCCL INFO NET/IB: ncclIbSenderQpsToRts: Set ECE: IbDev 0 Port 1 qp_num 10092 set_ece={supported=1, vendor_id=0x15b3, options=0x30000002, comp_mask=0x0}
spark:247:279 [0] NCCL INFO NET/IB: ncclIbReceiverQpsCreateToRts: QP created: port=1 dev=0 devName=rocep1s0f1 ndevs=1 nmdevs=1 qp_num=10133 pkey=0 pd=0xf6a430041ea0 oooRq=0
spark:247:279 [0] NCCL INFO NET/IB: ncclIbReceiverQpsCreateToRts: QP created: port=1 dev=0 devName=rocep1s0f1 ndevs=1 nmdevs=1 qp_num=10134 pkey=0 pd=0xf6a430041ea0 oooRq=0
spark:247:279 [0] NCCL INFO NET/IB: ncclIbReceiverQpsCreateToRts: QP created: port=1 dev=0 devName=rocep1s0f1 ndevs=1 nmdevs=1 qp_num=10135 pkey=0 pd=0xf6a430041ea0 oooRq=0
spark:247:279 [0] NCCL INFO NET/IB: ncclIbReceiverQpsCreateToRts: QP created: port=1 dev=0 devName=rocep1s0f1 ndevs=1 nmdevs=1 qp_num=10136 pkey=0 pd=0xf6a430041ea0 oooRq=0
spark:247:279 [0] NCCL INFO NET/IB: ncclIbReceiverQpsCreateToRts: Flush QP created: port=1 dev=0 devName=rocep1s0f1 ndevs=1 nmdevs=1 qp_num=10137 pkey=0 pd=0xf6a430041ea0
spark:247:279 [0] NCCL INFO NET/IB: ncclIbSenderQpsToRts: Set ECE: IbDev 0 Port 1 qp_num 10093 set_ece={supported=1, vendor_id=0x15b3, options=0x30000002, comp_mask=0x0}
spark:247:279 [0] NCCL INFO NET/IB: ncclIbSenderQpsToRts: Set ECE: IbDev 0 Port 1 qp_num 10094 set_ece={supported=1, vendor_id=0x15b3, options=0x30000002, comp_mask=0x0}
spark:247:279 [0] NCCL INFO NET/IB: ncclIbSenderQpsToRts: Set ECE: IbDev 0 Port 1 qp_num 10095 set_ece={supported=1, vendor_id=0x15b3, options=0x30000002, comp_mask=0x0}
spark:247:279 [0] NCCL INFO NET/IB: ncclIbSenderQpsToRts: Set ECE: IbDev 0 Port 1 qp_num 10096 set_ece={supported=1, vendor_id=0x15b3, options=0x30000002, comp_mask=0x0}
spark:247:279 [0] NCCL INFO NET/IB: ncclIbReceiverQpsCreateToRts: QP created: port=1 dev=0 devName=rocep1s0f1 ndevs=1 nmdevs=1 qp_num=10138 pkey=0 pd=0xf6a430041ea0 oooRq=0
spark:247:279 [0] NCCL INFO NET/IB: ncclIbReceiverQpsCreateToRts: QP created: port=1 dev=0 devName=rocep1s0f1 ndevs=1 nmdevs=1 qp_num=10139 pkey=0 pd=0xf6a430041ea0 oooRq=0
spark:247:279 [0] NCCL INFO NET/IB: ncclIbReceiverQpsCreateToRts: QP created: port=1 dev=0 devName=rocep1s0f1 ndevs=1 nmdevs=1 qp_num=10140 pkey=0 pd=0xf6a430041ea0 oooRq=0
spark:247:279 [0] NCCL INFO NET/IB: ncclIbReceiverQpsCreateToRts: QP created: port=1 dev=0 devName=rocep1s0f1 ndevs=1 nmdevs=1 qp_num=10141 pkey=0 pd=0xf6a430041ea0 oooRq=0
spark:247:279 [0] NCCL INFO NET/IB: ncclIbReceiverQpsCreateToRts: Flush QP created: port=1 dev=0 devName=rocep1s0f1 ndevs=1 nmdevs=1 qp_num=10142 pkey=0 pd=0xf6a430041ea0
spark:247:279 [0] NCCL INFO NET/IB: ncclIbSenderQpsToRts: Set ECE: IbDev 0 Port 1 qp_num 10097 set_ece={supported=1, vendor_id=0x15b3, options=0x30000002, comp_mask=0x0}
spark:247:279 [0] NCCL INFO NET/IB: ncclIbSenderQpsToRts: Set ECE: IbDev 0 Port 1 qp_num 10098 set_ece={supported=1, vendor_id=0x15b3, options=0x30000002, comp_mask=0x0}
spark:247:279 [0] NCCL INFO NET/IB: ncclIbSenderQpsToRts: Set ECE: IbDev 0 Port 1 qp_num 10099 set_ece={supported=1, vendor_id=0x15b3, options=0x30000002, comp_mask=0x0}
spark:247:279 [0] NCCL INFO NET/IB: ncclIbSenderQpsToRts: Set ECE: IbDev 0 Port 1 qp_num 10100 set_ece={supported=1, vendor_id=0x15b3, options=0x30000002, comp_mask=0x0}
spark:247:279 [0] NCCL INFO NET/IB: ncclIbReceiverQpsCreateToRts: QP created: port=1 dev=0 devName=rocep1s0f1 ndevs=1 nmdevs=1 qp_num=10143 pkey=0 pd=0xf6a430041ea0 oooRq=0
spark:247:279 [0] NCCL INFO NET/IB: ncclIbReceiverQpsCreateToRts: QP created: port=1 dev=0 devName=rocep1s0f1 ndevs=1 nmdevs=1 qp_num=10144 pkey=0 pd=0xf6a430041ea0 oooRq=0
spark:247:279 [0] NCCL INFO NET/IB: ncclIbReceiverQpsCreateToRts: QP created: port=1 dev=0 devName=rocep1s0f1 ndevs=1 nmdevs=1 qp_num=10145 pkey=0 pd=0xf6a430041ea0 oooRq=0
spark:247:279 [0] NCCL INFO NET/IB: ncclIbReceiverQpsCreateToRts: QP created: port=1 dev=0 devName=rocep1s0f1 ndevs=1 nmdevs=1 qp_num=10146 pkey=0 pd=0xf6a430041ea0 oooRq=0
spark:247:279 [0] NCCL INFO NET/IB: ncclIbReceiverQpsCreateToRts: Flush QP created: port=1 dev=0 devName=rocep1s0f1 ndevs=1 nmdevs=1 qp_num=10147 pkey=0 pd=0xf6a430041ea0
spark:247:279 [0] NCCL INFO NET/IB: ncclIbSenderQpsToRts: Set ECE: IbDev 0 Port 1 qp_num 10101 set_ece={supported=1, vendor_id=0x15b3, options=0x30000002, comp_mask=0x0}
spark:247:279 [0] NCCL INFO NET/IB: ncclIbSenderQpsToRts: Set ECE: IbDev 0 Port 1 qp_num 10102 set_ece={supported=1, vendor_id=0x15b3, options=0x30000002, comp_mask=0x0}
spark:247:279 [0] NCCL INFO NET/IB: ncclIbSenderQpsToRts: Set ECE: IbDev 0 Port 1 qp_num 10103 set_ece={supported=1, vendor_id=0x15b3, options=0x30000002, comp_mask=0x0}
spark:247:279 [0] NCCL INFO NET/IB: ncclIbSenderQpsToRts: Set ECE: IbDev 0 Port 1 qp_num 10104 set_ece={supported=1, vendor_id=0x15b3, options=0x30000002, comp_mask=0x0}
spark:247:279 [0] NCCL INFO NET/IB: ncclIbReceiverQpsCreateToRts: QP created: port=1 dev=0 devName=rocep1s0f1 ndevs=1 nmdevs=1 qp_num=10148 pkey=0 pd=0xf6a430041ea0 oooRq=0
spark:247:279 [0] NCCL INFO NET/IB: ncclIbReceiverQpsCreateToRts: QP created: port=1 dev=0 devName=rocep1s0f1 ndevs=1 nmdevs=1 qp_num=10149 pkey=0 pd=0xf6a430041ea0 oooRq=0
spark:247:279 [0] NCCL INFO NET/IB: ncclIbReceiverQpsCreateToRts: QP created: port=1 dev=0 devName=rocep1s0f1 ndevs=1 nmdevs=1 qp_num=10150 pkey=0 pd=0xf6a430041ea0 oooRq=0
spark:247:279 [0] NCCL INFO NET/IB: ncclIbReceiverQpsCreateToRts: QP created: port=1 dev=0 devName=rocep1s0f1 ndevs=1 nmdevs=1 qp_num=10151 pkey=0 pd=0xf6a430041ea0 oooRq=0
spark:247:279 [0] NCCL INFO NET/IB: ncclIbReceiverQpsCreateToRts: Flush QP created: port=1 dev=0 devName=rocep1s0f1 ndevs=1 nmdevs=1 qp_num=10152 pkey=0 pd=0xf6a430041ea0
spark:247:279 [0] NCCL INFO NET/IB: ncclIbSenderQpsToRts: Set ECE: IbDev 0 Port 1 qp_num 10105 set_ece={supported=1, vendor_id=0x15b3, options=0x30000002, comp_mask=0x0}
spark:247:279 [0] NCCL INFO NET/IB: ncclIbSenderQpsToRts: Set ECE: IbDev 0 Port 1 qp_num 10106 set_ece={supported=1, vendor_id=0x15b3, options=0x30000002, comp_mask=0x0}
spark:247:279 [0] NCCL INFO NET/IB: ncclIbSenderQpsToRts: Set ECE: IbDev 0 Port 1 qp_num 10107 set_ece={supported=1, vendor_id=0x15b3, options=0x30000002, comp_mask=0x0}
spark:247:279 [0] NCCL INFO NET/IB: ncclIbSenderQpsToRts: Set ECE: IbDev 0 Port 1 qp_num 10108 set_ece={supported=1, vendor_id=0x15b3, options=0x30000002, comp_mask=0x0}
spark:247:279 [0] NCCL INFO NET/IB: ncclIbReceiverQpsCreateToRts: QP created: port=1 dev=0 devName=rocep1s0f1 ndevs=1 nmdevs=1 qp_num=10153 pkey=0 pd=0xf6a430041ea0 oooRq=0
spark:247:279 [0] NCCL INFO NET/IB: ncclIbReceiverQpsCreateToRts: QP created: port=1 dev=0 devName=rocep1s0f1 ndevs=1 nmdevs=1 qp_num=10154 pkey=0 pd=0xf6a430041ea0 oooRq=0
spark:247:279 [0] NCCL INFO NET/IB: ncclIbReceiverQpsCreateToRts: QP created: port=1 dev=0 devName=rocep1s0f1 ndevs=1 nmdevs=1 qp_num=10155 pkey=0 pd=0xf6a430041ea0 oooRq=0
spark:247:279 [0] NCCL INFO NET/IB: ncclIbReceiverQpsCreateToRts: QP created: port=1 dev=0 devName=rocep1s0f1 ndevs=1 nmdevs=1 qp_num=10156 pkey=0 pd=0xf6a430041ea0 oooRq=0
spark:247:279 [0] NCCL INFO NET/IB: ncclIbReceiverQpsCreateToRts: Flush QP created: port=1 dev=0 devName=rocep1s0f1 ndevs=1 nmdevs=1 qp_num=10157 pkey=0 pd=0xf6a430041ea0
spark:247:279 [0] NCCL INFO NET/IB: ncclIbSenderQpsToRts: Set ECE: IbDev 0 Port 1 qp_num 10109 set_ece={supported=1, vendor_id=0x15b3, options=0x30000002, comp_mask=0x0}
spark:247:279 [0] NCCL INFO NET/IB: ncclIbSenderQpsToRts: Set ECE: IbDev 0 Port 1 qp_num 10110 set_ece={supported=1, vendor_id=0x15b3, options=0x30000002, comp_mask=0x0}
spark:247:279 [0] NCCL INFO NET/IB: ncclIbSenderQpsToRts: Set ECE: IbDev 0 Port 1 qp_num 10111 set_ece={supported=1, vendor_id=0x15b3, options=0x30000002, comp_mask=0x0}
spark:247:279 [0] NCCL INFO NET/IB: ncclIbSenderQpsToRts: Set ECE: IbDev 0 Port 1 qp_num 10112 set_ece={supported=1, vendor_id=0x15b3, options=0x30000002, comp_mask=0x0}
spark:247:279 [0] NCCL INFO NET/IB: ncclIbReceiverQpsCreateToRts: QP created: port=1 dev=0 devName=rocep1s0f1 ndevs=1 nmdevs=1 qp_num=10158 pkey=0 pd=0xf6a430041ea0 oooRq=0
spark:247:279 [0] NCCL INFO NET/IB: ncclIbReceiverQpsCreateToRts: QP created: port=1 dev=0 devName=rocep1s0f1 ndevs=1 nmdevs=1 qp_num=10159 pkey=0 pd=0xf6a430041ea0 oooRq=0
spark:247:279 [0] NCCL INFO NET/IB: ncclIbReceiverQpsCreateToRts: QP created: port=1 dev=0 devName=rocep1s0f1 ndevs=1 nmdevs=1 qp_num=10160 pkey=0 pd=0xf6a430041ea0 oooRq=0
spark:247:279 [0] NCCL INFO NET/IB: ncclIbReceiverQpsCreateToRts: QP created: port=1 dev=0 devName=rocep1s0f1 ndevs=1 nmdevs=1 qp_num=10161 pkey=0 pd=0xf6a430041ea0 oooRq=0
spark:247:279 [0] NCCL INFO NET/IB: ncclIbReceiverQpsCreateToRts: Flush QP created: port=1 dev=0 devName=rocep1s0f1 ndevs=1 nmdevs=1 qp_num=10162 pkey=0 pd=0xf6a430041ea0
spark:247:279 [0] NCCL INFO NET/IB: ncclIbSenderQpsToRts: Set ECE: IbDev 0 Port 1 qp_num 10113 set_ece={supported=1, vendor_id=0x15b3, options=0x30000002, comp_mask=0x0}
spark:247:279 [0] NCCL INFO NET/IB: ncclIbSenderQpsToRts: Set ECE: IbDev 0 Port 1 qp_num 10114 set_ece={supported=1, vendor_id=0x15b3, options=0x30000002, comp_mask=0x0}
spark:247:279 [0] NCCL INFO NET/IB: ncclIbSenderQpsToRts: Set ECE: IbDev 0 Port 1 qp_num 10115 set_ece={supported=1, vendor_id=0x15b3, options=0x30000002, comp_mask=0x0}
spark:247:279 [0] NCCL INFO NET/IB: ncclIbSenderQpsToRts: Set ECE: IbDev 0 Port 1 qp_num 10116 set_ece={supported=1, vendor_id=0x15b3, options=0x30000002, comp_mask=0x0}
spark:247:279 [0] NCCL INFO NET/IB: ncclIbReceiverQpsCreateToRts: QP created: port=1 dev=0 devName=rocep1s0f1 ndevs=1 nmdevs=1 qp_num=10163 pkey=0 pd=0xf6a430041ea0 oooRq=0
spark:247:279 [0] NCCL INFO NET/IB: ncclIbReceiverQpsCreateToRts: QP created: port=1 dev=0 devName=rocep1s0f1 ndevs=1 nmdevs=1 qp_num=10164 pkey=0 pd=0xf6a430041ea0 oooRq=0
spark:247:279 [0] NCCL INFO NET/IB: ncclIbReceiverQpsCreateToRts: QP created: port=1 dev=0 devName=rocep1s0f1 ndevs=1 nmdevs=1 qp_num=10165 pkey=0 pd=0xf6a430041ea0 oooRq=0
spark:247:279 [0] NCCL INFO NET/IB: ncclIbReceiverQpsCreateToRts: QP created: port=1 dev=0 devName=rocep1s0f1 ndevs=1 nmdevs=1 qp_num=10166 pkey=0 pd=0xf6a430041ea0 oooRq=0
spark:247:279 [0] NCCL INFO NET/IB: ncclIbReceiverQpsCreateToRts: Flush QP created: port=1 dev=0 devName=rocep1s0f1 ndevs=1 nmdevs=1 qp_num=10167 pkey=0 pd=0xf6a430041ea0
spark:247:279 [0] NCCL INFO NET/IB: ncclIbSenderQpsToRts: Set ECE: IbDev 0 Port 1 qp_num 10117 set_ece={supported=1, vendor_id=0x15b3, options=0x30000002, comp_mask=0x0}
spark:247:279 [0] NCCL INFO NET/IB: ncclIbSenderQpsToRts: Set ECE: IbDev 0 Port 1 qp_num 10118 set_ece={supported=1, vendor_id=0x15b3, options=0x30000002, comp_mask=0x0}
spark:247:279 [0] NCCL INFO NET/IB: ncclIbSenderQpsToRts: Set ECE: IbDev 0 Port 1 qp_num 10119 set_ece={supported=1, vendor_id=0x15b3, options=0x30000002, comp_mask=0x0}
spark:247:279 [0] NCCL INFO NET/IB: ncclIbSenderQpsToRts: Set ECE: IbDev 0 Port 1 qp_num 10120 set_ece={supported=1, vendor_id=0x15b3, options=0x30000002, comp_mask=0x0}
spark:247:279 [0] NCCL INFO NET/IB: ncclIbReceiverQpsCreateToRts: QP created: port=1 dev=0 devName=rocep1s0f1 ndevs=1 nmdevs=1 qp_num=10168 pkey=0 pd=0xf6a430041ea0 oooRq=0
spark:247:279 [0] NCCL INFO NET/IB: ncclIbReceiverQpsCreateToRts: QP created: port=1 dev=0 devName=rocep1s0f1 ndevs=1 nmdevs=1 qp_num=10169 pkey=0 pd=0xf6a430041ea0 oooRq=0
spark:247:279 [0] NCCL INFO NET/IB: ncclIbReceiverQpsCreateToRts: QP created: port=1 dev=0 devName=rocep1s0f1 ndevs=1 nmdevs=1 qp_num=10170 pkey=0 pd=0xf6a430041ea0 oooRq=0
spark:247:279 [0] NCCL INFO NET/IB: ncclIbReceiverQpsCreateToRts: QP created: port=1 dev=0 devName=rocep1s0f1 ndevs=1 nmdevs=1 qp_num=10171 pkey=0 pd=0xf6a430041ea0 oooRq=0
spark:247:279 [0] NCCL INFO NET/IB: ncclIbReceiverQpsCreateToRts: Flush QP created: port=1 dev=0 devName=rocep1s0f1 ndevs=1 nmdevs=1 qp_num=10172 pkey=0 pd=0xf6a430041ea0
spark:247:279 [0] NCCL INFO NET/IB: ncclIbSenderQpsToRts: Set ECE: IbDev 0 Port 1 qp_num 10121 set_ece={supported=1, vendor_id=0x15b3, options=0x30000002, comp_mask=0x0}
spark:247:279 [0] NCCL INFO NET/IB: ncclIbSenderQpsToRts: Set ECE: IbDev 0 Port 1 qp_num 10122 set_ece={supported=1, vendor_id=0x15b3, options=0x30000002, comp_mask=0x0}
spark:247:279 [0] NCCL INFO NET/IB: ncclIbSenderQpsToRts: Set ECE: IbDev 0 Port 1 qp_num 10123 set_ece={supported=1, vendor_id=0x15b3, options=0x30000002, comp_mask=0x0}
spark:247:279 [0] NCCL INFO NET/IB: ncclIbSenderQpsToRts: Set ECE: IbDev 0 Port 1 qp_num 10124 set_ece={supported=1, vendor_id=0x15b3, options=0x30000002, comp_mask=0x0}
spark:247:279 [0] NCCL INFO NET/IB: ncclIbReceiverQpsCreateToRts: QP created: port=1 dev=0 devName=rocep1s0f1 ndevs=1 nmdevs=1 qp_num=10173 pkey=0 pd=0xf6a430041ea0 oooRq=0
spark:247:279 [0] NCCL INFO NET/IB: ncclIbReceiverQpsCreateToRts: QP created: port=1 dev=0 devName=rocep1s0f1 ndevs=1 nmdevs=1 qp_num=10174 pkey=0 pd=0xf6a430041ea0 oooRq=0
spark:247:279 [0] NCCL INFO NET/IB: ncclIbReceiverQpsCreateToRts: QP created: port=1 dev=0 devName=rocep1s0f1 ndevs=1 nmdevs=1 qp_num=10175 pkey=0 pd=0xf6a430041ea0 oooRq=0
spark:247:279 [0] NCCL INFO NET/IB: ncclIbReceiverQpsCreateToRts: QP created: port=1 dev=0 devName=rocep1s0f1 ndevs=1 nmdevs=1 qp_num=10176 pkey=0 pd=0xf6a430041ea0 oooRq=0
spark:247:279 [0] NCCL INFO NET/IB: ncclIbReceiverQpsCreateToRts: Flush QP created: port=1 dev=0 devName=rocep1s0f1 ndevs=1 nmdevs=1 qp_num=10177 pkey=0 pd=0xf6a430041ea0
spark:247:279 [0] NCCL INFO NET/IB: ncclIbSenderQpsToRts: Set ECE: IbDev 0 Port 1 qp_num 10125 set_ece={supported=1, vendor_id=0x15b3, options=0x30000002, comp_mask=0x0}
spark:247:279 [0] NCCL INFO NET/IB: ncclIbSenderQpsToRts: Set ECE: IbDev 0 Port 1 qp_num 10126 set_ece={supported=1, vendor_id=0x15b3, options=0x30000002, comp_mask=0x0}
spark:247:279 [0] NCCL INFO NET/IB: ncclIbSenderQpsToRts: Set ECE: IbDev 0 Port 1 qp_num 10127 set_ece={supported=1, vendor_id=0x15b3, options=0x30000002, comp_mask=0x0}
spark:247:279 [0] NCCL INFO NET/IB: ncclIbSenderQpsToRts: Set ECE: IbDev 0 Port 1 qp_num 10128 set_ece={supported=1, vendor_id=0x15b3, options=0x30000002, comp_mask=0x0}
spark:247:279 [0] NCCL INFO NET/IB: ncclIbReceiverQpsCreateToRts: QP created: port=1 dev=0 devName=rocep1s0f1 ndevs=1 nmdevs=1 qp_num=10178 pkey=0 pd=0xf6a430041ea0 oooRq=0
spark:247:279 [0] NCCL INFO NET/IB: ncclIbReceiverQpsCreateToRts: QP created: port=1 dev=0 devName=rocep1s0f1 ndevs=1 nmdevs=1 qp_num=10179 pkey=0 pd=0xf6a430041ea0 oooRq=0
spark:247:279 [0] NCCL INFO NET/IB: ncclIbReceiverQpsCreateToRts: QP created: port=1 dev=0 devName=rocep1s0f1 ndevs=1 nmdevs=1 qp_num=10180 pkey=0 pd=0xf6a430041ea0 oooRq=0
spark:247:279 [0] NCCL INFO NET/IB: ncclIbReceiverQpsCreateToRts: QP created: port=1 dev=0 devName=rocep1s0f1 ndevs=1 nmdevs=1 qp_num=10181 pkey=0 pd=0xf6a430041ea0 oooRq=0
spark:247:279 [0] NCCL INFO NET/IB: ncclIbReceiverQpsCreateToRts: Flush QP created: port=1 dev=0 devName=rocep1s0f1 ndevs=1 nmdevs=1 qp_num=10182 pkey=0 pd=0xf6a430041ea0
spark:247:279 [0] NCCL INFO NET/IB: ncclIbSenderQpsToRts: Set ECE: IbDev 0 Port 1 qp_num 10129 set_ece={supported=1, vendor_id=0x15b3, options=0x30000002, comp_mask=0x0}
spark:247:279 [0] NCCL INFO NET/IB: ncclIbSenderQpsToRts: Set ECE: IbDev 0 Port 1 qp_num 10130 set_ece={supported=1, vendor_id=0x15b3, options=0x30000002, comp_mask=0x0}
spark:247:279 [0] NCCL INFO NET/IB: ncclIbSenderQpsToRts: Set ECE: IbDev 0 Port 1 qp_num 10131 set_ece={supported=1, vendor_id=0x15b3, options=0x30000002, comp_mask=0x0}
spark:247:279 [0] NCCL INFO NET/IB: ncclIbSenderQpsToRts: Set ECE: IbDev 0 Port 1 qp_num 10132 set_ece={supported=1, vendor_id=0x15b3, options=0x30000002, comp_mask=0x0}
spark:247:279 [0] NCCL INFO NET/IB: ncclIbReceiverQpsCreateToRts: QP created: port=1 dev=0 devName=rocep1s0f1 ndevs=1 nmdevs=1 qp_num=10183 pkey=0 pd=0xf6a430041ea0 oooRq=0
spark:247:279 [0] NCCL INFO NET/IB: ncclIbReceiverQpsCreateToRts: QP created: port=1 dev=0 devName=rocep1s0f1 ndevs=1 nmdevs=1 qp_num=10184 pkey=0 pd=0xf6a430041ea0 oooRq=0
spark:247:279 [0] NCCL INFO NET/IB: ncclIbReceiverQpsCreateToRts: QP created: port=1 dev=0 devName=rocep1s0f1 ndevs=1 nmdevs=1 qp_num=10185 pkey=0 pd=0xf6a430041ea0 oooRq=0
spark:247:279 [0] NCCL INFO NET/IB: ncclIbReceiverQpsCreateToRts: QP created: port=1 dev=0 devName=rocep1s0f1 ndevs=1 nmdevs=1 qp_num=10186 pkey=0 pd=0xf6a430041ea0 oooRq=0
spark:247:279 [0] NCCL INFO NET/IB: ncclIbReceiverQpsCreateToRts: Flush QP created: port=1 dev=0 devName=rocep1s0f1 ndevs=1 nmdevs=1 qp_num=10187 pkey=0 pd=0xf6a430041ea0
spark:247:279 [0] NCCL INFO NET/IB: ncclIbSenderQpsCreate: QP created: port=1 dev=0 devName=rocep1s0f1 ndevs=1 nmdevs=1 qp_num=10188 pkey=0 pd=0xf6a430041ea0 oooRq=0
spark:247:279 [0] NCCL INFO NET/IB: ncclIbSenderQpsCreate: QP created: port=1 dev=0 devName=rocep1s0f1 ndevs=1 nmdevs=1 qp_num=10189 pkey=0 pd=0xf6a430041ea0 oooRq=0
spark:247:279 [0] NCCL INFO NET/IB: ncclIbSenderQpsCreate: QP created: port=1 dev=0 devName=rocep1s0f1 ndevs=1 nmdevs=1 qp_num=10190 pkey=0 pd=0xf6a430041ea0 oooRq=0
spark:247:279 [0] NCCL INFO NET/IB: ncclIbSenderQpsCreate: QP created: port=1 dev=0 devName=rocep1s0f1 ndevs=1 nmdevs=1 qp_num=10191 pkey=0 pd=0xf6a430041ea0 oooRq=0
spark:247:279 [0] NCCL INFO NET/IB: ncclIbConnectImpl: NCCL Dev 0 IbDev 0 Port 1 qp_num 10188 mtu 5 GID 3 (0/164A8C0FFFF0000) ctsFifoRkey=0x1b514e ctsFifoLkey=0x1b514e
spark:247:279 [0] NCCL INFO NET/IB: ncclIbConnectImpl: IbDev 0 Port 1 qp_num 10188 query_ece={supported=1, vendor_id=0x15b3, options=0x30000002, comp_mask=0x0}
spark:247:279 [0] NCCL INFO NET/IB: ncclIbConnectImpl: NCCL Dev 0 IbDev 0 Port 1 qp_num 10189 mtu 5 GID 3 (0/164A8C0FFFF0000) ctsFifoRkey=0x1b514e ctsFifoLkey=0x1b514e
spark:247:279 [0] NCCL INFO NET/IB: ncclIbConnectImpl: IbDev 0 Port 1 qp_num 10189 query_ece={supported=1, vendor_id=0x15b3, options=0x30000002, comp_mask=0x0}
spark:247:279 [0] NCCL INFO NET/IB: ncclIbConnectImpl: NCCL Dev 0 IbDev 0 Port 1 qp_num 10190 mtu 5 GID 3 (0/164A8C0FFFF0000) ctsFifoRkey=0x1b514e ctsFifoLkey=0x1b514e
spark:247:279 [0] NCCL INFO NET/IB: ncclIbConnectImpl: IbDev 0 Port 1 qp_num 10190 query_ece={supported=1, vendor_id=0x15b3, options=0x30000002, comp_mask=0x0}
spark:247:279 [0] NCCL INFO NET/IB: ncclIbConnectImpl: NCCL Dev 0 IbDev 0 Port 1 qp_num 10191 mtu 5 GID 3 (0/164A8C0FFFF0000) ctsFifoRkey=0x1b514e ctsFifoLkey=0x1b514e
spark:247:279 [0] NCCL INFO NET/IB: ncclIbConnectImpl: IbDev 0 Port 1 qp_num 10191 query_ece={supported=1, vendor_id=0x15b3, options=0x30000002, comp_mask=0x0}
spark:247:279 [0] NCCL INFO NET/IB: ncclIbSenderQpsCreate: QP created: port=1 dev=0 devName=rocep1s0f1 ndevs=1 nmdevs=1 qp_num=10192 pkey=0 pd=0xf6a430041ea0 oooRq=0
spark:247:279 [0] NCCL INFO NET/IB: ncclIbSenderQpsCreate: QP created: port=1 dev=0 devName=rocep1s0f1 ndevs=1 nmdevs=1 qp_num=10193 pkey=0 pd=0xf6a430041ea0 oooRq=0
spark:247:279 [0] NCCL INFO NET/IB: ncclIbSenderQpsCreate: QP created: port=1 dev=0 devName=rocep1s0f1 ndevs=1 nmdevs=1 qp_num=10194 pkey=0 pd=0xf6a430041ea0 oooRq=0
spark:247:279 [0] NCCL INFO NET/IB: ncclIbSenderQpsCreate: QP created: port=1 dev=0 devName=rocep1s0f1 ndevs=1 nmdevs=1 qp_num=10195 pkey=0 pd=0xf6a430041ea0 oooRq=0
spark:247:279 [0] NCCL INFO NET/IB: ncclIbConnectImpl: NCCL Dev 0 IbDev 0 Port 1 qp_num 10192 mtu 5 GID 3 (0/164A8C0FFFF0000) ctsFifoRkey=0x1b4543 ctsFifoLkey=0x1b4543
spark:247:279 [0] NCCL INFO NET/IB: ncclIbConnectImpl: IbDev 0 Port 1 qp_num 10192 query_ece={supported=1, vendor_id=0x15b3, options=0x30000002, comp_mask=0x0}
spark:247:279 [0] NCCL INFO NET/IB: ncclIbConnectImpl: NCCL Dev 0 IbDev 0 Port 1 qp_num 10193 mtu 5 GID 3 (0/164A8C0FFFF0000) ctsFifoRkey=0x1b4543 ctsFifoLkey=0x1b4543
spark:247:279 [0] NCCL INFO NET/IB: ncclIbConnectImpl: IbDev 0 Port 1 qp_num 10193 query_ece={supported=1, vendor_id=0x15b3, options=0x30000002, comp_mask=0x0}
spark:247:279 [0] NCCL INFO NET/IB: ncclIbConnectImpl: NCCL Dev 0 IbDev 0 Port 1 qp_num 10194 mtu 5 GID 3 (0/164A8C0FFFF0000) ctsFifoRkey=0x1b4543 ctsFifoLkey=0x1b4543
spark:247:279 [0] NCCL INFO NET/IB: ncclIbConnectImpl: IbDev 0 Port 1 qp_num 10194 query_ece={supported=1, vendor_id=0x15b3, options=0x30000002, comp_mask=0x0}
spark:247:279 [0] NCCL INFO NET/IB: ncclIbConnectImpl: NCCL Dev 0 IbDev 0 Port 1 qp_num 10195 mtu 5 GID 3 (0/164A8C0FFFF0000) ctsFifoRkey=0x1b4543 ctsFifoLkey=0x1b4543
spark:247:279 [0] NCCL INFO NET/IB: ncclIbConnectImpl: IbDev 0 Port 1 qp_num 10195 query_ece={supported=1, vendor_id=0x15b3, options=0x30000002, comp_mask=0x0}
spark:247:279 [0] NCCL INFO NET/IB: ncclIbSenderQpsCreate: QP created: port=1 dev=0 devName=rocep1s0f1 ndevs=1 nmdevs=1 qp_num=10196 pkey=0 pd=0xf6a430041ea0 oooRq=0
spark:247:279 [0] NCCL INFO NET/IB: ncclIbSenderQpsCreate: QP created: port=1 dev=0 devName=rocep1s0f1 ndevs=1 nmdevs=1 qp_num=10197 pkey=0 pd=0xf6a430041ea0 oooRq=0
spark:247:279 [0] NCCL INFO NET/IB: ncclIbSenderQpsCreate: QP created: port=1 dev=0 devName=rocep1s0f1 ndevs=1 nmdevs=1 qp_num=10198 pkey=0 pd=0xf6a430041ea0 oooRq=0
spark:247:279 [0] NCCL INFO NET/IB: ncclIbSenderQpsCreate: QP created: port=1 dev=0 devName=rocep1s0f1 ndevs=1 nmdevs=1 qp_num=10199 pkey=0 pd=0xf6a430041ea0 oooRq=0
spark:247:279 [0] NCCL INFO NET/IB: ncclIbConnectImpl: NCCL Dev 0 IbDev 0 Port 1 qp_num 10196 mtu 5 GID 3 (0/164A8C0FFFF0000) ctsFifoRkey=0x1b3937 ctsFifoLkey=0x1b3937
spark:247:279 [0] NCCL INFO NET/IB: ncclIbConnectImpl: IbDev 0 Port 1 qp_num 10196 query_ece={supported=1, vendor_id=0x15b3, options=0x30000002, comp_mask=0x0}
spark:247:279 [0] NCCL INFO NET/IB: ncclIbConnectImpl: NCCL Dev 0 IbDev 0 Port 1 qp_num 10197 mtu 5 GID 3 (0/164A8C0FFFF0000) ctsFifoRkey=0x1b3937 ctsFifoLkey=0x1b3937
spark:247:279 [0] NCCL INFO NET/IB: ncclIbConnectImpl: IbDev 0 Port 1 qp_num 10197 query_ece={supported=1, vendor_id=0x15b3, options=0x30000002, comp_mask=0x0}
spark:247:279 [0] NCCL INFO NET/IB: ncclIbConnectImpl: NCCL Dev 0 IbDev 0 Port 1 qp_num 10198 mtu 5 GID 3 (0/164A8C0FFFF0000) ctsFifoRkey=0x1b3937 ctsFifoLkey=0x1b3937
spark:247:279 [0] NCCL INFO NET/IB: ncclIbConnectImpl: IbDev 0 Port 1 qp_num 10198 query_ece={supported=1, vendor_id=0x15b3, options=0x30000002, comp_mask=0x0}
spark:247:279 [0] NCCL INFO NET/IB: ncclIbConnectImpl: NCCL Dev 0 IbDev 0 Port 1 qp_num 10199 mtu 5 GID 3 (0/164A8C0FFFF0000) ctsFifoRkey=0x1b3937 ctsFifoLkey=0x1b3937
spark:247:279 [0] NCCL INFO NET/IB: ncclIbConnectImpl: IbDev 0 Port 1 qp_num 10199 query_ece={supported=1, vendor_id=0x15b3, options=0x30000002, comp_mask=0x0}
spark:247:279 [0] NCCL INFO NET/IB: ncclIbSenderQpsCreate: QP created: port=1 dev=0 devName=rocep1s0f1 ndevs=1 nmdevs=1 qp_num=10200 pkey=0 pd=0xf6a430041ea0 oooRq=0
spark:247:279 [0] NCCL INFO NET/IB: ncclIbSenderQpsCreate: QP created: port=1 dev=0 devName=rocep1s0f1 ndevs=1 nmdevs=1 qp_num=10201 pkey=0 pd=0xf6a430041ea0 oooRq=0
spark:247:279 [0] NCCL INFO NET/IB: ncclIbSenderQpsCreate: QP created: port=1 dev=0 devName=rocep1s0f1 ndevs=1 nmdevs=1 qp_num=10202 pkey=0 pd=0xf6a430041ea0 oooRq=0
spark:247:279 [0] NCCL INFO NET/IB: ncclIbSenderQpsCreate: QP created: port=1 dev=0 devName=rocep1s0f1 ndevs=1 nmdevs=1 qp_num=10203 pkey=0 pd=0xf6a430041ea0 oooRq=0
spark:247:279 [0] NCCL INFO NET/IB: ncclIbConnectImpl: NCCL Dev 0 IbDev 0 Port 1 qp_num 10200 mtu 5 GID 3 (0/164A8C0FFFF0000) ctsFifoRkey=0x1abab9 ctsFifoLkey=0x1abab9
spark:247:279 [0] NCCL INFO NET/IB: ncclIbConnectImpl: IbDev 0 Port 1 qp_num 10200 query_ece={supported=1, vendor_id=0x15b3, options=0x30000002, comp_mask=0x0}
spark:247:279 [0] NCCL INFO NET/IB: ncclIbConnectImpl: NCCL Dev 0 IbDev 0 Port 1 qp_num 10201 mtu 5 GID 3 (0/164A8C0FFFF0000) ctsFifoRkey=0x1abab9 ctsFifoLkey=0x1abab9
spark:247:279 [0] NCCL INFO NET/IB: ncclIbConnectImpl: IbDev 0 Port 1 qp_num 10201 query_ece={supported=1, vendor_id=0x15b3, options=0x30000002, comp_mask=0x0}
spark:247:279 [0] NCCL INFO NET/IB: ncclIbConnectImpl: NCCL Dev 0 IbDev 0 Port 1 qp_num 10202 mtu 5 GID 3 (0/164A8C0FFFF0000) ctsFifoRkey=0x1abab9 ctsFifoLkey=0x1abab9
spark:247:279 [0] NCCL INFO NET/IB: ncclIbConnectImpl: IbDev 0 Port 1 qp_num 10202 query_ece={supported=1, vendor_id=0x15b3, options=0x30000002, comp_mask=0x0}
spark:247:279 [0] NCCL INFO NET/IB: ncclIbConnectImpl: NCCL Dev 0 IbDev 0 Port 1 qp_num 10203 mtu 5 GID 3 (0/164A8C0FFFF0000) ctsFifoRkey=0x1abab9 ctsFifoLkey=0x1abab9
spark:247:279 [0] NCCL INFO NET/IB: ncclIbConnectImpl: IbDev 0 Port 1 qp_num 10203 query_ece={supported=1, vendor_id=0x15b3, options=0x30000002, comp_mask=0x0}
spark:247:279 [0] NCCL INFO NET/IB: ncclIbSenderQpsCreate: QP created: port=1 dev=0 devName=rocep1s0f1 ndevs=1 nmdevs=1 qp_num=10204 pkey=0 pd=0xf6a430041ea0 oooRq=0
spark:247:279 [0] NCCL INFO NET/IB: ncclIbSenderQpsCreate: QP created: port=1 dev=0 devName=rocep1s0f1 ndevs=1 nmdevs=1 qp_num=10205 pkey=0 pd=0xf6a430041ea0 oooRq=0
spark:247:279 [0] NCCL INFO NET/IB: ncclIbSenderQpsCreate: QP created: port=1 dev=0 devName=rocep1s0f1 ndevs=1 nmdevs=1 qp_num=10206 pkey=0 pd=0xf6a430041ea0 oooRq=0
spark:247:279 [0] NCCL INFO NET/IB: ncclIbSenderQpsCreate: QP created: port=1 dev=0 devName=rocep1s0f1 ndevs=1 nmdevs=1 qp_num=10207 pkey=0 pd=0xf6a430041ea0 oooRq=0
spark:247:279 [0] NCCL INFO NET/IB: ncclIbConnectImpl: NCCL Dev 0 IbDev 0 Port 1 qp_num 10204 mtu 5 GID 3 (0/164A8C0FFFF0000) ctsFifoRkey=0x1ab2b0 ctsFifoLkey=0x1ab2b0
spark:247:279 [0] NCCL INFO NET/IB: ncclIbConnectImpl: IbDev 0 Port 1 qp_num 10204 query_ece={supported=1, vendor_id=0x15b3, options=0x30000002, comp_mask=0x0}
spark:247:279 [0] NCCL INFO NET/IB: ncclIbConnectImpl: NCCL Dev 0 IbDev 0 Port 1 qp_num 10205 mtu 5 GID 3 (0/164A8C0FFFF0000) ctsFifoRkey=0x1ab2b0 ctsFifoLkey=0x1ab2b0
spark:247:279 [0] NCCL INFO NET/IB: ncclIbConnectImpl: IbDev 0 Port 1 qp_num 10205 query_ece={supported=1, vendor_id=0x15b3, options=0x30000002, comp_mask=0x0}
spark:247:279 [0] NCCL INFO NET/IB: ncclIbConnectImpl: NCCL Dev 0 IbDev 0 Port 1 qp_num 10206 mtu 5 GID 3 (0/164A8C0FFFF0000) ctsFifoRkey=0x1ab2b0 ctsFifoLkey=0x1ab2b0
spark:247:279 [0] NCCL INFO NET/IB: ncclIbConnectImpl: IbDev 0 Port 1 qp_num 10206 query_ece={supported=1, vendor_id=0x15b3, options=0x30000002, comp_mask=0x0}
spark:247:279 [0] NCCL INFO NET/IB: ncclIbConnectImpl: NCCL Dev 0 IbDev 0 Port 1 qp_num 10207 mtu 5 GID 3 (0/164A8C0FFFF0000) ctsFifoRkey=0x1ab2b0 ctsFifoLkey=0x1ab2b0
spark:247:279 [0] NCCL INFO NET/IB: ncclIbConnectImpl: IbDev 0 Port 1 qp_num 10207 query_ece={supported=1, vendor_id=0x15b3, options=0x30000002, comp_mask=0x0}
spark:247:279 [0] NCCL INFO NET/IB: ncclIbSenderQpsCreate: QP created: port=1 dev=0 devName=rocep1s0f1 ndevs=1 nmdevs=1 qp_num=10208 pkey=0 pd=0xf6a430041ea0 oooRq=0
spark:247:279 [0] NCCL INFO NET/IB: ncclIbSenderQpsCreate: QP created: port=1 dev=0 devName=rocep1s0f1 ndevs=1 nmdevs=1 qp_num=10209 pkey=0 pd=0xf6a430041ea0 oooRq=0
spark:247:279 [0] NCCL INFO NET/IB: ncclIbSenderQpsCreate: QP created: port=1 dev=0 devName=rocep1s0f1 ndevs=1 nmdevs=1 qp_num=10210 pkey=0 pd=0xf6a430041ea0 oooRq=0
spark:247:279 [0] NCCL INFO NET/IB: ncclIbSenderQpsCreate: QP created: port=1 dev=0 devName=rocep1s0f1 ndevs=1 nmdevs=1 qp_num=10211 pkey=0 pd=0xf6a430041ea0 oooRq=0
spark:247:279 [0] NCCL INFO NET/IB: ncclIbConnectImpl: NCCL Dev 0 IbDev 0 Port 1 qp_num 10208 mtu 5 GID 3 (0/164A8C0FFFF0000) ctsFifoRkey=0x1aa6a5 ctsFifoLkey=0x1aa6a5
spark:247:279 [0] NCCL INFO NET/IB: ncclIbConnectImpl: IbDev 0 Port 1 qp_num 10208 query_ece={supported=1, vendor_id=0x15b3, options=0x30000002, comp_mask=0x0}
spark:247:279 [0] NCCL INFO NET/IB: ncclIbConnectImpl: NCCL Dev 0 IbDev 0 Port 1 qp_num 10209 mtu 5 GID 3 (0/164A8C0FFFF0000) ctsFifoRkey=0x1aa6a5 ctsFifoLkey=0x1aa6a5
spark:247:279 [0] NCCL INFO NET/IB: ncclIbConnectImpl: IbDev 0 Port 1 qp_num 10209 query_ece={supported=1, vendor_id=0x15b3, options=0x30000002, comp_mask=0x0}
spark:247:279 [0] NCCL INFO NET/IB: ncclIbConnectImpl: NCCL Dev 0 IbDev 0 Port 1 qp_num 10210 mtu 5 GID 3 (0/164A8C0FFFF0000) ctsFifoRkey=0x1aa6a5 ctsFifoLkey=0x1aa6a5
spark:247:279 [0] NCCL INFO NET/IB: ncclIbConnectImpl: IbDev 0 Port 1 qp_num 10210 query_ece={supported=1, vendor_id=0x15b3, options=0x30000002, comp_mask=0x0}
spark:247:279 [0] NCCL INFO NET/IB: ncclIbConnectImpl: NCCL Dev 0 IbDev 0 Port 1 qp_num 10211 mtu 5 GID 3 (0/164A8C0FFFF0000) ctsFifoRkey=0x1aa6a5 ctsFifoLkey=0x1aa6a5
spark:247:279 [0] NCCL INFO NET/IB: ncclIbConnectImpl: IbDev 0 Port 1 qp_num 10211 query_ece={supported=1, vendor_id=0x15b3, options=0x30000002, comp_mask=0x0}
spark:247:279 [0] NCCL INFO NET/IB: ncclIbSenderQpsCreate: QP created: port=1 dev=0 devName=rocep1s0f1 ndevs=1 nmdevs=1 qp_num=10212 pkey=0 pd=0xf6a430041ea0 oooRq=0
spark:247:279 [0] NCCL INFO NET/IB: ncclIbSenderQpsCreate: QP created: port=1 dev=0 devName=rocep1s0f1 ndevs=1 nmdevs=1 qp_num=10213 pkey=0 pd=0xf6a430041ea0 oooRq=0
spark:247:279 [0] NCCL INFO NET/IB: ncclIbSenderQpsCreate: QP created: port=1 dev=0 devName=rocep1s0f1 ndevs=1 nmdevs=1 qp_num=10214 pkey=0 pd=0xf6a430041ea0 oooRq=0
spark:247:279 [0] NCCL INFO NET/IB: ncclIbSenderQpsCreate: QP created: port=1 dev=0 devName=rocep1s0f1 ndevs=1 nmdevs=1 qp_num=10215 pkey=0 pd=0xf6a430041ea0 oooRq=0
spark:247:279 [0] NCCL INFO NET/IB: ncclIbConnectImpl: NCCL Dev 0 IbDev 0 Port 1 qp_num 10212 mtu 5 GID 3 (0/164A8C0FFFF0000) ctsFifoRkey=0x1a9c99 ctsFifoLkey=0x1a9c99
spark:247:279 [0] NCCL INFO NET/IB: ncclIbConnectImpl: IbDev 0 Port 1 qp_num 10212 query_ece={supported=1, vendor_id=0x15b3, options=0x30000002, comp_mask=0x0}
spark:247:279 [0] NCCL INFO NET/IB: ncclIbConnectImpl: NCCL Dev 0 IbDev 0 Port 1 qp_num 10213 mtu 5 GID 3 (0/164A8C0FFFF0000) ctsFifoRkey=0x1a9c99 ctsFifoLkey=0x1a9c99
spark:247:279 [0] NCCL INFO NET/IB: ncclIbConnectImpl: IbDev 0 Port 1 qp_num 10213 query_ece={supported=1, vendor_id=0x15b3, options=0x30000002, comp_mask=0x0}
spark:247:279 [0] NCCL INFO NET/IB: ncclIbConnectImpl: NCCL Dev 0 IbDev 0 Port 1 qp_num 10214 mtu 5 GID 3 (0/164A8C0FFFF0000) ctsFifoRkey=0x1a9c99 ctsFifoLkey=0x1a9c99
spark:247:279 [0] NCCL INFO NET/IB: ncclIbConnectImpl: IbDev 0 Port 1 qp_num 10214 query_ece={supported=1, vendor_id=0x15b3, options=0x30000002, comp_mask=0x0}
spark:247:279 [0] NCCL INFO NET/IB: ncclIbConnectImpl: NCCL Dev 0 IbDev 0 Port 1 qp_num 10215 mtu 5 GID 3 (0/164A8C0FFFF0000) ctsFifoRkey=0x1a9c99 ctsFifoLkey=0x1a9c99
spark:247:279 [0] NCCL INFO NET/IB: ncclIbConnectImpl: IbDev 0 Port 1 qp_num 10215 query_ece={supported=1, vendor_id=0x15b3, options=0x30000002, comp_mask=0x0}
spark:247:279 [0] NCCL INFO NET/IB: ncclIbSenderQpsCreate: QP created: port=1 dev=0 devName=rocep1s0f1 ndevs=1 nmdevs=1 qp_num=10216 pkey=0 pd=0xf6a430041ea0 oooRq=0
spark:247:279 [0] NCCL INFO NET/IB: ncclIbSenderQpsCreate: QP created: port=1 dev=0 devName=rocep1s0f1 ndevs=1 nmdevs=1 qp_num=10217 pkey=0 pd=0xf6a430041ea0 oooRq=0
spark:247:279 [0] NCCL INFO NET/IB: ncclIbSenderQpsCreate: QP created: port=1 dev=0 devName=rocep1s0f1 ndevs=1 nmdevs=1 qp_num=10218 pkey=0 pd=0xf6a430041ea0 oooRq=0
spark:247:279 [0] NCCL INFO NET/IB: ncclIbSenderQpsCreate: QP created: port=1 dev=0 devName=rocep1s0f1 ndevs=1 nmdevs=1 qp_num=10219 pkey=0 pd=0xf6a430041ea0 oooRq=0
spark:247:279 [0] NCCL INFO NET/IB: ncclIbConnectImpl: NCCL Dev 0 IbDev 0 Port 1 qp_num 10216 mtu 5 GID 3 (0/164A8C0FFFF0000) ctsFifoRkey=0x221bbb ctsFifoLkey=0x221bbb
spark:247:279 [0] NCCL INFO NET/IB: ncclIbConnectImpl: IbDev 0 Port 1 qp_num 10216 query_ece={supported=1, vendor_id=0x15b3, options=0x30000002, comp_mask=0x0}
spark:247:279 [0] NCCL INFO NET/IB: ncclIbConnectImpl: NCCL Dev 0 IbDev 0 Port 1 qp_num 10217 mtu 5 GID 3 (0/164A8C0FFFF0000) ctsFifoRkey=0x221bbb ctsFifoLkey=0x221bbb
spark:247:279 [0] NCCL INFO NET/IB: ncclIbConnectImpl: IbDev 0 Port 1 qp_num 10217 query_ece={supported=1, vendor_id=0x15b3, options=0x30000002, comp_mask=0x0}
spark:247:279 [0] NCCL INFO NET/IB: ncclIbConnectImpl: NCCL Dev 0 IbDev 0 Port 1 qp_num 10218 mtu 5 GID 3 (0/164A8C0FFFF0000) ctsFifoRkey=0x221bbb ctsFifoLkey=0x221bbb
spark:247:279 [0] NCCL INFO NET/IB: ncclIbConnectImpl: IbDev 0 Port 1 qp_num 10218 query_ece={supported=1, vendor_id=0x15b3, options=0x30000002, comp_mask=0x0}
spark:247:279 [0] NCCL INFO NET/IB: ncclIbConnectImpl: NCCL Dev 0 IbDev 0 Port 1 qp_num 10219 mtu 5 GID 3 (0/164A8C0FFFF0000) ctsFifoRkey=0x221bbb ctsFifoLkey=0x221bbb
spark:247:279 [0] NCCL INFO NET/IB: ncclIbConnectImpl: IbDev 0 Port 1 qp_num 10219 query_ece={supported=1, vendor_id=0x15b3, options=0x30000002, comp_mask=0x0}
spark:247:279 [0] NCCL INFO NET/IB: ncclIbSenderQpsCreate: QP created: port=1 dev=0 devName=rocep1s0f1 ndevs=1 nmdevs=1 qp_num=10220 pkey=0 pd=0xf6a430041ea0 oooRq=0
spark:247:279 [0] NCCL INFO NET/IB: ncclIbSenderQpsCreate: QP created: port=1 dev=0 devName=rocep1s0f1 ndevs=1 nmdevs=1 qp_num=10221 pkey=0 pd=0xf6a430041ea0 oooRq=0
spark:247:279 [0] NCCL INFO NET/IB: ncclIbSenderQpsCreate: QP created: port=1 dev=0 devName=rocep1s0f1 ndevs=1 nmdevs=1 qp_num=10222 pkey=0 pd=0xf6a430041ea0 oooRq=0
spark:247:279 [0] NCCL INFO NET/IB: ncclIbSenderQpsCreate: QP created: port=1 dev=0 devName=rocep1s0f1 ndevs=1 nmdevs=1 qp_num=10223 pkey=0 pd=0xf6a430041ea0 oooRq=0
spark:247:279 [0] NCCL INFO NET/IB: ncclIbConnectImpl: NCCL Dev 0 IbDev 0 Port 1 qp_num 10220 mtu 5 GID 3 (0/164A8C0FFFF0000) ctsFifoRkey=0x221aba ctsFifoLkey=0x221aba
spark:247:279 [0] NCCL INFO NET/IB: ncclIbConnectImpl: IbDev 0 Port 1 qp_num 10220 query_ece={supported=1, vendor_id=0x15b3, options=0x30000002, comp_mask=0x0}
spark:247:279 [0] NCCL INFO NET/IB: ncclIbConnectImpl: NCCL Dev 0 IbDev 0 Port 1 qp_num 10221 mtu 5 GID 3 (0/164A8C0FFFF0000) ctsFifoRkey=0x221aba ctsFifoLkey=0x221aba
spark:247:279 [0] NCCL INFO NET/IB: ncclIbConnectImpl: IbDev 0 Port 1 qp_num 10221 query_ece={supported=1, vendor_id=0x15b3, options=0x30000002, comp_mask=0x0}
spark:247:279 [0] NCCL INFO NET/IB: ncclIbConnectImpl: NCCL Dev 0 IbDev 0 Port 1 qp_num 10222 mtu 5 GID 3 (0/164A8C0FFFF0000) ctsFifoRkey=0x221aba ctsFifoLkey=0x221aba
spark:247:279 [0] NCCL INFO NET/IB: ncclIbConnectImpl: IbDev 0 Port 1 qp_num 10222 query_ece={supported=1, vendor_id=0x15b3, options=0x30000002, comp_mask=0x0}
spark:247:279 [0] NCCL INFO NET/IB: ncclIbConnectImpl: NCCL Dev 0 IbDev 0 Port 1 qp_num 10223 mtu 5 GID 3 (0/164A8C0FFFF0000) ctsFifoRkey=0x221aba ctsFifoLkey=0x221aba
spark:247:279 [0] NCCL INFO NET/IB: ncclIbConnectImpl: IbDev 0 Port 1 qp_num 10223 query_ece={supported=1, vendor_id=0x15b3, options=0x30000002, comp_mask=0x0}
spark:247:279 [0] NCCL INFO NET/IB: ncclIbSenderQpsCreate: QP created: port=1 dev=0 devName=rocep1s0f1 ndevs=1 nmdevs=1 qp_num=10224 pkey=0 pd=0xf6a430041ea0 oooRq=0
spark:247:279 [0] NCCL INFO NET/IB: ncclIbSenderQpsCreate: QP created: port=1 dev=0 devName=rocep1s0f1 ndevs=1 nmdevs=1 qp_num=10225 pkey=0 pd=0xf6a430041ea0 oooRq=0
spark:247:279 [0] NCCL INFO NET/IB: ncclIbSenderQpsCreate: QP created: port=1 dev=0 devName=rocep1s0f1 ndevs=1 nmdevs=1 qp_num=10226 pkey=0 pd=0xf6a430041ea0 oooRq=0
spark:247:279 [0] NCCL INFO NET/IB: ncclIbSenderQpsCreate: QP created: port=1 dev=0 devName=rocep1s0f1 ndevs=1 nmdevs=1 qp_num=10227 pkey=0 pd=0xf6a430041ea0 oooRq=0
spark:247:279 [0] NCCL INFO NET/IB: ncclIbConnectImpl: NCCL Dev 0 IbDev 0 Port 1 qp_num 10224 mtu 5 GID 3 (0/164A8C0FFFF0000) ctsFifoRkey=0x2219b9 ctsFifoLkey=0x2219b9
spark:247:279 [0] NCCL INFO NET/IB: ncclIbConnectImpl: IbDev 0 Port 1 qp_num 10224 query_ece={supported=1, vendor_id=0x15b3, options=0x30000002, comp_mask=0x0}
spark:247:279 [0] NCCL INFO NET/IB: ncclIbConnectImpl: NCCL Dev 0 IbDev 0 Port 1 qp_num 10225 mtu 5 GID 3 (0/164A8C0FFFF0000) ctsFifoRkey=0x2219b9 ctsFifoLkey=0x2219b9
spark:247:279 [0] NCCL INFO NET/IB: ncclIbConnectImpl: IbDev 0 Port 1 qp_num 10225 query_ece={supported=1, vendor_id=0x15b3, options=0x30000002, comp_mask=0x0}
spark:247:279 [0] NCCL INFO NET/IB: ncclIbConnectImpl: NCCL Dev 0 IbDev 0 Port 1 qp_num 10226 mtu 5 GID 3 (0/164A8C0FFFF0000) ctsFifoRkey=0x2219b9 ctsFifoLkey=0x2219b9
spark:247:279 [0] NCCL INFO NET/IB: ncclIbConnectImpl: IbDev 0 Port 1 qp_num 10226 query_ece={supported=1, vendor_id=0x15b3, options=0x30000002, comp_mask=0x0}
spark:247:279 [0] NCCL INFO NET/IB: ncclIbConnectImpl: NCCL Dev 0 IbDev 0 Port 1 qp_num 10227 mtu 5 GID 3 (0/164A8C0FFFF0000) ctsFifoRkey=0x2219b9 ctsFifoLkey=0x2219b9
spark:247:279 [0] NCCL INFO NET/IB: ncclIbConnectImpl: IbDev 0 Port 1 qp_num 10227 query_ece={supported=1, vendor_id=0x15b3, options=0x30000002, comp_mask=0x0}
spark:247:279 [0] NCCL INFO NET/IB: ncclIbSenderQpsCreate: QP created: port=1 dev=0 devName=rocep1s0f1 ndevs=1 nmdevs=1 qp_num=10228 pkey=0 pd=0xf6a430041ea0 oooRq=0
spark:247:279 [0] NCCL INFO NET/IB: ncclIbSenderQpsCreate: QP created: port=1 dev=0 devName=rocep1s0f1 ndevs=1 nmdevs=1 qp_num=10229 pkey=0 pd=0xf6a430041ea0 oooRq=0
spark:247:279 [0] NCCL INFO NET/IB: ncclIbSenderQpsCreate: QP created: port=1 dev=0 devName=rocep1s0f1 ndevs=1 nmdevs=1 qp_num=10230 pkey=0 pd=0xf6a430041ea0 oooRq=0
spark:247:279 [0] NCCL INFO NET/IB: ncclIbSenderQpsCreate: QP created: port=1 dev=0 devName=rocep1s0f1 ndevs=1 nmdevs=1 qp_num=10231 pkey=0 pd=0xf6a430041ea0 oooRq=0
spark:247:279 [0] NCCL INFO NET/IB: ncclIbConnectImpl: NCCL Dev 0 IbDev 0 Port 1 qp_num 10228 mtu 5 GID 3 (0/164A8C0FFFF0000) ctsFifoRkey=0x2217b8 ctsFifoLkey=0x2217b8
spark:247:279 [0] NCCL INFO NET/IB: ncclIbConnectImpl: IbDev 0 Port 1 qp_num 10228 query_ece={supported=1, vendor_id=0x15b3, options=0x30000002, comp_mask=0x0}
spark:247:279 [0] NCCL INFO NET/IB: ncclIbConnectImpl: NCCL Dev 0 IbDev 0 Port 1 qp_num 10229 mtu 5 GID 3 (0/164A8C0FFFF0000) ctsFifoRkey=0x2217b8 ctsFifoLkey=0x2217b8
spark:247:279 [0] NCCL INFO NET/IB: ncclIbConnectImpl: IbDev 0 Port 1 qp_num 10229 query_ece={supported=1, vendor_id=0x15b3, options=0x30000002, comp_mask=0x0}
spark:247:279 [0] NCCL INFO NET/IB: ncclIbConnectImpl: NCCL Dev 0 IbDev 0 Port 1 qp_num 10230 mtu 5 GID 3 (0/164A8C0FFFF0000) ctsFifoRkey=0x2217b8 ctsFifoLkey=0x2217b8
spark:247:279 [0] NCCL INFO NET/IB: ncclIbConnectImpl: IbDev 0 Port 1 qp_num 10230 query_ece={supported=1, vendor_id=0x15b3, options=0x30000002, comp_mask=0x0}
spark:247:279 [0] NCCL INFO NET/IB: ncclIbConnectImpl: NCCL Dev 0 IbDev 0 Port 1 qp_num 10231 mtu 5 GID 3 (0/164A8C0FFFF0000) ctsFifoRkey=0x2217b8 ctsFifoLkey=0x2217b8
spark:247:279 [0] NCCL INFO NET/IB: ncclIbConnectImpl: IbDev 0 Port 1 qp_num 10231 query_ece={supported=1, vendor_id=0x15b3, options=0x30000002, comp_mask=0x0}
spark:247:279 [0] NCCL INFO NET/IB: ncclIbSenderQpsCreate: QP created: port=1 dev=0 devName=rocep1s0f1 ndevs=1 nmdevs=1 qp_num=10232 pkey=0 pd=0xf6a430041ea0 oooRq=0
spark:247:279 [0] NCCL INFO NET/IB: ncclIbSenderQpsCreate: QP created: port=1 dev=0 devName=rocep1s0f1 ndevs=1 nmdevs=1 qp_num=10233 pkey=0 pd=0xf6a430041ea0 oooRq=0
spark:247:279 [0] NCCL INFO NET/IB: ncclIbSenderQpsCreate: QP created: port=1 dev=0 devName=rocep1s0f1 ndevs=1 nmdevs=1 qp_num=10234 pkey=0 pd=0xf6a430041ea0 oooRq=0
spark:247:279 [0] NCCL INFO NET/IB: ncclIbSenderQpsCreate: QP created: port=1 dev=0 devName=rocep1s0f1 ndevs=1 nmdevs=1 qp_num=10235 pkey=0 pd=0xf6a430041ea0 oooRq=0
spark:247:279 [0] NCCL INFO NET/IB: ncclIbConnectImpl: NCCL Dev 0 IbDev 0 Port 1 qp_num 10232 mtu 5 GID 3 (0/164A8C0FFFF0000) ctsFifoRkey=0x2216b7 ctsFifoLkey=0x2216b7
spark:247:279 [0] NCCL INFO NET/IB: ncclIbConnectImpl: IbDev 0 Port 1 qp_num 10232 query_ece={supported=1, vendor_id=0x15b3, options=0x30000002, comp_mask=0x0}
spark:247:279 [0] NCCL INFO NET/IB: ncclIbConnectImpl: NCCL Dev 0 IbDev 0 Port 1 qp_num 10233 mtu 5 GID 3 (0/164A8C0FFFF0000) ctsFifoRkey=0x2216b7 ctsFifoLkey=0x2216b7
spark:247:279 [0] NCCL INFO NET/IB: ncclIbConnectImpl: IbDev 0 Port 1 qp_num 10233 query_ece={supported=1, vendor_id=0x15b3, options=0x30000002, comp_mask=0x0}
spark:247:279 [0] NCCL INFO NET/IB: ncclIbConnectImpl: NCCL Dev 0 IbDev 0 Port 1 qp_num 10234 mtu 5 GID 3 (0/164A8C0FFFF0000) ctsFifoRkey=0x2216b7 ctsFifoLkey=0x2216b7
spark:247:279 [0] NCCL INFO NET/IB: ncclIbConnectImpl: IbDev 0 Port 1 qp_num 10234 query_ece={supported=1, vendor_id=0x15b3, options=0x30000002, comp_mask=0x0}
spark:247:279 [0] NCCL INFO NET/IB: ncclIbConnectImpl: NCCL Dev 0 IbDev 0 Port 1 qp_num 10235 mtu 5 GID 3 (0/164A8C0FFFF0000) ctsFifoRkey=0x2216b7 ctsFifoLkey=0x2216b7
spark:247:279 [0] NCCL INFO NET/IB: ncclIbConnectImpl: IbDev 0 Port 1 qp_num 10235 query_ece={supported=1, vendor_id=0x15b3, options=0x30000002, comp_mask=0x0}
spark:247:279 [0] NCCL INFO NET/IB: ncclIbSenderQpsCreate: QP created: port=1 dev=0 devName=rocep1s0f1 ndevs=1 nmdevs=1 qp_num=10236 pkey=0 pd=0xf6a430041ea0 oooRq=0
spark:247:279 [0] NCCL INFO NET/IB: ncclIbSenderQpsCreate: QP created: port=1 dev=0 devName=rocep1s0f1 ndevs=1 nmdevs=1 qp_num=10237 pkey=0 pd=0xf6a430041ea0 oooRq=0
spark:247:279 [0] NCCL INFO NET/IB: ncclIbSenderQpsCreate: QP created: port=1 dev=0 devName=rocep1s0f1 ndevs=1 nmdevs=1 qp_num=10238 pkey=0 pd=0xf6a430041ea0 oooRq=0
spark:247:279 [0] NCCL INFO NET/IB: ncclIbSenderQpsCreate: QP created: port=1 dev=0 devName=rocep1s0f1 ndevs=1 nmdevs=1 qp_num=10239 pkey=0 pd=0xf6a430041ea0 oooRq=0
spark:247:279 [0] NCCL INFO NET/IB: ncclIbConnectImpl: NCCL Dev 0 IbDev 0 Port 1 qp_num 10236 mtu 5 GID 3 (0/164A8C0FFFF0000) ctsFifoRkey=0x2214b6 ctsFifoLkey=0x2214b6
spark:247:279 [0] NCCL INFO NET/IB: ncclIbConnectImpl: IbDev 0 Port 1 qp_num 10236 query_ece={supported=1, vendor_id=0x15b3, options=0x30000002, comp_mask=0x0}
spark:247:279 [0] NCCL INFO NET/IB: ncclIbConnectImpl: NCCL Dev 0 IbDev 0 Port 1 qp_num 10237 mtu 5 GID 3 (0/164A8C0FFFF0000) ctsFifoRkey=0x2214b6 ctsFifoLkey=0x2214b6
spark:247:279 [0] NCCL INFO NET/IB: ncclIbConnectImpl: IbDev 0 Port 1 qp_num 10237 query_ece={supported=1, vendor_id=0x15b3, options=0x30000002, comp_mask=0x0}
spark:247:279 [0] NCCL INFO NET/IB: ncclIbConnectImpl: NCCL Dev 0 IbDev 0 Port 1 qp_num 10238 mtu 5 GID 3 (0/164A8C0FFFF0000) ctsFifoRkey=0x2214b6 ctsFifoLkey=0x2214b6
spark:247:279 [0] NCCL INFO NET/IB: ncclIbConnectImpl: IbDev 0 Port 1 qp_num 10238 query_ece={supported=1, vendor_id=0x15b3, options=0x30000002, comp_mask=0x0}
spark:247:279 [0] NCCL INFO NET/IB: ncclIbConnectImpl: NCCL Dev 0 IbDev 0 Port 1 qp_num 10239 mtu 5 GID 3 (0/164A8C0FFFF0000) ctsFifoRkey=0x2214b6 ctsFifoLkey=0x2214b6
spark:247:279 [0] NCCL INFO NET/IB: ncclIbConnectImpl: IbDev 0 Port 1 qp_num 10239 query_ece={supported=1, vendor_id=0x15b3, options=0x30000002, comp_mask=0x0}
spark:247:279 [0] NCCL INFO NET/IB: ncclIbSenderQpsCreate: QP created: port=1 dev=0 devName=rocep1s0f1 ndevs=1 nmdevs=1 qp_num=10240 pkey=0 pd=0xf6a430041ea0 oooRq=0
spark:247:279 [0] NCCL INFO NET/IB: ncclIbSenderQpsCreate: QP created: port=1 dev=0 devName=rocep1s0f1 ndevs=1 nmdevs=1 qp_num=10241 pkey=0 pd=0xf6a430041ea0 oooRq=0
spark:247:279 [0] NCCL INFO NET/IB: ncclIbSenderQpsCreate: QP created: port=1 dev=0 devName=rocep1s0f1 ndevs=1 nmdevs=1 qp_num=10242 pkey=0 pd=0xf6a430041ea0 oooRq=0
spark:247:279 [0] NCCL INFO NET/IB: ncclIbSenderQpsCreate: QP created: port=1 dev=0 devName=rocep1s0f1 ndevs=1 nmdevs=1 qp_num=10243 pkey=0 pd=0xf6a430041ea0 oooRq=0
spark:247:279 [0] NCCL INFO NET/IB: ncclIbConnectImpl: NCCL Dev 0 IbDev 0 Port 1 qp_num 10240 mtu 5 GID 3 (0/164A8C0FFFF0000) ctsFifoRkey=0x2213b5 ctsFifoLkey=0x2213b5
spark:247:279 [0] NCCL INFO NET/IB: ncclIbConnectImpl: IbDev 0 Port 1 qp_num 10240 query_ece={supported=1, vendor_id=0x15b3, options=0x30000002, comp_mask=0x0}
spark:247:279 [0] NCCL INFO NET/IB: ncclIbConnectImpl: NCCL Dev 0 IbDev 0 Port 1 qp_num 10241 mtu 5 GID 3 (0/164A8C0FFFF0000) ctsFifoRkey=0x2213b5 ctsFifoLkey=0x2213b5
spark:247:279 [0] NCCL INFO NET/IB: ncclIbConnectImpl: IbDev 0 Port 1 qp_num 10241 query_ece={supported=1, vendor_id=0x15b3, options=0x30000002, comp_mask=0x0}
spark:247:279 [0] NCCL INFO NET/IB: ncclIbConnectImpl: NCCL Dev 0 IbDev 0 Port 1 qp_num 10242 mtu 5 GID 3 (0/164A8C0FFFF0000) ctsFifoRkey=0x2213b5 ctsFifoLkey=0x2213b5
spark:247:279 [0] NCCL INFO NET/IB: ncclIbConnectImpl: IbDev 0 Port 1 qp_num 10242 query_ece={supported=1, vendor_id=0x15b3, options=0x30000002, comp_mask=0x0}
spark:247:279 [0] NCCL INFO NET/IB: ncclIbConnectImpl: NCCL Dev 0 IbDev 0 Port 1 qp_num 10243 mtu 5 GID 3 (0/164A8C0FFFF0000) ctsFifoRkey=0x2213b5 ctsFifoLkey=0x2213b5
spark:247:279 [0] NCCL INFO NET/IB: ncclIbConnectImpl: IbDev 0 Port 1 qp_num 10243 query_ece={supported=1, vendor_id=0x15b3, options=0x30000002, comp_mask=0x0}
spark:247:279 [0] NCCL INFO NET/IB: ncclIbSenderQpsCreate: QP created: port=1 dev=0 devName=rocep1s0f1 ndevs=1 nmdevs=1 qp_num=10244 pkey=0 pd=0xf6a430041ea0 oooRq=0
spark:247:279 [0] NCCL INFO NET/IB: ncclIbSenderQpsCreate: QP created: port=1 dev=0 devName=rocep1s0f1 ndevs=1 nmdevs=1 qp_num=10245 pkey=0 pd=0xf6a430041ea0 oooRq=0
spark:247:279 [0] NCCL INFO NET/IB: ncclIbSenderQpsCreate: QP created: port=1 dev=0 devName=rocep1s0f1 ndevs=1 nmdevs=1 qp_num=10246 pkey=0 pd=0xf6a430041ea0 oooRq=0
spark:247:279 [0] NCCL INFO NET/IB: ncclIbSenderQpsCreate: QP created: port=1 dev=0 devName=rocep1s0f1 ndevs=1 nmdevs=1 qp_num=10247 pkey=0 pd=0xf6a430041ea0 oooRq=0
spark:247:279 [0] NCCL INFO NET/IB: ncclIbConnectImpl: NCCL Dev 0 IbDev 0 Port 1 qp_num 10244 mtu 5 GID 3 (0/164A8C0FFFF0000) ctsFifoRkey=0x2218b4 ctsFifoLkey=0x2218b4
spark:247:279 [0] NCCL INFO NET/IB: ncclIbConnectImpl: IbDev 0 Port 1 qp_num 10244 query_ece={supported=1, vendor_id=0x15b3, options=0x30000002, comp_mask=0x0}
spark:247:279 [0] NCCL INFO NET/IB: ncclIbConnectImpl: NCCL Dev 0 IbDev 0 Port 1 qp_num 10245 mtu 5 GID 3 (0/164A8C0FFFF0000) ctsFifoRkey=0x2218b4 ctsFifoLkey=0x2218b4
spark:247:279 [0] NCCL INFO NET/IB: ncclIbConnectImpl: IbDev 0 Port 1 qp_num 10245 query_ece={supported=1, vendor_id=0x15b3, options=0x30000002, comp_mask=0x0}
spark:247:279 [0] NCCL INFO NET/IB: ncclIbConnectImpl: NCCL Dev 0 IbDev 0 Port 1 qp_num 10246 mtu 5 GID 3 (0/164A8C0FFFF0000) ctsFifoRkey=0x2218b4 ctsFifoLkey=0x2218b4
spark:247:279 [0] NCCL INFO NET/IB: ncclIbConnectImpl: IbDev 0 Port 1 qp_num 10246 query_ece={supported=1, vendor_id=0x15b3, options=0x30000002, comp_mask=0x0}
spark:247:279 [0] NCCL INFO NET/IB: ncclIbConnectImpl: NCCL Dev 0 IbDev 0 Port 1 qp_num 10247 mtu 5 GID 3 (0/164A8C0FFFF0000) ctsFifoRkey=0x2218b4 ctsFifoLkey=0x2218b4
spark:247:279 [0] NCCL INFO NET/IB: ncclIbConnectImpl: IbDev 0 Port 1 qp_num 10247 query_ece={supported=1, vendor_id=0x15b3, options=0x30000002, comp_mask=0x0}
spark:247:279 [0] NCCL INFO NET/IB: ncclIbResiliencyInit: Resiliency is disabled on the recv communicator (comm=0xf6a41dd35000)
spark:247:279 [0] NCCL INFO NET/IB: ncclIbRecvCommInit: Receive work requests will be posted on-demand
spark:247:279 [0] NCCL INFO NET/IB: ncclIbSenderQpsToRts: Set ECE: IbDev 0 Port 1 qp_num 10188 set_ece={supported=1, vendor_id=0x15b3, options=0x30000002, comp_mask=0x0}
spark:247:279 [0] NCCL INFO NET/IB: ncclIbSenderQpsToRts: Set ECE: IbDev 0 Port 1 qp_num 10189 set_ece={supported=1, vendor_id=0x15b3, options=0x30000002, comp_mask=0x0}
spark:247:279 [0] NCCL INFO NET/IB: ncclIbSenderQpsToRts: Set ECE: IbDev 0 Port 1 qp_num 10190 set_ece={supported=1, vendor_id=0x15b3, options=0x30000002, comp_mask=0x0}
spark:247:279 [0] NCCL INFO NET/IB: ncclIbSenderQpsToRts: Set ECE: IbDev 0 Port 1 qp_num 10191 set_ece={supported=1, vendor_id=0x15b3, options=0x30000002, comp_mask=0x0}
spark:247:279 [0] NCCL INFO NET/IB: ncclIbReceiverQpsCreateToRts: QP created: port=1 dev=0 devName=rocep1s0f1 ndevs=1 nmdevs=1 qp_num=10248 pkey=0 pd=0xf6a430041ea0 oooRq=0
spark:247:279 [0] NCCL INFO NET/IB: ncclIbReceiverQpsCreateToRts: QP created: port=1 dev=0 devName=rocep1s0f1 ndevs=1 nmdevs=1 qp_num=10249 pkey=0 pd=0xf6a430041ea0 oooRq=0
spark:247:279 [0] NCCL INFO NET/IB: ncclIbReceiverQpsCreateToRts: QP created: port=1 dev=0 devName=rocep1s0f1 ndevs=1 nmdevs=1 qp_num=10250 pkey=0 pd=0xf6a430041ea0 oooRq=0
spark:247:279 [0] NCCL INFO NET/IB: ncclIbReceiverQpsCreateToRts: QP created: port=1 dev=0 devName=rocep1s0f1 ndevs=1 nmdevs=1 qp_num=10251 pkey=0 pd=0xf6a430041ea0 oooRq=0
spark:247:279 [0] NCCL INFO NET/IB: ncclIbReceiverQpsCreateToRts: Flush QP created: port=1 dev=0 devName=rocep1s0f1 ndevs=1 nmdevs=1 qp_num=10252 pkey=0 pd=0xf6a430041ea0
spark:247:279 [0] NCCL INFO NET/IB: ncclIbSenderQpsToRts: Set ECE: IbDev 0 Port 1 qp_num 10192 set_ece={supported=1, vendor_id=0x15b3, options=0x30000002, comp_mask=0x0}
spark:247:279 [0] NCCL INFO NET/IB: ncclIbSenderQpsToRts: Set ECE: IbDev 0 Port 1 qp_num 10193 set_ece={supported=1, vendor_id=0x15b3, options=0x30000002, comp_mask=0x0}
spark:247:279 [0] NCCL INFO NET/IB: ncclIbSenderQpsToRts: Set ECE: IbDev 0 Port 1 qp_num 10194 set_ece={supported=1, vendor_id=0x15b3, options=0x30000002, comp_mask=0x0}
spark:247:279 [0] NCCL INFO NET/IB: ncclIbSenderQpsToRts: Set ECE: IbDev 0 Port 1 qp_num 10195 set_ece={supported=1, vendor_id=0x15b3, options=0x30000002, comp_mask=0x0}
spark:247:279 [0] NCCL INFO NET/IB: ncclIbReceiverQpsCreateToRts: QP created: port=1 dev=0 devName=rocep1s0f1 ndevs=1 nmdevs=1 qp_num=10253 pkey=0 pd=0xf6a430041ea0 oooRq=0
spark:247:279 [0] NCCL INFO NET/IB: ncclIbReceiverQpsCreateToRts: QP created: port=1 dev=0 devName=rocep1s0f1 ndevs=1 nmdevs=1 qp_num=10254 pkey=0 pd=0xf6a430041ea0 oooRq=0
spark:247:279 [0] NCCL INFO NET/IB: ncclIbReceiverQpsCreateToRts: QP created: port=1 dev=0 devName=rocep1s0f1 ndevs=1 nmdevs=1 qp_num=10255 pkey=0 pd=0xf6a430041ea0 oooRq=0
spark:247:279 [0] NCCL INFO NET/IB: ncclIbReceiverQpsCreateToRts: QP created: port=1 dev=0 devName=rocep1s0f1 ndevs=1 nmdevs=1 qp_num=10256 pkey=0 pd=0xf6a430041ea0 oooRq=0
spark:247:279 [0] NCCL INFO NET/IB: ncclIbReceiverQpsCreateToRts: Flush QP created: port=1 dev=0 devName=rocep1s0f1 ndevs=1 nmdevs=1 qp_num=10257 pkey=0 pd=0xf6a430041ea0
spark:247:279 [0] NCCL INFO NET/IB: ncclIbSenderQpsToRts: Set ECE: IbDev 0 Port 1 qp_num 10196 set_ece={supported=1, vendor_id=0x15b3, options=0x30000002, comp_mask=0x0}
spark:247:279 [0] NCCL INFO NET/IB: ncclIbSenderQpsToRts: Set ECE: IbDev 0 Port 1 qp_num 10197 set_ece={supported=1, vendor_id=0x15b3, options=0x30000002, comp_mask=0x0}
spark:247:279 [0] NCCL INFO NET/IB: ncclIbSenderQpsToRts: Set ECE: IbDev 0 Port 1 qp_num 10198 set_ece={supported=1, vendor_id=0x15b3, options=0x30000002, comp_mask=0x0}
spark:247:279 [0] NCCL INFO NET/IB: ncclIbSenderQpsToRts: Set ECE: IbDev 0 Port 1 qp_num 10199 set_ece={supported=1, vendor_id=0x15b3, options=0x30000002, comp_mask=0x0}
spark:247:279 [0] NCCL INFO NET/IB: ncclIbReceiverQpsCreateToRts: QP created: port=1 dev=0 devName=rocep1s0f1 ndevs=1 nmdevs=1 qp_num=10258 pkey=0 pd=0xf6a430041ea0 oooRq=0
spark:247:279 [0] NCCL INFO NET/IB: ncclIbReceiverQpsCreateToRts: QP created: port=1 dev=0 devName=rocep1s0f1 ndevs=1 nmdevs=1 qp_num=10259 pkey=0 pd=0xf6a430041ea0 oooRq=0
spark:247:279 [0] NCCL INFO NET/IB: ncclIbReceiverQpsCreateToRts: QP created: port=1 dev=0 devName=rocep1s0f1 ndevs=1 nmdevs=1 qp_num=10260 pkey=0 pd=0xf6a430041ea0 oooRq=0
spark:247:279 [0] NCCL INFO NET/IB: ncclIbReceiverQpsCreateToRts: QP created: port=1 dev=0 devName=rocep1s0f1 ndevs=1 nmdevs=1 qp_num=10261 pkey=0 pd=0xf6a430041ea0 oooRq=0
spark:247:279 [0] NCCL INFO NET/IB: ncclIbReceiverQpsCreateToRts: Flush QP created: port=1 dev=0 devName=rocep1s0f1 ndevs=1 nmdevs=1 qp_num=10262 pkey=0 pd=0xf6a430041ea0
spark:247:279 [0] NCCL INFO NET/IB: ncclIbSenderQpsToRts: Set ECE: IbDev 0 Port 1 qp_num 10200 set_ece={supported=1, vendor_id=0x15b3, options=0x30000002, comp_mask=0x0}
spark:247:279 [0] NCCL INFO NET/IB: ncclIbSenderQpsToRts: Set ECE: IbDev 0 Port 1 qp_num 10201 set_ece={supported=1, vendor_id=0x15b3, options=0x30000002, comp_mask=0x0}
spark:247:279 [0] NCCL INFO NET/IB: ncclIbSenderQpsToRts: Set ECE: IbDev 0 Port 1 qp_num 10202 set_ece={supported=1, vendor_id=0x15b3, options=0x30000002, comp_mask=0x0}
spark:247:279 [0] NCCL INFO NET/IB: ncclIbSenderQpsToRts: Set ECE: IbDev 0 Port 1 qp_num 10203 set_ece={supported=1, vendor_id=0x15b3, options=0x30000002, comp_mask=0x0}
spark:247:279 [0] NCCL INFO NET/IB: ncclIbReceiverQpsCreateToRts: QP created: port=1 dev=0 devName=rocep1s0f1 ndevs=1 nmdevs=1 qp_num=10263 pkey=0 pd=0xf6a430041ea0 oooRq=0
spark:247:279 [0] NCCL INFO NET/IB: ncclIbReceiverQpsCreateToRts: QP created: port=1 dev=0 devName=rocep1s0f1 ndevs=1 nmdevs=1 qp_num=10264 pkey=0 pd=0xf6a430041ea0 oooRq=0
spark:247:279 [0] NCCL INFO NET/IB: ncclIbReceiverQpsCreateToRts: QP created: port=1 dev=0 devName=rocep1s0f1 ndevs=1 nmdevs=1 qp_num=10265 pkey=0 pd=0xf6a430041ea0 oooRq=0
spark:247:279 [0] NCCL INFO NET/IB: ncclIbReceiverQpsCreateToRts: QP created: port=1 dev=0 devName=rocep1s0f1 ndevs=1 nmdevs=1 qp_num=10266 pkey=0 pd=0xf6a430041ea0 oooRq=0
spark:247:279 [0] NCCL INFO NET/IB: ncclIbReceiverQpsCreateToRts: Flush QP created: port=1 dev=0 devName=rocep1s0f1 ndevs=1 nmdevs=1 qp_num=10267 pkey=0 pd=0xf6a430041ea0
spark:247:279 [0] NCCL INFO NET/IB: ncclIbSenderQpsToRts: Set ECE: IbDev 0 Port 1 qp_num 10204 set_ece={supported=1, vendor_id=0x15b3, options=0x30000002, comp_mask=0x0}
spark:247:279 [0] NCCL INFO NET/IB: ncclIbSenderQpsToRts: Set ECE: IbDev 0 Port 1 qp_num 10205 set_ece={supported=1, vendor_id=0x15b3, options=0x30000002, comp_mask=0x0}
spark:247:279 [0] NCCL INFO NET/IB: ncclIbSenderQpsToRts: Set ECE: IbDev 0 Port 1 qp_num 10206 set_ece={supported=1, vendor_id=0x15b3, options=0x30000002, comp_mask=0x0}
spark:247:279 [0] NCCL INFO NET/IB: ncclIbSenderQpsToRts: Set ECE: IbDev 0 Port 1 qp_num 10207 set_ece={supported=1, vendor_id=0x15b3, options=0x30000002, comp_mask=0x0}
spark:247:279 [0] NCCL INFO NET/IB: ncclIbReceiverQpsCreateToRts: QP created: port=1 dev=0 devName=rocep1s0f1 ndevs=1 nmdevs=1 qp_num=10268 pkey=0 pd=0xf6a430041ea0 oooRq=0
spark:247:279 [0] NCCL INFO NET/IB: ncclIbReceiverQpsCreateToRts: QP created: port=1 dev=0 devName=rocep1s0f1 ndevs=1 nmdevs=1 qp_num=10269 pkey=0 pd=0xf6a430041ea0 oooRq=0
spark:247:279 [0] NCCL INFO NET/IB: ncclIbReceiverQpsCreateToRts: QP created: port=1 dev=0 devName=rocep1s0f1 ndevs=1 nmdevs=1 qp_num=10270 pkey=0 pd=0xf6a430041ea0 oooRq=0
spark:247:279 [0] NCCL INFO NET/IB: ncclIbReceiverQpsCreateToRts: QP created: port=1 dev=0 devName=rocep1s0f1 ndevs=1 nmdevs=1 qp_num=10271 pkey=0 pd=0xf6a430041ea0 oooRq=0
spark:247:279 [0] NCCL INFO NET/IB: ncclIbReceiverQpsCreateToRts: Flush QP created: port=1 dev=0 devName=rocep1s0f1 ndevs=1 nmdevs=1 qp_num=10272 pkey=0 pd=0xf6a430041ea0
spark:247:279 [0] NCCL INFO NET/IB: ncclIbSenderQpsToRts: Set ECE: IbDev 0 Port 1 qp_num 10208 set_ece={supported=1, vendor_id=0x15b3, options=0x30000002, comp_mask=0x0}
spark:247:279 [0] NCCL INFO NET/IB: ncclIbSenderQpsToRts: Set ECE: IbDev 0 Port 1 qp_num 10209 set_ece={supported=1, vendor_id=0x15b3, options=0x30000002, comp_mask=0x0}
spark:247:279 [0] NCCL INFO NET/IB: ncclIbSenderQpsToRts: Set ECE: IbDev 0 Port 1 qp_num 10210 set_ece={supported=1, vendor_id=0x15b3, options=0x30000002, comp_mask=0x0}
spark:247:279 [0] NCCL INFO NET/IB: ncclIbSenderQpsToRts: Set ECE: IbDev 0 Port 1 qp_num 10211 set_ece={supported=1, vendor_id=0x15b3, options=0x30000002, comp_mask=0x0}
spark:247:279 [0] NCCL INFO NET/IB: ncclIbReceiverQpsCreateToRts: QP created: port=1 dev=0 devName=rocep1s0f1 ndevs=1 nmdevs=1 qp_num=10273 pkey=0 pd=0xf6a430041ea0 oooRq=0
spark:247:279 [0] NCCL INFO NET/IB: ncclIbReceiverQpsCreateToRts: QP created: port=1 dev=0 devName=rocep1s0f1 ndevs=1 nmdevs=1 qp_num=10274 pkey=0 pd=0xf6a430041ea0 oooRq=0
spark:247:279 [0] NCCL INFO NET/IB: ncclIbReceiverQpsCreateToRts: QP created: port=1 dev=0 devName=rocep1s0f1 ndevs=1 nmdevs=1 qp_num=10275 pkey=0 pd=0xf6a430041ea0 oooRq=0
spark:247:279 [0] NCCL INFO NET/IB: ncclIbReceiverQpsCreateToRts: QP created: port=1 dev=0 devName=rocep1s0f1 ndevs=1 nmdevs=1 qp_num=10276 pkey=0 pd=0xf6a430041ea0 oooRq=0
spark:247:279 [0] NCCL INFO NET/IB: ncclIbReceiverQpsCreateToRts: Flush QP created: port=1 dev=0 devName=rocep1s0f1 ndevs=1 nmdevs=1 qp_num=10277 pkey=0 pd=0xf6a430041ea0
spark:247:279 [0] NCCL INFO NET/IB: ncclIbSenderQpsToRts: Set ECE: IbDev 0 Port 1 qp_num 10212 set_ece={supported=1, vendor_id=0x15b3, options=0x30000002, comp_mask=0x0}
spark:247:279 [0] NCCL INFO NET/IB: ncclIbSenderQpsToRts: Set ECE: IbDev 0 Port 1 qp_num 10213 set_ece={supported=1, vendor_id=0x15b3, options=0x30000002, comp_mask=0x0}
spark:247:279 [0] NCCL INFO NET/IB: ncclIbSenderQpsToRts: Set ECE: IbDev 0 Port 1 qp_num 10214 set_ece={supported=1, vendor_id=0x15b3, options=0x30000002, comp_mask=0x0}
spark:247:279 [0] NCCL INFO NET/IB: ncclIbSenderQpsToRts: Set ECE: IbDev 0 Port 1 qp_num 10215 set_ece={supported=1, vendor_id=0x15b3, options=0x30000002, comp_mask=0x0}
spark:247:279 [0] NCCL INFO NET/IB: ncclIbReceiverQpsCreateToRts: QP created: port=1 dev=0 devName=rocep1s0f1 ndevs=1 nmdevs=1 qp_num=10278 pkey=0 pd=0xf6a430041ea0 oooRq=0
spark:247:279 [0] NCCL INFO NET/IB: ncclIbReceiverQpsCreateToRts: QP created: port=1 dev=0 devName=rocep1s0f1 ndevs=1 nmdevs=1 qp_num=10279 pkey=0 pd=0xf6a430041ea0 oooRq=0
spark:247:279 [0] NCCL INFO NET/IB: ncclIbReceiverQpsCreateToRts: QP created: port=1 dev=0 devName=rocep1s0f1 ndevs=1 nmdevs=1 qp_num=10280 pkey=0 pd=0xf6a430041ea0 oooRq=0
spark:247:279 [0] NCCL INFO NET/IB: ncclIbReceiverQpsCreateToRts: QP created: port=1 dev=0 devName=rocep1s0f1 ndevs=1 nmdevs=1 qp_num=10281 pkey=0 pd=0xf6a430041ea0 oooRq=0
spark:247:279 [0] NCCL INFO NET/IB: ncclIbReceiverQpsCreateToRts: Flush QP created: port=1 dev=0 devName=rocep1s0f1 ndevs=1 nmdevs=1 qp_num=10282 pkey=0 pd=0xf6a430041ea0
spark:247:279 [0] NCCL INFO NET/IB: ncclIbSenderQpsToRts: Set ECE: IbDev 0 Port 1 qp_num 10216 set_ece={supported=1, vendor_id=0x15b3, options=0x30000002, comp_mask=0x0}
spark:247:279 [0] NCCL INFO NET/IB: ncclIbSenderQpsToRts: Set ECE: IbDev 0 Port 1 qp_num 10217 set_ece={supported=1, vendor_id=0x15b3, options=0x30000002, comp_mask=0x0}
spark:247:279 [0] NCCL INFO NET/IB: ncclIbSenderQpsToRts: Set ECE: IbDev 0 Port 1 qp_num 10218 set_ece={supported=1, vendor_id=0x15b3, options=0x30000002, comp_mask=0x0}
spark:247:279 [0] NCCL INFO NET/IB: ncclIbSenderQpsToRts: Set ECE: IbDev 0 Port 1 qp_num 10219 set_ece={supported=1, vendor_id=0x15b3, options=0x30000002, comp_mask=0x0}
spark:247:279 [0] NCCL INFO NET/IB: ncclIbReceiverQpsCreateToRts: QP created: port=1 dev=0 devName=rocep1s0f1 ndevs=1 nmdevs=1 qp_num=10283 pkey=0 pd=0xf6a430041ea0 oooRq=0
spark:247:279 [0] NCCL INFO NET/IB: ncclIbReceiverQpsCreateToRts: QP created: port=1 dev=0 devName=rocep1s0f1 ndevs=1 nmdevs=1 qp_num=10284 pkey=0 pd=0xf6a430041ea0 oooRq=0
spark:247:279 [0] NCCL INFO NET/IB: ncclIbReceiverQpsCreateToRts: QP created: port=1 dev=0 devName=rocep1s0f1 ndevs=1 nmdevs=1 qp_num=10285 pkey=0 pd=0xf6a430041ea0 oooRq=0
spark:247:279 [0] NCCL INFO NET/IB: ncclIbReceiverQpsCreateToRts: QP created: port=1 dev=0 devName=rocep1s0f1 ndevs=1 nmdevs=1 qp_num=10286 pkey=0 pd=0xf6a430041ea0 oooRq=0
spark:247:279 [0] NCCL INFO NET/IB: ncclIbReceiverQpsCreateToRts: Flush QP created: port=1 dev=0 devName=rocep1s0f1 ndevs=1 nmdevs=1 qp_num=10287 pkey=0 pd=0xf6a430041ea0
spark:247:279 [0] NCCL INFO NET/IB: ncclIbSenderQpsToRts: Set ECE: IbDev 0 Port 1 qp_num 10220 set_ece={supported=1, vendor_id=0x15b3, options=0x30000002, comp_mask=0x0}
spark:247:279 [0] NCCL INFO NET/IB: ncclIbSenderQpsToRts: Set ECE: IbDev 0 Port 1 qp_num 10221 set_ece={supported=1, vendor_id=0x15b3, options=0x30000002, comp_mask=0x0}
spark:247:279 [0] NCCL INFO NET/IB: ncclIbSenderQpsToRts: Set ECE: IbDev 0 Port 1 qp_num 10222 set_ece={supported=1, vendor_id=0x15b3, options=0x30000002, comp_mask=0x0}
spark:247:279 [0] NCCL INFO NET/IB: ncclIbSenderQpsToRts: Set ECE: IbDev 0 Port 1 qp_num 10223 set_ece={supported=1, vendor_id=0x15b3, options=0x30000002, comp_mask=0x0}
spark:247:279 [0] NCCL INFO NET/IB: ncclIbReceiverQpsCreateToRts: QP created: port=1 dev=0 devName=rocep1s0f1 ndevs=1 nmdevs=1 qp_num=10288 pkey=0 pd=0xf6a430041ea0 oooRq=0
spark:247:279 [0] NCCL INFO NET/IB: ncclIbReceiverQpsCreateToRts: QP created: port=1 dev=0 devName=rocep1s0f1 ndevs=1 nmdevs=1 qp_num=10289 pkey=0 pd=0xf6a430041ea0 oooRq=0
spark:247:279 [0] NCCL INFO NET/IB: ncclIbReceiverQpsCreateToRts: QP created: port=1 dev=0 devName=rocep1s0f1 ndevs=1 nmdevs=1 qp_num=10290 pkey=0 pd=0xf6a430041ea0 oooRq=0
spark:247:279 [0] NCCL INFO NET/IB: ncclIbReceiverQpsCreateToRts: QP created: port=1 dev=0 devName=rocep1s0f1 ndevs=1 nmdevs=1 qp_num=10291 pkey=0 pd=0xf6a430041ea0 oooRq=0
spark:247:279 [0] NCCL INFO NET/IB: ncclIbReceiverQpsCreateToRts: Flush QP created: port=1 dev=0 devName=rocep1s0f1 ndevs=1 nmdevs=1 qp_num=10292 pkey=0 pd=0xf6a430041ea0
spark:247:279 [0] NCCL INFO NET/IB: ncclIbSenderQpsToRts: Set ECE: IbDev 0 Port 1 qp_num 10224 set_ece={supported=1, vendor_id=0x15b3, options=0x30000002, comp_mask=0x0}
spark:247:279 [0] NCCL INFO NET/IB: ncclIbSenderQpsToRts: Set ECE: IbDev 0 Port 1 qp_num 10225 set_ece={supported=1, vendor_id=0x15b3, options=0x30000002, comp_mask=0x0}
spark:247:279 [0] NCCL INFO NET/IB: ncclIbSenderQpsToRts: Set ECE: IbDev 0 Port 1 qp_num 10226 set_ece={supported=1, vendor_id=0x15b3, options=0x30000002, comp_mask=0x0}
spark:247:279 [0] NCCL INFO NET/IB: ncclIbSenderQpsToRts: Set ECE: IbDev 0 Port 1 qp_num 10227 set_ece={supported=1, vendor_id=0x15b3, options=0x30000002, comp_mask=0x0}
spark:247:279 [0] NCCL INFO NET/IB: ncclIbReceiverQpsCreateToRts: QP created: port=1 dev=0 devName=rocep1s0f1 ndevs=1 nmdevs=1 qp_num=10293 pkey=0 pd=0xf6a430041ea0 oooRq=0
spark:247:279 [0] NCCL INFO NET/IB: ncclIbReceiverQpsCreateToRts: QP created: port=1 dev=0 devName=rocep1s0f1 ndevs=1 nmdevs=1 qp_num=10294 pkey=0 pd=0xf6a430041ea0 oooRq=0
spark:247:279 [0] NCCL INFO NET/IB: ncclIbReceiverQpsCreateToRts: QP created: port=1 dev=0 devName=rocep1s0f1 ndevs=1 nmdevs=1 qp_num=10295 pkey=0 pd=0xf6a430041ea0 oooRq=0
spark:247:279 [0] NCCL INFO NET/IB: ncclIbReceiverQpsCreateToRts: QP created: port=1 dev=0 devName=rocep1s0f1 ndevs=1 nmdevs=1 qp_num=10296 pkey=0 pd=0xf6a430041ea0 oooRq=0
spark:247:279 [0] NCCL INFO NET/IB: ncclIbReceiverQpsCreateToRts: Flush QP created: port=1 dev=0 devName=rocep1s0f1 ndevs=1 nmdevs=1 qp_num=10297 pkey=0 pd=0xf6a430041ea0
spark:247:279 [0] NCCL INFO NET/IB: ncclIbSenderQpsToRts: Set ECE: IbDev 0 Port 1 qp_num 10228 set_ece={supported=1, vendor_id=0x15b3, options=0x30000002, comp_mask=0x0}
spark:247:279 [0] NCCL INFO NET/IB: ncclIbSenderQpsToRts: Set ECE: IbDev 0 Port 1 qp_num 10229 set_ece={supported=1, vendor_id=0x15b3, options=0x30000002, comp_mask=0x0}
spark:247:279 [0] NCCL INFO NET/IB: ncclIbSenderQpsToRts: Set ECE: IbDev 0 Port 1 qp_num 10230 set_ece={supported=1, vendor_id=0x15b3, options=0x30000002, comp_mask=0x0}
spark:247:279 [0] NCCL INFO NET/IB: ncclIbSenderQpsToRts: Set ECE: IbDev 0 Port 1 qp_num 10231 set_ece={supported=1, vendor_id=0x15b3, options=0x30000002, comp_mask=0x0}
spark:247:279 [0] NCCL INFO NET/IB: ncclIbReceiverQpsCreateToRts: QP created: port=1 dev=0 devName=rocep1s0f1 ndevs=1 nmdevs=1 qp_num=10298 pkey=0 pd=0xf6a430041ea0 oooRq=0
spark:247:279 [0] NCCL INFO NET/IB: ncclIbReceiverQpsCreateToRts: QP created: port=1 dev=0 devName=rocep1s0f1 ndevs=1 nmdevs=1 qp_num=10299 pkey=0 pd=0xf6a430041ea0 oooRq=0
spark:247:279 [0] NCCL INFO NET/IB: ncclIbReceiverQpsCreateToRts: QP created: port=1 dev=0 devName=rocep1s0f1 ndevs=1 nmdevs=1 qp_num=10300 pkey=0 pd=0xf6a430041ea0 oooRq=0
spark:247:279 [0] NCCL INFO NET/IB: ncclIbReceiverQpsCreateToRts: QP created: port=1 dev=0 devName=rocep1s0f1 ndevs=1 nmdevs=1 qp_num=10301 pkey=0 pd=0xf6a430041ea0 oooRq=0
spark:247:279 [0] NCCL INFO NET/IB: ncclIbReceiverQpsCreateToRts: Flush QP created: port=1 dev=0 devName=rocep1s0f1 ndevs=1 nmdevs=1 qp_num=10302 pkey=0 pd=0xf6a430041ea0
spark:247:279 [0] NCCL INFO NET/IB: ncclIbSenderQpsToRts: Set ECE: IbDev 0 Port 1 qp_num 10232 set_ece={supported=1, vendor_id=0x15b3, options=0x30000002, comp_mask=0x0}
spark:247:279 [0] NCCL INFO NET/IB: ncclIbSenderQpsToRts: Set ECE: IbDev 0 Port 1 qp_num 10233 set_ece={supported=1, vendor_id=0x15b3, options=0x30000002, comp_mask=0x0}
spark:247:279 [0] NCCL INFO NET/IB: ncclIbSenderQpsToRts: Set ECE: IbDev 0 Port 1 qp_num 10234 set_ece={supported=1, vendor_id=0x15b3, options=0x30000002, comp_mask=0x0}
spark:247:279 [0] NCCL INFO NET/IB: ncclIbSenderQpsToRts: Set ECE: IbDev 0 Port 1 qp_num 10235 set_ece={supported=1, vendor_id=0x15b3, options=0x30000002, comp_mask=0x0}
spark:247:279 [0] NCCL INFO NET/IB: ncclIbReceiverQpsCreateToRts: QP created: port=1 dev=0 devName=rocep1s0f1 ndevs=1 nmdevs=1 qp_num=10303 pkey=0 pd=0xf6a430041ea0 oooRq=0
spark:247:279 [0] NCCL INFO NET/IB: ncclIbReceiverQpsCreateToRts: QP created: port=1 dev=0 devName=rocep1s0f1 ndevs=1 nmdevs=1 qp_num=10304 pkey=0 pd=0xf6a430041ea0 oooRq=0
spark:247:279 [0] NCCL INFO NET/IB: ncclIbReceiverQpsCreateToRts: QP created: port=1 dev=0 devName=rocep1s0f1 ndevs=1 nmdevs=1 qp_num=10305 pkey=0 pd=0xf6a430041ea0 oooRq=0
spark:247:279 [0] NCCL INFO NET/IB: ncclIbReceiverQpsCreateToRts: QP created: port=1 dev=0 devName=rocep1s0f1 ndevs=1 nmdevs=1 qp_num=10306 pkey=0 pd=0xf6a430041ea0 oooRq=0
spark:247:279 [0] NCCL INFO NET/IB: ncclIbReceiverQpsCreateToRts: Flush QP created: port=1 dev=0 devName=rocep1s0f1 ndevs=1 nmdevs=1 qp_num=10307 pkey=0 pd=0xf6a430041ea0
spark:247:279 [0] NCCL INFO NET/IB: ncclIbSenderQpsToRts: Set ECE: IbDev 0 Port 1 qp_num 10236 set_ece={supported=1, vendor_id=0x15b3, options=0x30000002, comp_mask=0x0}
spark:247:279 [0] NCCL INFO NET/IB: ncclIbSenderQpsToRts: Set ECE: IbDev 0 Port 1 qp_num 10237 set_ece={supported=1, vendor_id=0x15b3, options=0x30000002, comp_mask=0x0}
spark:247:279 [0] NCCL INFO NET/IB: ncclIbSenderQpsToRts: Set ECE: IbDev 0 Port 1 qp_num 10238 set_ece={supported=1, vendor_id=0x15b3, options=0x30000002, comp_mask=0x0}
spark:247:279 [0] NCCL INFO NET/IB: ncclIbSenderQpsToRts: Set ECE: IbDev 0 Port 1 qp_num 10239 set_ece={supported=1, vendor_id=0x15b3, options=0x30000002, comp_mask=0x0}
spark:247:279 [0] NCCL INFO NET/IB: ncclIbReceiverQpsCreateToRts: QP created: port=1 dev=0 devName=rocep1s0f1 ndevs=1 nmdevs=1 qp_num=10308 pkey=0 pd=0xf6a430041ea0 oooRq=0
spark:247:279 [0] NCCL INFO NET/IB: ncclIbReceiverQpsCreateToRts: QP created: port=1 dev=0 devName=rocep1s0f1 ndevs=1 nmdevs=1 qp_num=10309 pkey=0 pd=0xf6a430041ea0 oooRq=0
spark:247:279 [0] NCCL INFO NET/IB: ncclIbReceiverQpsCreateToRts: QP created: port=1 dev=0 devName=rocep1s0f1 ndevs=1 nmdevs=1 qp_num=10310 pkey=0 pd=0xf6a430041ea0 oooRq=0
spark:247:279 [0] NCCL INFO NET/IB: ncclIbReceiverQpsCreateToRts: QP created: port=1 dev=0 devName=rocep1s0f1 ndevs=1 nmdevs=1 qp_num=10311 pkey=0 pd=0xf6a430041ea0 oooRq=0
spark:247:279 [0] NCCL INFO NET/IB: ncclIbReceiverQpsCreateToRts: Flush QP created: port=1 dev=0 devName=rocep1s0f1 ndevs=1 nmdevs=1 qp_num=10312 pkey=0 pd=0xf6a430041ea0
spark:247:279 [0] NCCL INFO NET/IB: ncclIbSenderQpsToRts: Set ECE: IbDev 0 Port 1 qp_num 10240 set_ece={supported=1, vendor_id=0x15b3, options=0x30000002, comp_mask=0x0}
spark:247:279 [0] NCCL INFO NET/IB: ncclIbSenderQpsToRts: Set ECE: IbDev 0 Port 1 qp_num 10241 set_ece={supported=1, vendor_id=0x15b3, options=0x30000002, comp_mask=0x0}
spark:247:279 [0] NCCL INFO NET/IB: ncclIbSenderQpsToRts: Set ECE: IbDev 0 Port 1 qp_num 10242 set_ece={supported=1, vendor_id=0x15b3, options=0x30000002, comp_mask=0x0}
spark:247:279 [0] NCCL INFO NET/IB: ncclIbSenderQpsToRts: Set ECE: IbDev 0 Port 1 qp_num 10243 set_ece={supported=1, vendor_id=0x15b3, options=0x30000002, comp_mask=0x0}
spark:247:279 [0] NCCL INFO NET/IB: ncclIbReceiverQpsCreateToRts: QP created: port=1 dev=0 devName=rocep1s0f1 ndevs=1 nmdevs=1 qp_num=10313 pkey=0 pd=0xf6a430041ea0 oooRq=0
spark:247:279 [0] NCCL INFO NET/IB: ncclIbReceiverQpsCreateToRts: QP created: port=1 dev=0 devName=rocep1s0f1 ndevs=1 nmdevs=1 qp_num=10314 pkey=0 pd=0xf6a430041ea0 oooRq=0
spark:247:279 [0] NCCL INFO NET/IB: ncclIbReceiverQpsCreateToRts: QP created: port=1 dev=0 devName=rocep1s0f1 ndevs=1 nmdevs=1 qp_num=10315 pkey=0 pd=0xf6a430041ea0 oooRq=0
spark:247:279 [0] NCCL INFO NET/IB: ncclIbReceiverQpsCreateToRts: QP created: port=1 dev=0 devName=rocep1s0f1 ndevs=1 nmdevs=1 qp_num=10316 pkey=0 pd=0xf6a430041ea0 oooRq=0
spark:247:279 [0] NCCL INFO NET/IB: ncclIbReceiverQpsCreateToRts: Flush QP created: port=1 dev=0 devName=rocep1s0f1 ndevs=1 nmdevs=1 qp_num=10317 pkey=0 pd=0xf6a430041ea0
spark:247:279 [0] NCCL INFO NET/IB: ncclIbSenderQpsToRts: Set ECE: IbDev 0 Port 1 qp_num 10244 set_ece={supported=1, vendor_id=0x15b3, options=0x30000002, comp_mask=0x0}
spark:247:279 [0] NCCL INFO NET/IB: ncclIbSenderQpsToRts: Set ECE: IbDev 0 Port 1 qp_num 10245 set_ece={supported=1, vendor_id=0x15b3, options=0x30000002, comp_mask=0x0}
spark:247:279 [0] NCCL INFO NET/IB: ncclIbSenderQpsToRts: Set ECE: IbDev 0 Port 1 qp_num 10246 set_ece={supported=1, vendor_id=0x15b3, options=0x30000002, comp_mask=0x0}
spark:247:279 [0] NCCL INFO NET/IB: ncclIbSenderQpsToRts: Set ECE: IbDev 0 Port 1 qp_num 10247 set_ece={supported=1, vendor_id=0x15b3, options=0x30000002, comp_mask=0x0}
spark:247:279 [0] NCCL INFO NET/IB: ncclIbReceiverQpsCreateToRts: QP created: port=1 dev=0 devName=rocep1s0f1 ndevs=1 nmdevs=1 qp_num=10318 pkey=0 pd=0xf6a430041ea0 oooRq=0
spark:247:279 [0] NCCL INFO NET/IB: ncclIbReceiverQpsCreateToRts: QP created: port=1 dev=0 devName=rocep1s0f1 ndevs=1 nmdevs=1 qp_num=10319 pkey=0 pd=0xf6a430041ea0 oooRq=0
spark:247:279 [0] NCCL INFO NET/IB: ncclIbReceiverQpsCreateToRts: QP created: port=1 dev=0 devName=rocep1s0f1 ndevs=1 nmdevs=1 qp_num=10320 pkey=0 pd=0xf6a430041ea0 oooRq=0
spark:247:279 [0] NCCL INFO NET/IB: ncclIbReceiverQpsCreateToRts: QP created: port=1 dev=0 devName=rocep1s0f1 ndevs=1 nmdevs=1 qp_num=10321 pkey=0 pd=0xf6a430041ea0 oooRq=0
spark:247:279 [0] NCCL INFO NET/IB: ncclIbReceiverQpsCreateToRts: Flush QP created: port=1 dev=0 devName=rocep1s0f1 ndevs=1 nmdevs=1 qp_num=10322 pkey=0 pd=0xf6a430041ea0
spark:247:279 [0] NCCL INFO NET/IB: ncclIbResiliencyInit: Resiliency is disabled on the send communicator (comm=0xf6a41ec15000)
spark:247:279 [0] NCCL INFO NET/IB: ncclIbSenderQpsCreate: QP created: port=1 dev=0 devName=rocep1s0f1 ndevs=1 nmdevs=1 qp_num=10323 pkey=0 pd=0xf6a430041ea0 oooRq=0
spark:247:279 [0] NCCL INFO NET/IB: ncclIbSenderQpsCreate: QP created: port=1 dev=0 devName=rocep1s0f1 ndevs=1 nmdevs=1 qp_num=10324 pkey=0 pd=0xf6a430041ea0 oooRq=0
spark:247:279 [0] NCCL INFO NET/IB: ncclIbSenderQpsCreate: QP created: port=1 dev=0 devName=rocep1s0f1 ndevs=1 nmdevs=1 qp_num=10325 pkey=0 pd=0xf6a430041ea0 oooRq=0
spark:247:279 [0] NCCL INFO NET/IB: ncclIbSenderQpsCreate: QP created: port=1 dev=0 devName=rocep1s0f1 ndevs=1 nmdevs=1 qp_num=10326 pkey=0 pd=0xf6a430041ea0 oooRq=0
spark:247:279 [0] NCCL INFO NET/IB: ncclIbConnectImpl: NCCL Dev 0 IbDev 0 Port 1 qp_num 10323 mtu 5 GID 3 (0/164A8C0FFFF0000) ctsFifoRkey=0x2209ac ctsFifoLkey=0x2209ac
spark:247:279 [0] NCCL INFO NET/IB: ncclIbConnectImpl: IbDev 0 Port 1 qp_num 10323 query_ece={supported=1, vendor_id=0x15b3, options=0x30000002, comp_mask=0x0}
spark:247:279 [0] NCCL INFO NET/IB: ncclIbConnectImpl: NCCL Dev 0 IbDev 0 Port 1 qp_num 10324 mtu 5 GID 3 (0/164A8C0FFFF0000) ctsFifoRkey=0x2209ac ctsFifoLkey=0x2209ac
spark:247:279 [0] NCCL INFO NET/IB: ncclIbConnectImpl: IbDev 0 Port 1 qp_num 10324 query_ece={supported=1, vendor_id=0x15b3, options=0x30000002, comp_mask=0x0}
spark:247:279 [0] NCCL INFO NET/IB: ncclIbConnectImpl: NCCL Dev 0 IbDev 0 Port 1 qp_num 10325 mtu 5 GID 3 (0/164A8C0FFFF0000) ctsFifoRkey=0x2209ac ctsFifoLkey=0x2209ac
spark:247:279 [0] NCCL INFO NET/IB: ncclIbConnectImpl: IbDev 0 Port 1 qp_num 10325 query_ece={supported=1, vendor_id=0x15b3, options=0x30000002, comp_mask=0x0}
spark:247:279 [0] NCCL INFO NET/IB: ncclIbConnectImpl: NCCL Dev 0 IbDev 0 Port 1 qp_num 10326 mtu 5 GID 3 (0/164A8C0FFFF0000) ctsFifoRkey=0x2209ac ctsFifoLkey=0x2209ac
spark:247:279 [0] NCCL INFO NET/IB: ncclIbConnectImpl: IbDev 0 Port 1 qp_num 10326 query_ece={supported=1, vendor_id=0x15b3, options=0x30000002, comp_mask=0x0}
spark:247:279 [0] NCCL INFO NET/IB: ncclIbResiliencyInit: Resiliency is disabled on the recv communicator (comm=0xf6a41ed12000)
spark:247:279 [0] NCCL INFO NET/IB: ncclIbRecvCommInit: Receive work requests will be posted on-demand
spark:247:279 [0] NCCL INFO NET/IB: ncclIbResiliencyInit: Resiliency is disabled on the send communicator (comm=0xf6a41ed57000)
spark:247:279 [0] NCCL INFO NET/IB: ncclIbResiliencyInit: Resiliency is disabled on the recv communicator (comm=0xf6a41ed98000)
spark:247:279 [0] NCCL INFO NET/IB: ncclIbRecvCommInit: Receive work requests will be posted on-demand
spark:247:279 [0] NCCL INFO NET/IB: ncclIbResiliencyInit: Resiliency is disabled on the send communicator (comm=0xf6a41eddd000)
spark:247:279 [0] NCCL INFO NET/IB: ncclIbResiliencyInit: Resiliency is disabled on the recv communicator (comm=0xf6a41ee1e000)
spark:247:279 [0] NCCL INFO NET/IB: ncclIbRecvCommInit: Receive work requests will be posted on-demand
spark:247:279 [0] NCCL INFO NET/IB: ncclIbResiliencyInit: Resiliency is disabled on the send communicator (comm=0xf6a41ee63000)
spark:247:279 [0] NCCL INFO NET/IB: ncclIbResiliencyInit: Resiliency is disabled on the recv communicator (comm=0xf6a41eea4000)
spark:247:279 [0] NCCL INFO NET/IB: ncclIbRecvCommInit: Receive work requests will be posted on-demand
spark:247:279 [0] NCCL INFO NET/IB: ncclIbResiliencyInit: Resiliency is disabled on the send communicator (comm=0xf6a41eee9000)
spark:247:279 [0] NCCL INFO NET/IB: ncclIbResiliencyInit: Resiliency is disabled on the recv communicator (comm=0xf6a41ef2a000)
spark:247:279 [0] NCCL INFO NET/IB: ncclIbRecvCommInit: Receive work requests will be posted on-demand
spark:247:279 [0] NCCL INFO NET/IB: ncclIbResiliencyInit: Resiliency is disabled on the send communicator (comm=0xf6a41ef72000)
spark:247:279 [0] NCCL INFO NET/IB: ncclIbResiliencyInit: Resiliency is disabled on the recv communicator (comm=0xf6a41efb6000)
spark:247:279 [0] NCCL INFO NET/IB: ncclIbRecvCommInit: Receive work requests will be posted on-demand
spark:247:279 [0] NCCL INFO NET/IB: ncclIbResiliencyInit: Resiliency is disabled on the send communicator (comm=0xf6a41effe000)
spark:247:279 [0] NCCL INFO NET/IB: ncclIbResiliencyInit: Resiliency is disabled on the recv communicator (comm=0xf6a41f042000)
spark:247:279 [0] NCCL INFO NET/IB: ncclIbRecvCommInit: Receive work requests will be posted on-demand
spark:247:279 [0] NCCL INFO NET/IB: ncclIbResiliencyInit: Resiliency is disabled on the send communicator (comm=0xf6a41f08a000)
spark:247:279 [0] NCCL INFO NET/IB: ncclIbResiliencyInit: Resiliency is disabled on the recv communicator (comm=0xf6a41f0ce000)
spark:247:279 [0] NCCL INFO NET/IB: ncclIbRecvCommInit: Receive work requests will be posted on-demand
spark:247:279 [0] NCCL INFO NET/IB: ncclIbResiliencyInit: Resiliency is disabled on the send communicator (comm=0xf6a41f116000)
spark:247:279 [0] NCCL INFO NET/IB: ncclIbResiliencyInit: Resiliency is disabled on the recv communicator (comm=0xf6a41f15a000)
spark:247:279 [0] NCCL INFO NET/IB: ncclIbRecvCommInit: Receive work requests will be posted on-demand
spark:247:279 [0] NCCL INFO NET/IB: ncclIbResiliencyInit: Resiliency is disabled on the send communicator (comm=0xf6a41f1a2000)
spark:247:279 [0] NCCL INFO NET/IB: ncclIbResiliencyInit: Resiliency is disabled on the recv communicator (comm=0xf6a41f1e6000)
spark:247:279 [0] NCCL INFO NET/IB: ncclIbRecvCommInit: Receive work requests will be posted on-demand
spark:247:279 [0] NCCL INFO NET/IB: ncclIbResiliencyInit: Resiliency is disabled on the send communicator (comm=0xf6a41f22e000)
spark:247:279 [0] NCCL INFO NET/IB: ncclIbResiliencyInit: Resiliency is disabled on the recv communicator (comm=0xf6a41f272000)
spark:247:279 [0] NCCL INFO NET/IB: ncclIbRecvCommInit: Receive work requests will be posted on-demand
spark:247:279 [0] NCCL INFO NET/IB: ncclIbResiliencyInit: Resiliency is disabled on the send communicator (comm=0xf6a41f2ba000)
spark:247:279 [0] NCCL INFO NET/IB: ncclIbResiliencyInit: Resiliency is disabled on the recv communicator (comm=0xf6a41f2fe000)
spark:247:279 [0] NCCL INFO NET/IB: ncclIbRecvCommInit: Receive work requests will be posted on-demand
spark:247:279 [0] NCCL INFO NET/IB: ncclIbResiliencyInit: Resiliency is disabled on the send communicator (comm=0xf6a41f346000)
spark:247:279 [0] NCCL INFO NET/IB: ncclIbResiliencyInit: Resiliency is disabled on the recv communicator (comm=0xf6a41f38a000)
spark:247:279 [0] NCCL INFO NET/IB: ncclIbRecvCommInit: Receive work requests will be posted on-demand
spark:247:279 [0] NCCL INFO NET/IB: ncclIbResiliencyInit: Resiliency is disabled on the send communicator (comm=0xf6a41f3d2000)
spark:247:279 [0] NCCL INFO NET/IB: ncclIbResiliencyInit: Resiliency is disabled on the recv communicator (comm=0xf6a41f416000)
spark:247:279 [0] NCCL INFO NET/IB: ncclIbRecvCommInit: Receive work requests will be posted on-demand
spark:247:279 [0] NCCL INFO NET/IB: ncclIbResiliencyInit: Resiliency is disabled on the send communicator (comm=0xf6a41f45e000)
spark:247:279 [0] NCCL INFO NET/IB: ncclIbResiliencyInit: Resiliency is disabled on the recv communicator (comm=0xf6a41f4a2000)
spark:247:279 [0] NCCL INFO NET/IB: ncclIbRecvCommInit: Receive work requests will be posted on-demand
spark:247:279 [0] NCCL INFO NET/IB: ncclIbResiliencyInit: Resiliency is disabled on the send communicator (comm=0xf6a41f4ea000)
spark:247:279 [0] NCCL INFO NET/IB: ncclIbResiliencyInit: Resiliency is disabled on the recv communicator (comm=0xf6a41f52e000)
spark:247:279 [0] NCCL INFO NET/IB: ncclIbRecvCommInit: Receive work requests will be posted on-demand
spark:247:279 [0] NCCL INFO NET/IB: ncclIbResiliencyInit: Resiliency is disabled on the send communicator (comm=0xf6a41f576000)
spark:247:279 [0] NCCL INFO NET/IB: ncclIbResiliencyInit: Resiliency is disabled on the recv communicator (comm=0xf6a41f5ba000)
spark:247:279 [0] NCCL INFO NET/IB: ncclIbRecvCommInit: Receive work requests will be posted on-demand
spark:247:279 [0] NCCL INFO NET/IB: ncclIbSenderQpsToRts: Set ECE: IbDev 0 Port 1 qp_num 10323 set_ece={supported=1, vendor_id=0x15b3, options=0x30000002, comp_mask=0x0}
spark:247:279 [0] NCCL INFO NET/IB: ncclIbSenderQpsToRts: Set ECE: IbDev 0 Port 1 qp_num 10324 set_ece={supported=1, vendor_id=0x15b3, options=0x30000002, comp_mask=0x0}
spark:247:279 [0] NCCL INFO NET/IB: ncclIbSenderQpsToRts: Set ECE: IbDev 0 Port 1 qp_num 10325 set_ece={supported=1, vendor_id=0x15b3, options=0x30000002, comp_mask=0x0}
spark:247:279 [0] NCCL INFO NET/IB: ncclIbSenderQpsToRts: Set ECE: IbDev 0 Port 1 qp_num 10326 set_ece={supported=1, vendor_id=0x15b3, options=0x30000002, comp_mask=0x0}
spark:247:279 [0] NCCL INFO NET/IB: ncclIbSenderQpsCreate: QP created: port=1 dev=0 devName=rocep1s0f1 ndevs=1 nmdevs=1 qp_num=10327 pkey=0 pd=0xf6a430041ea0 oooRq=0
spark:247:279 [0] NCCL INFO NET/IB: ncclIbSenderQpsCreate: QP created: port=1 dev=0 devName=rocep1s0f1 ndevs=1 nmdevs=1 qp_num=10328 pkey=0 pd=0xf6a430041ea0 oooRq=0
spark:247:279 [0] NCCL INFO NET/IB: ncclIbSenderQpsCreate: QP created: port=1 dev=0 devName=rocep1s0f1 ndevs=1 nmdevs=1 qp_num=10329 pkey=0 pd=0xf6a430041ea0 oooRq=0
spark:247:279 [0] NCCL INFO NET/IB: ncclIbSenderQpsCreate: QP created: port=1 dev=0 devName=rocep1s0f1 ndevs=1 nmdevs=1 qp_num=10330 pkey=0 pd=0xf6a430041ea0 oooRq=0
spark:247:279 [0] NCCL INFO NET/IB: ncclIbConnectImpl: NCCL Dev 0 IbDev 0 Port 1 qp_num 10327 mtu 5 GID 3 (0/164A8C0FFFF0000) ctsFifoRkey=0x1b05fd ctsFifoLkey=0x1b05fd
spark:247:279 [0] NCCL INFO NET/IB: ncclIbConnectImpl: IbDev 0 Port 1 qp_num 10327 query_ece={supported=1, vendor_id=0x15b3, options=0x30000002, comp_mask=0x0}
spark:247:279 [0] NCCL INFO NET/IB: ncclIbConnectImpl: NCCL Dev 0 IbDev 0 Port 1 qp_num 10328 mtu 5 GID 3 (0/164A8C0FFFF0000) ctsFifoRkey=0x1b05fd ctsFifoLkey=0x1b05fd
spark:247:279 [0] NCCL INFO NET/IB: ncclIbConnectImpl: IbDev 0 Port 1 qp_num 10328 query_ece={supported=1, vendor_id=0x15b3, options=0x30000002, comp_mask=0x0}
spark:247:279 [0] NCCL INFO NET/IB: ncclIbConnectImpl: NCCL Dev 0 IbDev 0 Port 1 qp_num 10329 mtu 5 GID 3 (0/164A8C0FFFF0000) ctsFifoRkey=0x1b05fd ctsFifoLkey=0x1b05fd
spark:247:279 [0] NCCL INFO NET/IB: ncclIbConnectImpl: IbDev 0 Port 1 qp_num 10329 query_ece={supported=1, vendor_id=0x15b3, options=0x30000002, comp_mask=0x0}
spark:247:279 [0] NCCL INFO NET/IB: ncclIbConnectImpl: NCCL Dev 0 IbDev 0 Port 1 qp_num 10330 mtu 5 GID 3 (0/164A8C0FFFF0000) ctsFifoRkey=0x1b05fd ctsFifoLkey=0x1b05fd
spark:247:279 [0] NCCL INFO NET/IB: ncclIbConnectImpl: IbDev 0 Port 1 qp_num 10330 query_ece={supported=1, vendor_id=0x15b3, options=0x30000002, comp_mask=0x0}
spark:247:279 [0] NCCL INFO NET/IB: ncclIbReceiverQpsCreateToRts: QP created: port=1 dev=0 devName=rocep1s0f1 ndevs=1 nmdevs=1 qp_num=10331 pkey=0 pd=0xf6a430041ea0 oooRq=0
spark:247:279 [0] NCCL INFO NET/IB: ncclIbReceiverQpsCreateToRts: QP created: port=1 dev=0 devName=rocep1s0f1 ndevs=1 nmdevs=1 qp_num=10332 pkey=0 pd=0xf6a430041ea0 oooRq=0
spark:247:279 [0] NCCL INFO NET/IB: ncclIbReceiverQpsCreateToRts: QP created: port=1 dev=0 devName=rocep1s0f1 ndevs=1 nmdevs=1 qp_num=10333 pkey=0 pd=0xf6a430041ea0 oooRq=0
spark:247:279 [0] NCCL INFO NET/IB: ncclIbReceiverQpsCreateToRts: QP created: port=1 dev=0 devName=rocep1s0f1 ndevs=1 nmdevs=1 qp_num=10334 pkey=0 pd=0xf6a430041ea0 oooRq=0
spark:247:279 [0] NCCL INFO NET/IB: ncclIbReceiverQpsCreateToRts: Flush QP created: port=1 dev=0 devName=rocep1s0f1 ndevs=1 nmdevs=1 qp_num=10335 pkey=0 pd=0xf6a430041ea0
spark:247:279 [0] NCCL INFO NET/IB: ncclIbSenderQpsCreate: QP created: port=1 dev=0 devName=rocep1s0f1 ndevs=1 nmdevs=1 qp_num=10336 pkey=0 pd=0xf6a430041ea0 oooRq=0
spark:247:279 [0] NCCL INFO NET/IB: ncclIbSenderQpsCreate: QP created: port=1 dev=0 devName=rocep1s0f1 ndevs=1 nmdevs=1 qp_num=10337 pkey=0 pd=0xf6a430041ea0 oooRq=0
spark:247:279 [0] NCCL INFO NET/IB: ncclIbSenderQpsCreate: QP created: port=1 dev=0 devName=rocep1s0f1 ndevs=1 nmdevs=1 qp_num=10338 pkey=0 pd=0xf6a430041ea0 oooRq=0
spark:247:279 [0] NCCL INFO NET/IB: ncclIbSenderQpsCreate: QP created: port=1 dev=0 devName=rocep1s0f1 ndevs=1 nmdevs=1 qp_num=10339 pkey=0 pd=0xf6a430041ea0 oooRq=0
spark:247:279 [0] NCCL INFO NET/IB: ncclIbConnectImpl: NCCL Dev 0 IbDev 0 Port 1 qp_num 10336 mtu 5 GID 3 (0/164A8C0FFFF0000) ctsFifoRkey=0x1ae8e0 ctsFifoLkey=0x1ae8e0
spark:247:279 [0] NCCL INFO NET/IB: ncclIbConnectImpl: IbDev 0 Port 1 qp_num 10336 query_ece={supported=1, vendor_id=0x15b3, options=0x30000002, comp_mask=0x0}
spark:247:279 [0] NCCL INFO NET/IB: ncclIbConnectImpl: NCCL Dev 0 IbDev 0 Port 1 qp_num 10337 mtu 5 GID 3 (0/164A8C0FFFF0000) ctsFifoRkey=0x1ae8e0 ctsFifoLkey=0x1ae8e0
spark:247:279 [0] NCCL INFO NET/IB: ncclIbConnectImpl: IbDev 0 Port 1 qp_num 10337 query_ece={supported=1, vendor_id=0x15b3, options=0x30000002, comp_mask=0x0}
spark:247:279 [0] NCCL INFO NET/IB: ncclIbConnectImpl: NCCL Dev 0 IbDev 0 Port 1 qp_num 10338 mtu 5 GID 3 (0/164A8C0FFFF0000) ctsFifoRkey=0x1ae8e0 ctsFifoLkey=0x1ae8e0
spark:247:279 [0] NCCL INFO NET/IB: ncclIbConnectImpl: IbDev 0 Port 1 qp_num 10338 query_ece={supported=1, vendor_id=0x15b3, options=0x30000002, comp_mask=0x0}
spark:247:279 [0] NCCL INFO NET/IB: ncclIbConnectImpl: NCCL Dev 0 IbDev 0 Port 1 qp_num 10339 mtu 5 GID 3 (0/164A8C0FFFF0000) ctsFifoRkey=0x1ae8e0 ctsFifoLkey=0x1ae8e0
spark:247:279 [0] NCCL INFO NET/IB: ncclIbConnectImpl: IbDev 0 Port 1 qp_num 10339 query_ece={supported=1, vendor_id=0x15b3, options=0x30000002, comp_mask=0x0}
spark:247:279 [0] NCCL INFO NET/IB: ncclIbReceiverQpsCreateToRts: QP created: port=1 dev=0 devName=rocep1s0f1 ndevs=1 nmdevs=1 qp_num=10340 pkey=0 pd=0xf6a430041ea0 oooRq=0
spark:247:279 [0] NCCL INFO NET/IB: ncclIbReceiverQpsCreateToRts: QP created: port=1 dev=0 devName=rocep1s0f1 ndevs=1 nmdevs=1 qp_num=10341 pkey=0 pd=0xf6a430041ea0 oooRq=0
spark:247:279 [0] NCCL INFO NET/IB: ncclIbReceiverQpsCreateToRts: QP created: port=1 dev=0 devName=rocep1s0f1 ndevs=1 nmdevs=1 qp_num=10342 pkey=0 pd=0xf6a430041ea0 oooRq=0
spark:247:279 [0] NCCL INFO NET/IB: ncclIbReceiverQpsCreateToRts: QP created: port=1 dev=0 devName=rocep1s0f1 ndevs=1 nmdevs=1 qp_num=10343 pkey=0 pd=0xf6a430041ea0 oooRq=0
spark:247:279 [0] NCCL INFO NET/IB: ncclIbReceiverQpsCreateToRts: Flush QP created: port=1 dev=0 devName=rocep1s0f1 ndevs=1 nmdevs=1 qp_num=10344 pkey=0 pd=0xf6a430041ea0
spark:247:279 [0] NCCL INFO NET/IB: ncclIbSenderQpsCreate: QP created: port=1 dev=0 devName=rocep1s0f1 ndevs=1 nmdevs=1 qp_num=10345 pkey=0 pd=0xf6a430041ea0 oooRq=0
spark:247:279 [0] NCCL INFO NET/IB: ncclIbSenderQpsCreate: QP created: port=1 dev=0 devName=rocep1s0f1 ndevs=1 nmdevs=1 qp_num=10346 pkey=0 pd=0xf6a430041ea0 oooRq=0
spark:247:279 [0] NCCL INFO NET/IB: ncclIbSenderQpsCreate: QP created: port=1 dev=0 devName=rocep1s0f1 ndevs=1 nmdevs=1 qp_num=10347 pkey=0 pd=0xf6a430041ea0 oooRq=0
spark:247:279 [0] NCCL INFO NET/IB: ncclIbSenderQpsCreate: QP created: port=1 dev=0 devName=rocep1s0f1 ndevs=1 nmdevs=1 qp_num=10348 pkey=0 pd=0xf6a430041ea0 oooRq=0
spark:247:279 [0] NCCL INFO NET/IB: ncclIbConnectImpl: NCCL Dev 0 IbDev 0 Port 1 qp_num 10345 mtu 5 GID 3 (0/164A8C0FFFF0000) ctsFifoRkey=0x19e7e4 ctsFifoLkey=0x19e7e4
spark:247:279 [0] NCCL INFO NET/IB: ncclIbConnectImpl: IbDev 0 Port 1 qp_num 10345 query_ece={supported=1, vendor_id=0x15b3, options=0x30000002, comp_mask=0x0}
spark:247:279 [0] NCCL INFO NET/IB: ncclIbConnectImpl: NCCL Dev 0 IbDev 0 Port 1 qp_num 10346 mtu 5 GID 3 (0/164A8C0FFFF0000) ctsFifoRkey=0x19e7e4 ctsFifoLkey=0x19e7e4
spark:247:279 [0] NCCL INFO NET/IB: ncclIbConnectImpl: IbDev 0 Port 1 qp_num 10346 query_ece={supported=1, vendor_id=0x15b3, options=0x30000002, comp_mask=0x0}
spark:247:279 [0] NCCL INFO NET/IB: ncclIbConnectImpl: NCCL Dev 0 IbDev 0 Port 1 qp_num 10347 mtu 5 GID 3 (0/164A8C0FFFF0000) ctsFifoRkey=0x19e7e4 ctsFifoLkey=0x19e7e4
spark:247:279 [0] NCCL INFO NET/IB: ncclIbConnectImpl: IbDev 0 Port 1 qp_num 10347 query_ece={supported=1, vendor_id=0x15b3, options=0x30000002, comp_mask=0x0}
spark:247:279 [0] NCCL INFO NET/IB: ncclIbConnectImpl: NCCL Dev 0 IbDev 0 Port 1 qp_num 10348 mtu 5 GID 3 (0/164A8C0FFFF0000) ctsFifoRkey=0x19e7e4 ctsFifoLkey=0x19e7e4
spark:247:279 [0] NCCL INFO NET/IB: ncclIbConnectImpl: IbDev 0 Port 1 qp_num 10348 query_ece={supported=1, vendor_id=0x15b3, options=0x30000002, comp_mask=0x0}
spark:247:279 [0] NCCL INFO NET/IB: ncclIbReceiverQpsCreateToRts: QP created: port=1 dev=0 devName=rocep1s0f1 ndevs=1 nmdevs=1 qp_num=10349 pkey=0 pd=0xf6a430041ea0 oooRq=0
spark:247:279 [0] NCCL INFO NET/IB: ncclIbReceiverQpsCreateToRts: QP created: port=1 dev=0 devName=rocep1s0f1 ndevs=1 nmdevs=1 qp_num=10350 pkey=0 pd=0xf6a430041ea0 oooRq=0
spark:247:279 [0] NCCL INFO NET/IB: ncclIbReceiverQpsCreateToRts: QP created: port=1 dev=0 devName=rocep1s0f1 ndevs=1 nmdevs=1 qp_num=10351 pkey=0 pd=0xf6a430041ea0 oooRq=0
spark:247:279 [0] NCCL INFO NET/IB: ncclIbReceiverQpsCreateToRts: QP created: port=1 dev=0 devName=rocep1s0f1 ndevs=1 nmdevs=1 qp_num=10352 pkey=0 pd=0xf6a430041ea0 oooRq=0
spark:247:279 [0] NCCL INFO NET/IB: ncclIbReceiverQpsCreateToRts: Flush QP created: port=1 dev=0 devName=rocep1s0f1 ndevs=1 nmdevs=1 qp_num=10353 pkey=0 pd=0xf6a430041ea0
spark:247:279 [0] NCCL INFO NET/IB: ncclIbSenderQpsCreate: QP created: port=1 dev=0 devName=rocep1s0f1 ndevs=1 nmdevs=1 qp_num=10354 pkey=0 pd=0xf6a430041ea0 oooRq=0
spark:247:279 [0] NCCL INFO NET/IB: ncclIbSenderQpsCreate: QP created: port=1 dev=0 devName=rocep1s0f1 ndevs=1 nmdevs=1 qp_num=10355 pkey=0 pd=0xf6a430041ea0 oooRq=0
spark:247:279 [0] NCCL INFO NET/IB: ncclIbSenderQpsCreate: QP created: port=1 dev=0 devName=rocep1s0f1 ndevs=1 nmdevs=1 qp_num=10356 pkey=0 pd=0xf6a430041ea0 oooRq=0
spark:247:279 [0] NCCL INFO NET/IB: ncclIbSenderQpsCreate: QP created: port=1 dev=0 devName=rocep1s0f1 ndevs=1 nmdevs=1 qp_num=10357 pkey=0 pd=0xf6a430041ea0 oooRq=0
spark:247:279 [0] NCCL INFO NET/IB: ncclIbConnectImpl: NCCL Dev 0 IbDev 0 Port 1 qp_num 10354 mtu 5 GID 3 (0/164A8C0FFFF0000) ctsFifoRkey=0x1a2b28 ctsFifoLkey=0x1a2b28
spark:247:279 [0] NCCL INFO NET/IB: ncclIbConnectImpl: IbDev 0 Port 1 qp_num 10354 query_ece={supported=1, vendor_id=0x15b3, options=0x30000002, comp_mask=0x0}
spark:247:279 [0] NCCL INFO NET/IB: ncclIbConnectImpl: NCCL Dev 0 IbDev 0 Port 1 qp_num 10355 mtu 5 GID 3 (0/164A8C0FFFF0000) ctsFifoRkey=0x1a2b28 ctsFifoLkey=0x1a2b28
spark:247:279 [0] NCCL INFO NET/IB: ncclIbConnectImpl: IbDev 0 Port 1 qp_num 10355 query_ece={supported=1, vendor_id=0x15b3, options=0x30000002, comp_mask=0x0}
spark:247:279 [0] NCCL INFO NET/IB: ncclIbConnectImpl: NCCL Dev 0 IbDev 0 Port 1 qp_num 10356 mtu 5 GID 3 (0/164A8C0FFFF0000) ctsFifoRkey=0x1a2b28 ctsFifoLkey=0x1a2b28
spark:247:279 [0] NCCL INFO NET/IB: ncclIbConnectImpl: IbDev 0 Port 1 qp_num 10356 query_ece={supported=1, vendor_id=0x15b3, options=0x30000002, comp_mask=0x0}
spark:247:279 [0] NCCL INFO NET/IB: ncclIbConnectImpl: NCCL Dev 0 IbDev 0 Port 1 qp_num 10357 mtu 5 GID 3 (0/164A8C0FFFF0000) ctsFifoRkey=0x1a2b28 ctsFifoLkey=0x1a2b28
spark:247:279 [0] NCCL INFO NET/IB: ncclIbConnectImpl: IbDev 0 Port 1 qp_num 10357 query_ece={supported=1, vendor_id=0x15b3, options=0x30000002, comp_mask=0x0}
spark:247:279 [0] NCCL INFO NET/IB: ncclIbReceiverQpsCreateToRts: QP created: port=1 dev=0 devName=rocep1s0f1 ndevs=1 nmdevs=1 qp_num=10358 pkey=0 pd=0xf6a430041ea0 oooRq=0
spark:247:279 [0] NCCL INFO NET/IB: ncclIbReceiverQpsCreateToRts: QP created: port=1 dev=0 devName=rocep1s0f1 ndevs=1 nmdevs=1 qp_num=10359 pkey=0 pd=0xf6a430041ea0 oooRq=0
spark:247:279 [0] NCCL INFO NET/IB: ncclIbReceiverQpsCreateToRts: QP created: port=1 dev=0 devName=rocep1s0f1 ndevs=1 nmdevs=1 qp_num=10360 pkey=0 pd=0xf6a430041ea0 oooRq=0
spark:247:279 [0] NCCL INFO NET/IB: ncclIbReceiverQpsCreateToRts: QP created: port=1 dev=0 devName=rocep1s0f1 ndevs=1 nmdevs=1 qp_num=10361 pkey=0 pd=0xf6a430041ea0 oooRq=0
spark:247:279 [0] NCCL INFO NET/IB: ncclIbReceiverQpsCreateToRts: Flush QP created: port=1 dev=0 devName=rocep1s0f1 ndevs=1 nmdevs=1 qp_num=10362 pkey=0 pd=0xf6a430041ea0
spark:247:279 [0] NCCL INFO NET/IB: ncclIbSenderQpsCreate: QP created: port=1 dev=0 devName=rocep1s0f1 ndevs=1 nmdevs=1 qp_num=10363 pkey=0 pd=0xf6a430041ea0 oooRq=0
spark:247:279 [0] NCCL INFO NET/IB: ncclIbSenderQpsCreate: QP created: port=1 dev=0 devName=rocep1s0f1 ndevs=1 nmdevs=1 qp_num=10364 pkey=0 pd=0xf6a430041ea0 oooRq=0
spark:247:279 [0] NCCL INFO NET/IB: ncclIbSenderQpsCreate: QP created: port=1 dev=0 devName=rocep1s0f1 ndevs=1 nmdevs=1 qp_num=10365 pkey=0 pd=0xf6a430041ea0 oooRq=0
spark:247:279 [0] NCCL INFO NET/IB: ncclIbSenderQpsCreate: QP created: port=1 dev=0 devName=rocep1s0f1 ndevs=1 nmdevs=1 qp_num=10366 pkey=0 pd=0xf6a430041ea0 oooRq=0
spark:247:279 [0] NCCL INFO NET/IB: ncclIbConnectImpl: NCCL Dev 0 IbDev 0 Port 1 qp_num 10363 mtu 5 GID 3 (0/164A8C0FFFF0000) ctsFifoRkey=0x1a5e5b ctsFifoLkey=0x1a5e5b
spark:247:279 [0] NCCL INFO NET/IB: ncclIbConnectImpl: IbDev 0 Port 1 qp_num 10363 query_ece={supported=1, vendor_id=0x15b3, options=0x30000002, comp_mask=0x0}
spark:247:279 [0] NCCL INFO NET/IB: ncclIbConnectImpl: NCCL Dev 0 IbDev 0 Port 1 qp_num 10364 mtu 5 GID 3 (0/164A8C0FFFF0000) ctsFifoRkey=0x1a5e5b ctsFifoLkey=0x1a5e5b
spark:247:279 [0] NCCL INFO NET/IB: ncclIbConnectImpl: IbDev 0 Port 1 qp_num 10364 query_ece={supported=1, vendor_id=0x15b3, options=0x30000002, comp_mask=0x0}
spark:247:279 [0] NCCL INFO NET/IB: ncclIbConnectImpl: NCCL Dev 0 IbDev 0 Port 1 qp_num 10365 mtu 5 GID 3 (0/164A8C0FFFF0000) ctsFifoRkey=0x1a5e5b ctsFifoLkey=0x1a5e5b
spark:247:279 [0] NCCL INFO NET/IB: ncclIbConnectImpl: IbDev 0 Port 1 qp_num 10365 query_ece={supported=1, vendor_id=0x15b3, options=0x30000002, comp_mask=0x0}
spark:247:279 [0] NCCL INFO NET/IB: ncclIbConnectImpl: NCCL Dev 0 IbDev 0 Port 1 qp_num 10366 mtu 5 GID 3 (0/164A8C0FFFF0000) ctsFifoRkey=0x1a5e5b ctsFifoLkey=0x1a5e5b
spark:247:279 [0] NCCL INFO NET/IB: ncclIbConnectImpl: IbDev 0 Port 1 qp_num 10366 query_ece={supported=1, vendor_id=0x15b3, options=0x30000002, comp_mask=0x0}
spark:247:279 [0] NCCL INFO NET/IB: ncclIbReceiverQpsCreateToRts: QP created: port=1 dev=0 devName=rocep1s0f1 ndevs=1 nmdevs=1 qp_num=10367 pkey=0 pd=0xf6a430041ea0 oooRq=0
spark:247:279 [0] NCCL INFO NET/IB: ncclIbReceiverQpsCreateToRts: QP created: port=1 dev=0 devName=rocep1s0f1 ndevs=1 nmdevs=1 qp_num=10368 pkey=0 pd=0xf6a430041ea0 oooRq=0
spark:247:279 [0] NCCL INFO NET/IB: ncclIbReceiverQpsCreateToRts: QP created: port=1 dev=0 devName=rocep1s0f1 ndevs=1 nmdevs=1 qp_num=10369 pkey=0 pd=0xf6a430041ea0 oooRq=0
spark:247:279 [0] NCCL INFO NET/IB: ncclIbReceiverQpsCreateToRts: QP created: port=1 dev=0 devName=rocep1s0f1 ndevs=1 nmdevs=1 qp_num=10370 pkey=0 pd=0xf6a430041ea0 oooRq=0
spark:247:279 [0] NCCL INFO NET/IB: ncclIbReceiverQpsCreateToRts: Flush QP created: port=1 dev=0 devName=rocep1s0f1 ndevs=1 nmdevs=1 qp_num=10371 pkey=0 pd=0xf6a430041ea0
spark:247:279 [0] NCCL INFO NET/IB: ncclIbSenderQpsCreate: QP created: port=1 dev=0 devName=rocep1s0f1 ndevs=1 nmdevs=1 qp_num=10372 pkey=0 pd=0xf6a430041ea0 oooRq=0
spark:247:279 [0] NCCL INFO NET/IB: ncclIbSenderQpsCreate: QP created: port=1 dev=0 devName=rocep1s0f1 ndevs=1 nmdevs=1 qp_num=10373 pkey=0 pd=0xf6a430041ea0 oooRq=0
spark:247:279 [0] NCCL INFO NET/IB: ncclIbSenderQpsCreate: QP created: port=1 dev=0 devName=rocep1s0f1 ndevs=1 nmdevs=1 qp_num=10374 pkey=0 pd=0xf6a430041ea0 oooRq=0
spark:247:279 [0] NCCL INFO NET/IB: ncclIbSenderQpsCreate: QP created: port=1 dev=0 devName=rocep1s0f1 ndevs=1 nmdevs=1 qp_num=10375 pkey=0 pd=0xf6a430041ea0 oooRq=0
spark:247:279 [0] NCCL INFO NET/IB: ncclIbConnectImpl: NCCL Dev 0 IbDev 0 Port 1 qp_num 10372 mtu 5 GID 3 (0/164A8C0FFFF0000) ctsFifoRkey=0x1a8c8b ctsFifoLkey=0x1a8c8b
spark:247:279 [0] NCCL INFO NET/IB: ncclIbConnectImpl: IbDev 0 Port 1 qp_num 10372 query_ece={supported=1, vendor_id=0x15b3, options=0x30000002, comp_mask=0x0}
spark:247:279 [0] NCCL INFO NET/IB: ncclIbConnectImpl: NCCL Dev 0 IbDev 0 Port 1 qp_num 10373 mtu 5 GID 3 (0/164A8C0FFFF0000) ctsFifoRkey=0x1a8c8b ctsFifoLkey=0x1a8c8b
spark:247:279 [0] NCCL INFO NET/IB: ncclIbConnectImpl: IbDev 0 Port 1 qp_num 10373 query_ece={supported=1, vendor_id=0x15b3, options=0x30000002, comp_mask=0x0}
spark:247:279 [0] NCCL INFO NET/IB: ncclIbConnectImpl: NCCL Dev 0 IbDev 0 Port 1 qp_num 10374 mtu 5 GID 3 (0/164A8C0FFFF0000) ctsFifoRkey=0x1a8c8b ctsFifoLkey=0x1a8c8b
spark:247:279 [0] NCCL INFO NET/IB: ncclIbConnectImpl: IbDev 0 Port 1 qp_num 10374 query_ece={supported=1, vendor_id=0x15b3, options=0x30000002, comp_mask=0x0}
spark:247:279 [0] NCCL INFO NET/IB: ncclIbConnectImpl: NCCL Dev 0 IbDev 0 Port 1 qp_num 10375 mtu 5 GID 3 (0/164A8C0FFFF0000) ctsFifoRkey=0x1a8c8b ctsFifoLkey=0x1a8c8b
spark:247:279 [0] NCCL INFO NET/IB: ncclIbConnectImpl: IbDev 0 Port 1 qp_num 10375 query_ece={supported=1, vendor_id=0x15b3, options=0x30000002, comp_mask=0x0}
spark:247:279 [0] NCCL INFO NET/IB: ncclIbReceiverQpsCreateToRts: QP created: port=1 dev=0 devName=rocep1s0f1 ndevs=1 nmdevs=1 qp_num=10376 pkey=0 pd=0xf6a430041ea0 oooRq=0
spark:247:279 [0] NCCL INFO NET/IB: ncclIbReceiverQpsCreateToRts: QP created: port=1 dev=0 devName=rocep1s0f1 ndevs=1 nmdevs=1 qp_num=10377 pkey=0 pd=0xf6a430041ea0 oooRq=0
spark:247:279 [0] NCCL INFO NET/IB: ncclIbReceiverQpsCreateToRts: QP created: port=1 dev=0 devName=rocep1s0f1 ndevs=1 nmdevs=1 qp_num=10378 pkey=0 pd=0xf6a430041ea0 oooRq=0
spark:247:279 [0] NCCL INFO NET/IB: ncclIbReceiverQpsCreateToRts: QP created: port=1 dev=0 devName=rocep1s0f1 ndevs=1 nmdevs=1 qp_num=10379 pkey=0 pd=0xf6a430041ea0 oooRq=0
spark:247:279 [0] NCCL INFO NET/IB: ncclIbReceiverQpsCreateToRts: Flush QP created: port=1 dev=0 devName=rocep1s0f1 ndevs=1 nmdevs=1 qp_num=10380 pkey=0 pd=0xf6a430041ea0
spark:247:279 [0] NCCL INFO NET/IB: ncclIbSenderQpsCreate: QP created: port=1 dev=0 devName=rocep1s0f1 ndevs=1 nmdevs=1 qp_num=10381 pkey=0 pd=0xf6a430041ea0 oooRq=0
spark:247:279 [0] NCCL INFO NET/IB: ncclIbSenderQpsCreate: QP created: port=1 dev=0 devName=rocep1s0f1 ndevs=1 nmdevs=1 qp_num=10382 pkey=0 pd=0xf6a430041ea0 oooRq=0
spark:247:279 [0] NCCL INFO NET/IB: ncclIbSenderQpsCreate: QP created: port=1 dev=0 devName=rocep1s0f1 ndevs=1 nmdevs=1 qp_num=10383 pkey=0 pd=0xf6a430041ea0 oooRq=0
spark:247:279 [0] NCCL INFO NET/IB: ncclIbSenderQpsCreate: QP created: port=1 dev=0 devName=rocep1s0f1 ndevs=1 nmdevs=1 qp_num=10384 pkey=0 pd=0xf6a430041ea0 oooRq=0
spark:247:279 [0] NCCL INFO NET/IB: ncclIbConnectImpl: NCCL Dev 0 IbDev 0 Port 1 qp_num 10381 mtu 5 GID 3 (0/164A8C0FFFF0000) ctsFifoRkey=0x2208ab ctsFifoLkey=0x2208ab
spark:247:279 [0] NCCL INFO NET/IB: ncclIbConnectImpl: IbDev 0 Port 1 qp_num 10381 query_ece={supported=1, vendor_id=0x15b3, options=0x30000002, comp_mask=0x0}
spark:247:279 [0] NCCL INFO NET/IB: ncclIbConnectImpl: NCCL Dev 0 IbDev 0 Port 1 qp_num 10382 mtu 5 GID 3 (0/164A8C0FFFF0000) ctsFifoRkey=0x2208ab ctsFifoLkey=0x2208ab
spark:247:279 [0] NCCL INFO NET/IB: ncclIbConnectImpl: IbDev 0 Port 1 qp_num 10382 query_ece={supported=1, vendor_id=0x15b3, options=0x30000002, comp_mask=0x0}
spark:247:279 [0] NCCL INFO NET/IB: ncclIbConnectImpl: NCCL Dev 0 IbDev 0 Port 1 qp_num 10383 mtu 5 GID 3 (0/164A8C0FFFF0000) ctsFifoRkey=0x2208ab ctsFifoLkey=0x2208ab
spark:247:279 [0] NCCL INFO NET/IB: ncclIbConnectImpl: IbDev 0 Port 1 qp_num 10383 query_ece={supported=1, vendor_id=0x15b3, options=0x30000002, comp_mask=0x0}
spark:247:279 [0] NCCL INFO NET/IB: ncclIbConnectImpl: NCCL Dev 0 IbDev 0 Port 1 qp_num 10384 mtu 5 GID 3 (0/164A8C0FFFF0000) ctsFifoRkey=0x2208ab ctsFifoLkey=0x2208ab
spark:247:279 [0] NCCL INFO NET/IB: ncclIbConnectImpl: IbDev 0 Port 1 qp_num 10384 query_ece={supported=1, vendor_id=0x15b3, options=0x30000002, comp_mask=0x0}
spark:247:279 [0] NCCL INFO NET/IB: ncclIbReceiverQpsCreateToRts: QP created: port=1 dev=0 devName=rocep1s0f1 ndevs=1 nmdevs=1 qp_num=10385 pkey=0 pd=0xf6a430041ea0 oooRq=0
spark:247:279 [0] NCCL INFO NET/IB: ncclIbReceiverQpsCreateToRts: QP created: port=1 dev=0 devName=rocep1s0f1 ndevs=1 nmdevs=1 qp_num=10386 pkey=0 pd=0xf6a430041ea0 oooRq=0
spark:247:279 [0] NCCL INFO NET/IB: ncclIbReceiverQpsCreateToRts: QP created: port=1 dev=0 devName=rocep1s0f1 ndevs=1 nmdevs=1 qp_num=10387 pkey=0 pd=0xf6a430041ea0 oooRq=0
spark:247:279 [0] NCCL INFO NET/IB: ncclIbReceiverQpsCreateToRts: QP created: port=1 dev=0 devName=rocep1s0f1 ndevs=1 nmdevs=1 qp_num=10388 pkey=0 pd=0xf6a430041ea0 oooRq=0
spark:247:279 [0] NCCL INFO NET/IB: ncclIbReceiverQpsCreateToRts: Flush QP created: port=1 dev=0 devName=rocep1s0f1 ndevs=1 nmdevs=1 qp_num=10389 pkey=0 pd=0xf6a430041ea0
spark:247:279 [0] NCCL INFO NET/IB: ncclIbSenderQpsCreate: QP created: port=1 dev=0 devName=rocep1s0f1 ndevs=1 nmdevs=1 qp_num=10390 pkey=0 pd=0xf6a430041ea0 oooRq=0
spark:247:279 [0] NCCL INFO NET/IB: ncclIbSenderQpsCreate: QP created: port=1 dev=0 devName=rocep1s0f1 ndevs=1 nmdevs=1 qp_num=10391 pkey=0 pd=0xf6a430041ea0 oooRq=0
spark:247:279 [0] NCCL INFO NET/IB: ncclIbSenderQpsCreate: QP created: port=1 dev=0 devName=rocep1s0f1 ndevs=1 nmdevs=1 qp_num=10392 pkey=0 pd=0xf6a430041ea0 oooRq=0
spark:247:279 [0] NCCL INFO NET/IB: ncclIbSenderQpsCreate: QP created: port=1 dev=0 devName=rocep1s0f1 ndevs=1 nmdevs=1 qp_num=10393 pkey=0 pd=0xf6a430041ea0 oooRq=0
spark:247:279 [0] NCCL INFO NET/IB: ncclIbConnectImpl: NCCL Dev 0 IbDev 0 Port 1 qp_num 10390 mtu 5 GID 3 (0/164A8C0FFFF0000) ctsFifoRkey=0x2206a9 ctsFifoLkey=0x2206a9
spark:247:279 [0] NCCL INFO NET/IB: ncclIbConnectImpl: IbDev 0 Port 1 qp_num 10390 query_ece={supported=1, vendor_id=0x15b3, options=0x30000002, comp_mask=0x0}
spark:247:279 [0] NCCL INFO NET/IB: ncclIbConnectImpl: NCCL Dev 0 IbDev 0 Port 1 qp_num 10391 mtu 5 GID 3 (0/164A8C0FFFF0000) ctsFifoRkey=0x2206a9 ctsFifoLkey=0x2206a9
spark:247:279 [0] NCCL INFO NET/IB: ncclIbConnectImpl: IbDev 0 Port 1 qp_num 10391 query_ece={supported=1, vendor_id=0x15b3, options=0x30000002, comp_mask=0x0}
spark:247:279 [0] NCCL INFO NET/IB: ncclIbConnectImpl: NCCL Dev 0 IbDev 0 Port 1 qp_num 10392 mtu 5 GID 3 (0/164A8C0FFFF0000) ctsFifoRkey=0x2206a9 ctsFifoLkey=0x2206a9
spark:247:279 [0] NCCL INFO NET/IB: ncclIbConnectImpl: IbDev 0 Port 1 qp_num 10392 query_ece={supported=1, vendor_id=0x15b3, options=0x30000002, comp_mask=0x0}
spark:247:279 [0] NCCL INFO NET/IB: ncclIbConnectImpl: NCCL Dev 0 IbDev 0 Port 1 qp_num 10393 mtu 5 GID 3 (0/164A8C0FFFF0000) ctsFifoRkey=0x2206a9 ctsFifoLkey=0x2206a9
spark:247:279 [0] NCCL INFO NET/IB: ncclIbConnectImpl: IbDev 0 Port 1 qp_num 10393 query_ece={supported=1, vendor_id=0x15b3, options=0x30000002, comp_mask=0x0}
spark:247:279 [0] NCCL INFO NET/IB: ncclIbReceiverQpsCreateToRts: QP created: port=1 dev=0 devName=rocep1s0f1 ndevs=1 nmdevs=1 qp_num=10394 pkey=0 pd=0xf6a430041ea0 oooRq=0
spark:247:279 [0] NCCL INFO NET/IB: ncclIbReceiverQpsCreateToRts: QP created: port=1 dev=0 devName=rocep1s0f1 ndevs=1 nmdevs=1 qp_num=10395 pkey=0 pd=0xf6a430041ea0 oooRq=0
spark:247:279 [0] NCCL INFO NET/IB: ncclIbReceiverQpsCreateToRts: QP created: port=1 dev=0 devName=rocep1s0f1 ndevs=1 nmdevs=1 qp_num=10396 pkey=0 pd=0xf6a430041ea0 oooRq=0
spark:247:279 [0] NCCL INFO NET/IB: ncclIbReceiverQpsCreateToRts: QP created: port=1 dev=0 devName=rocep1s0f1 ndevs=1 nmdevs=1 qp_num=10397 pkey=0 pd=0xf6a430041ea0 oooRq=0
spark:247:279 [0] NCCL INFO NET/IB: ncclIbReceiverQpsCreateToRts: Flush QP created: port=1 dev=0 devName=rocep1s0f1 ndevs=1 nmdevs=1 qp_num=10398 pkey=0 pd=0xf6a430041ea0
spark:247:279 [0] NCCL INFO NET/IB: ncclIbSenderQpsCreate: QP created: port=1 dev=0 devName=rocep1s0f1 ndevs=1 nmdevs=1 qp_num=10399 pkey=0 pd=0xf6a430041ea0 oooRq=0
spark:247:279 [0] NCCL INFO NET/IB: ncclIbSenderQpsCreate: QP created: port=1 dev=0 devName=rocep1s0f1 ndevs=1 nmdevs=1 qp_num=10400 pkey=0 pd=0xf6a430041ea0 oooRq=0
spark:247:279 [0] NCCL INFO NET/IB: ncclIbSenderQpsCreate: QP created: port=1 dev=0 devName=rocep1s0f1 ndevs=1 nmdevs=1 qp_num=10401 pkey=0 pd=0xf6a430041ea0 oooRq=0
spark:247:279 [0] NCCL INFO NET/IB: ncclIbSenderQpsCreate: QP created: port=1 dev=0 devName=rocep1s0f1 ndevs=1 nmdevs=1 qp_num=10402 pkey=0 pd=0xf6a430041ea0 oooRq=0
spark:247:279 [0] NCCL INFO NET/IB: ncclIbConnectImpl: NCCL Dev 0 IbDev 0 Port 1 qp_num 10399 mtu 5 GID 3 (0/164A8C0FFFF0000) ctsFifoRkey=0x2204a7 ctsFifoLkey=0x2204a7
spark:247:279 [0] NCCL INFO NET/IB: ncclIbConnectImpl: IbDev 0 Port 1 qp_num 10399 query_ece={supported=1, vendor_id=0x15b3, options=0x30000002, comp_mask=0x0}
spark:247:279 [0] NCCL INFO NET/IB: ncclIbConnectImpl: NCCL Dev 0 IbDev 0 Port 1 qp_num 10400 mtu 5 GID 3 (0/164A8C0FFFF0000) ctsFifoRkey=0x2204a7 ctsFifoLkey=0x2204a7
spark:247:279 [0] NCCL INFO NET/IB: ncclIbConnectImpl: IbDev 0 Port 1 qp_num 10400 query_ece={supported=1, vendor_id=0x15b3, options=0x30000002, comp_mask=0x0}
spark:247:279 [0] NCCL INFO NET/IB: ncclIbConnectImpl: NCCL Dev 0 IbDev 0 Port 1 qp_num 10401 mtu 5 GID 3 (0/164A8C0FFFF0000) ctsFifoRkey=0x2204a7 ctsFifoLkey=0x2204a7
spark:247:279 [0] NCCL INFO NET/IB: ncclIbConnectImpl: IbDev 0 Port 1 qp_num 10401 query_ece={supported=1, vendor_id=0x15b3, options=0x30000002, comp_mask=0x0}
spark:247:279 [0] NCCL INFO NET/IB: ncclIbConnectImpl: NCCL Dev 0 IbDev 0 Port 1 qp_num 10402 mtu 5 GID 3 (0/164A8C0FFFF0000) ctsFifoRkey=0x2204a7 ctsFifoLkey=0x2204a7
spark:247:279 [0] NCCL INFO NET/IB: ncclIbConnectImpl: IbDev 0 Port 1 qp_num 10402 query_ece={supported=1, vendor_id=0x15b3, options=0x30000002, comp_mask=0x0}
spark:247:279 [0] NCCL INFO NET/IB: ncclIbReceiverQpsCreateToRts: QP created: port=1 dev=0 devName=rocep1s0f1 ndevs=1 nmdevs=1 qp_num=10403 pkey=0 pd=0xf6a430041ea0 oooRq=0
spark:247:279 [0] NCCL INFO NET/IB: ncclIbReceiverQpsCreateToRts: QP created: port=1 dev=0 devName=rocep1s0f1 ndevs=1 nmdevs=1 qp_num=10404 pkey=0 pd=0xf6a430041ea0 oooRq=0
spark:247:279 [0] NCCL INFO NET/IB: ncclIbReceiverQpsCreateToRts: QP created: port=1 dev=0 devName=rocep1s0f1 ndevs=1 nmdevs=1 qp_num=10405 pkey=0 pd=0xf6a430041ea0 oooRq=0
spark:247:279 [0] NCCL INFO NET/IB: ncclIbReceiverQpsCreateToRts: QP created: port=1 dev=0 devName=rocep1s0f1 ndevs=1 nmdevs=1 qp_num=10406 pkey=0 pd=0xf6a430041ea0 oooRq=0
spark:247:279 [0] NCCL INFO NET/IB: ncclIbReceiverQpsCreateToRts: Flush QP created: port=1 dev=0 devName=rocep1s0f1 ndevs=1 nmdevs=1 qp_num=10407 pkey=0 pd=0xf6a430041ea0
spark:247:279 [0] NCCL INFO NET/IB: ncclIbSenderQpsCreate: QP created: port=1 dev=0 devName=rocep1s0f1 ndevs=1 nmdevs=1 qp_num=10408 pkey=0 pd=0xf6a430041ea0 oooRq=0
spark:247:279 [0] NCCL INFO NET/IB: ncclIbSenderQpsCreate: QP created: port=1 dev=0 devName=rocep1s0f1 ndevs=1 nmdevs=1 qp_num=10409 pkey=0 pd=0xf6a430041ea0 oooRq=0
spark:247:279 [0] NCCL INFO NET/IB: ncclIbSenderQpsCreate: QP created: port=1 dev=0 devName=rocep1s0f1 ndevs=1 nmdevs=1 qp_num=10410 pkey=0 pd=0xf6a430041ea0 oooRq=0
spark:247:279 [0] NCCL INFO NET/IB: ncclIbSenderQpsCreate: QP created: port=1 dev=0 devName=rocep1s0f1 ndevs=1 nmdevs=1 qp_num=10411 pkey=0 pd=0xf6a430041ea0 oooRq=0
spark:247:279 [0] NCCL INFO NET/IB: ncclIbConnectImpl: NCCL Dev 0 IbDev 0 Port 1 qp_num 10408 mtu 5 GID 3 (0/164A8C0FFFF0000) ctsFifoRkey=0x2201a5 ctsFifoLkey=0x2201a5
spark:247:279 [0] NCCL INFO NET/IB: ncclIbConnectImpl: IbDev 0 Port 1 qp_num 10408 query_ece={supported=1, vendor_id=0x15b3, options=0x30000002, comp_mask=0x0}
spark:247:279 [0] NCCL INFO NET/IB: ncclIbConnectImpl: NCCL Dev 0 IbDev 0 Port 1 qp_num 10409 mtu 5 GID 3 (0/164A8C0FFFF0000) ctsFifoRkey=0x2201a5 ctsFifoLkey=0x2201a5
spark:247:279 [0] NCCL INFO NET/IB: ncclIbConnectImpl: IbDev 0 Port 1 qp_num 10409 query_ece={supported=1, vendor_id=0x15b3, options=0x30000002, comp_mask=0x0}
spark:247:279 [0] NCCL INFO NET/IB: ncclIbConnectImpl: NCCL Dev 0 IbDev 0 Port 1 qp_num 10410 mtu 5 GID 3 (0/164A8C0FFFF0000) ctsFifoRkey=0x2201a5 ctsFifoLkey=0x2201a5
spark:247:279 [0] NCCL INFO NET/IB: ncclIbConnectImpl: IbDev 0 Port 1 qp_num 10410 query_ece={supported=1, vendor_id=0x15b3, options=0x30000002, comp_mask=0x0}
spark:247:279 [0] NCCL INFO NET/IB: ncclIbConnectImpl: NCCL Dev 0 IbDev 0 Port 1 qp_num 10411 mtu 5 GID 3 (0/164A8C0FFFF0000) ctsFifoRkey=0x2201a5 ctsFifoLkey=0x2201a5
spark:247:279 [0] NCCL INFO NET/IB: ncclIbConnectImpl: IbDev 0 Port 1 qp_num 10411 query_ece={supported=1, vendor_id=0x15b3, options=0x30000002, comp_mask=0x0}
spark:247:279 [0] NCCL INFO NET/IB: ncclIbReceiverQpsCreateToRts: QP created: port=1 dev=0 devName=rocep1s0f1 ndevs=1 nmdevs=1 qp_num=10412 pkey=0 pd=0xf6a430041ea0 oooRq=0
spark:247:279 [0] NCCL INFO NET/IB: ncclIbReceiverQpsCreateToRts: QP created: port=1 dev=0 devName=rocep1s0f1 ndevs=1 nmdevs=1 qp_num=10413 pkey=0 pd=0xf6a430041ea0 oooRq=0
spark:247:279 [0] NCCL INFO NET/IB: ncclIbReceiverQpsCreateToRts: QP created: port=1 dev=0 devName=rocep1s0f1 ndevs=1 nmdevs=1 qp_num=10414 pkey=0 pd=0xf6a430041ea0 oooRq=0
spark:247:279 [0] NCCL INFO NET/IB: ncclIbReceiverQpsCreateToRts: QP created: port=1 dev=0 devName=rocep1s0f1 ndevs=1 nmdevs=1 qp_num=10415 pkey=0 pd=0xf6a430041ea0 oooRq=0
spark:247:279 [0] NCCL INFO NET/IB: ncclIbReceiverQpsCreateToRts: Flush QP created: port=1 dev=0 devName=rocep1s0f1 ndevs=1 nmdevs=1 qp_num=10416 pkey=0 pd=0xf6a430041ea0
spark:247:279 [0] NCCL INFO NET/IB: ncclIbSenderQpsCreate: QP created: port=1 dev=0 devName=rocep1s0f1 ndevs=1 nmdevs=1 qp_num=10417 pkey=0 pd=0xf6a430041ea0 oooRq=0
spark:247:279 [0] NCCL INFO NET/IB: ncclIbSenderQpsCreate: QP created: port=1 dev=0 devName=rocep1s0f1 ndevs=1 nmdevs=1 qp_num=10418 pkey=0 pd=0xf6a430041ea0 oooRq=0
spark:247:279 [0] NCCL INFO NET/IB: ncclIbSenderQpsCreate: QP created: port=1 dev=0 devName=rocep1s0f1 ndevs=1 nmdevs=1 qp_num=10419 pkey=0 pd=0xf6a430041ea0 oooRq=0
spark:247:279 [0] NCCL INFO NET/IB: ncclIbSenderQpsCreate: QP created: port=1 dev=0 devName=rocep1s0f1 ndevs=1 nmdevs=1 qp_num=10420 pkey=0 pd=0xf6a430041ea0 oooRq=0
spark:247:279 [0] NCCL INFO NET/IB: ncclIbConnectImpl: NCCL Dev 0 IbDev 0 Port 1 qp_num 10417 mtu 5 GID 3 (0/164A8C0FFFF0000) ctsFifoRkey=0x21ffa3 ctsFifoLkey=0x21ffa3
spark:247:279 [0] NCCL INFO NET/IB: ncclIbConnectImpl: IbDev 0 Port 1 qp_num 10417 query_ece={supported=1, vendor_id=0x15b3, options=0x30000002, comp_mask=0x0}
spark:247:279 [0] NCCL INFO NET/IB: ncclIbConnectImpl: NCCL Dev 0 IbDev 0 Port 1 qp_num 10418 mtu 5 GID 3 (0/164A8C0FFFF0000) ctsFifoRkey=0x21ffa3 ctsFifoLkey=0x21ffa3
spark:247:279 [0] NCCL INFO NET/IB: ncclIbConnectImpl: IbDev 0 Port 1 qp_num 10418 query_ece={supported=1, vendor_id=0x15b3, options=0x30000002, comp_mask=0x0}
spark:247:279 [0] NCCL INFO NET/IB: ncclIbConnectImpl: NCCL Dev 0 IbDev 0 Port 1 qp_num 10419 mtu 5 GID 3 (0/164A8C0FFFF0000) ctsFifoRkey=0x21ffa3 ctsFifoLkey=0x21ffa3
spark:247:279 [0] NCCL INFO NET/IB: ncclIbConnectImpl: IbDev 0 Port 1 qp_num 10419 query_ece={supported=1, vendor_id=0x15b3, options=0x30000002, comp_mask=0x0}
spark:247:279 [0] NCCL INFO NET/IB: ncclIbConnectImpl: NCCL Dev 0 IbDev 0 Port 1 qp_num 10420 mtu 5 GID 3 (0/164A8C0FFFF0000) ctsFifoRkey=0x21ffa3 ctsFifoLkey=0x21ffa3
spark:247:279 [0] NCCL INFO NET/IB: ncclIbConnectImpl: IbDev 0 Port 1 qp_num 10420 query_ece={supported=1, vendor_id=0x15b3, options=0x30000002, comp_mask=0x0}
spark:247:279 [0] NCCL INFO NET/IB: ncclIbReceiverQpsCreateToRts: QP created: port=1 dev=0 devName=rocep1s0f1 ndevs=1 nmdevs=1 qp_num=10421 pkey=0 pd=0xf6a430041ea0 oooRq=0
spark:247:279 [0] NCCL INFO NET/IB: ncclIbReceiverQpsCreateToRts: QP created: port=1 dev=0 devName=rocep1s0f1 ndevs=1 nmdevs=1 qp_num=10422 pkey=0 pd=0xf6a430041ea0 oooRq=0
spark:247:279 [0] NCCL INFO NET/IB: ncclIbReceiverQpsCreateToRts: QP created: port=1 dev=0 devName=rocep1s0f1 ndevs=1 nmdevs=1 qp_num=10423 pkey=0 pd=0xf6a430041ea0 oooRq=0
spark:247:279 [0] NCCL INFO NET/IB: ncclIbReceiverQpsCreateToRts: QP created: port=1 dev=0 devName=rocep1s0f1 ndevs=1 nmdevs=1 qp_num=10424 pkey=0 pd=0xf6a430041ea0 oooRq=0
spark:247:279 [0] NCCL INFO NET/IB: ncclIbReceiverQpsCreateToRts: Flush QP created: port=1 dev=0 devName=rocep1s0f1 ndevs=1 nmdevs=1 qp_num=10425 pkey=0 pd=0xf6a430041ea0
spark:247:279 [0] NCCL INFO NET/IB: ncclIbSenderQpsCreate: QP created: port=1 dev=0 devName=rocep1s0f1 ndevs=1 nmdevs=1 qp_num=10426 pkey=0 pd=0xf6a430041ea0 oooRq=0
spark:247:279 [0] NCCL INFO NET/IB: ncclIbSenderQpsCreate: QP created: port=1 dev=0 devName=rocep1s0f1 ndevs=1 nmdevs=1 qp_num=10427 pkey=0 pd=0xf6a430041ea0 oooRq=0
spark:247:279 [0] NCCL INFO NET/IB: ncclIbSenderQpsCreate: QP created: port=1 dev=0 devName=rocep1s0f1 ndevs=1 nmdevs=1 qp_num=10428 pkey=0 pd=0xf6a430041ea0 oooRq=0
spark:247:279 [0] NCCL INFO NET/IB: ncclIbSenderQpsCreate: QP created: port=1 dev=0 devName=rocep1s0f1 ndevs=1 nmdevs=1 qp_num=10429 pkey=0 pd=0xf6a430041ea0 oooRq=0
spark:247:279 [0] NCCL INFO NET/IB: ncclIbConnectImpl: NCCL Dev 0 IbDev 0 Port 1 qp_num 10426 mtu 5 GID 3 (0/164A8C0FFFF0000) ctsFifoRkey=0x21fda1 ctsFifoLkey=0x21fda1
spark:247:279 [0] NCCL INFO NET/IB: ncclIbConnectImpl: IbDev 0 Port 1 qp_num 10426 query_ece={supported=1, vendor_id=0x15b3, options=0x30000002, comp_mask=0x0}
spark:247:279 [0] NCCL INFO NET/IB: ncclIbConnectImpl: NCCL Dev 0 IbDev 0 Port 1 qp_num 10427 mtu 5 GID 3 (0/164A8C0FFFF0000) ctsFifoRkey=0x21fda1 ctsFifoLkey=0x21fda1
spark:247:279 [0] NCCL INFO NET/IB: ncclIbConnectImpl: IbDev 0 Port 1 qp_num 10427 query_ece={supported=1, vendor_id=0x15b3, options=0x30000002, comp_mask=0x0}
spark:247:279 [0] NCCL INFO NET/IB: ncclIbConnectImpl: NCCL Dev 0 IbDev 0 Port 1 qp_num 10428 mtu 5 GID 3 (0/164A8C0FFFF0000) ctsFifoRkey=0x21fda1 ctsFifoLkey=0x21fda1
spark:247:279 [0] NCCL INFO NET/IB: ncclIbConnectImpl: IbDev 0 Port 1 qp_num 10428 query_ece={supported=1, vendor_id=0x15b3, options=0x30000002, comp_mask=0x0}
spark:247:279 [0] NCCL INFO NET/IB: ncclIbConnectImpl: NCCL Dev 0 IbDev 0 Port 1 qp_num 10429 mtu 5 GID 3 (0/164A8C0FFFF0000) ctsFifoRkey=0x21fda1 ctsFifoLkey=0x21fda1
spark:247:279 [0] NCCL INFO NET/IB: ncclIbConnectImpl: IbDev 0 Port 1 qp_num 10429 query_ece={supported=1, vendor_id=0x15b3, options=0x30000002, comp_mask=0x0}
spark:247:279 [0] NCCL INFO NET/IB: ncclIbReceiverQpsCreateToRts: QP created: port=1 dev=0 devName=rocep1s0f1 ndevs=1 nmdevs=1 qp_num=10430 pkey=0 pd=0xf6a430041ea0 oooRq=0
spark:247:279 [0] NCCL INFO NET/IB: ncclIbReceiverQpsCreateToRts: QP created: port=1 dev=0 devName=rocep1s0f1 ndevs=1 nmdevs=1 qp_num=10431 pkey=0 pd=0xf6a430041ea0 oooRq=0
spark:247:279 [0] NCCL INFO NET/IB: ncclIbReceiverQpsCreateToRts: QP created: port=1 dev=0 devName=rocep1s0f1 ndevs=1 nmdevs=1 qp_num=10432 pkey=0 pd=0xf6a430041ea0 oooRq=0
spark:247:279 [0] NCCL INFO NET/IB: ncclIbReceiverQpsCreateToRts: QP created: port=1 dev=0 devName=rocep1s0f1 ndevs=1 nmdevs=1 qp_num=10433 pkey=0 pd=0xf6a430041ea0 oooRq=0
spark:247:279 [0] NCCL INFO NET/IB: ncclIbReceiverQpsCreateToRts: Flush QP created: port=1 dev=0 devName=rocep1s0f1 ndevs=1 nmdevs=1 qp_num=10434 pkey=0 pd=0xf6a430041ea0
spark:247:279 [0] NCCL INFO NET/IB: ncclIbSenderQpsCreate: QP created: port=1 dev=0 devName=rocep1s0f1 ndevs=1 nmdevs=1 qp_num=10435 pkey=0 pd=0xf6a430041ea0 oooRq=0
spark:247:279 [0] NCCL INFO NET/IB: ncclIbSenderQpsCreate: QP created: port=1 dev=0 devName=rocep1s0f1 ndevs=1 nmdevs=1 qp_num=10436 pkey=0 pd=0xf6a430041ea0 oooRq=0
spark:247:279 [0] NCCL INFO NET/IB: ncclIbSenderQpsCreate: QP created: port=1 dev=0 devName=rocep1s0f1 ndevs=1 nmdevs=1 qp_num=10437 pkey=0 pd=0xf6a430041ea0 oooRq=0
spark:247:279 [0] NCCL INFO NET/IB: ncclIbSenderQpsCreate: QP created: port=1 dev=0 devName=rocep1s0f1 ndevs=1 nmdevs=1 qp_num=10438 pkey=0 pd=0xf6a430041ea0 oooRq=0
spark:247:279 [0] NCCL INFO NET/IB: ncclIbConnectImpl: NCCL Dev 0 IbDev 0 Port 1 qp_num 10435 mtu 5 GID 3 (0/164A8C0FFFF0000) ctsFifoRkey=0x21f99f ctsFifoLkey=0x21f99f
spark:247:279 [0] NCCL INFO NET/IB: ncclIbConnectImpl: IbDev 0 Port 1 qp_num 10435 query_ece={supported=1, vendor_id=0x15b3, options=0x30000002, comp_mask=0x0}
spark:247:279 [0] NCCL INFO NET/IB: ncclIbConnectImpl: NCCL Dev 0 IbDev 0 Port 1 qp_num 10436 mtu 5 GID 3 (0/164A8C0FFFF0000) ctsFifoRkey=0x21f99f ctsFifoLkey=0x21f99f
spark:247:279 [0] NCCL INFO NET/IB: ncclIbConnectImpl: IbDev 0 Port 1 qp_num 10436 query_ece={supported=1, vendor_id=0x15b3, options=0x30000002, comp_mask=0x0}
spark:247:279 [0] NCCL INFO NET/IB: ncclIbConnectImpl: NCCL Dev 0 IbDev 0 Port 1 qp_num 10437 mtu 5 GID 3 (0/164A8C0FFFF0000) ctsFifoRkey=0x21f99f ctsFifoLkey=0x21f99f
spark:247:279 [0] NCCL INFO NET/IB: ncclIbConnectImpl: IbDev 0 Port 1 qp_num 10437 query_ece={supported=1, vendor_id=0x15b3, options=0x30000002, comp_mask=0x0}
spark:247:279 [0] NCCL INFO NET/IB: ncclIbConnectImpl: NCCL Dev 0 IbDev 0 Port 1 qp_num 10438 mtu 5 GID 3 (0/164A8C0FFFF0000) ctsFifoRkey=0x21f99f ctsFifoLkey=0x21f99f
spark:247:279 [0] NCCL INFO NET/IB: ncclIbConnectImpl: IbDev 0 Port 1 qp_num 10438 query_ece={supported=1, vendor_id=0x15b3, options=0x30000002, comp_mask=0x0}
spark:247:279 [0] NCCL INFO NET/IB: ncclIbReceiverQpsCreateToRts: QP created: port=1 dev=0 devName=rocep1s0f1 ndevs=1 nmdevs=1 qp_num=10439 pkey=0 pd=0xf6a430041ea0 oooRq=0
spark:247:279 [0] NCCL INFO NET/IB: ncclIbReceiverQpsCreateToRts: QP created: port=1 dev=0 devName=rocep1s0f1 ndevs=1 nmdevs=1 qp_num=10440 pkey=0 pd=0xf6a430041ea0 oooRq=0
spark:247:279 [0] NCCL INFO NET/IB: ncclIbReceiverQpsCreateToRts: QP created: port=1 dev=0 devName=rocep1s0f1 ndevs=1 nmdevs=1 qp_num=10441 pkey=0 pd=0xf6a430041ea0 oooRq=0
spark:247:279 [0] NCCL INFO NET/IB: ncclIbReceiverQpsCreateToRts: QP created: port=1 dev=0 devName=rocep1s0f1 ndevs=1 nmdevs=1 qp_num=10442 pkey=0 pd=0xf6a430041ea0 oooRq=0
spark:247:279 [0] NCCL INFO NET/IB: ncclIbReceiverQpsCreateToRts: Flush QP created: port=1 dev=0 devName=rocep1s0f1 ndevs=1 nmdevs=1 qp_num=10443 pkey=0 pd=0xf6a430041ea0
spark:247:279 [0] NCCL INFO NET/IB: ncclIbSenderQpsCreate: QP created: port=1 dev=0 devName=rocep1s0f1 ndevs=1 nmdevs=1 qp_num=10444 pkey=0 pd=0xf6a430041ea0 oooRq=0
spark:247:279 [0] NCCL INFO NET/IB: ncclIbSenderQpsCreate: QP created: port=1 dev=0 devName=rocep1s0f1 ndevs=1 nmdevs=1 qp_num=10445 pkey=0 pd=0xf6a430041ea0 oooRq=0
spark:247:279 [0] NCCL INFO NET/IB: ncclIbSenderQpsCreate: QP created: port=1 dev=0 devName=rocep1s0f1 ndevs=1 nmdevs=1 qp_num=10446 pkey=0 pd=0xf6a430041ea0 oooRq=0
spark:247:279 [0] NCCL INFO NET/IB: ncclIbSenderQpsCreate: QP created: port=1 dev=0 devName=rocep1s0f1 ndevs=1 nmdevs=1 qp_num=10447 pkey=0 pd=0xf6a430041ea0 oooRq=0
spark:247:279 [0] NCCL INFO NET/IB: ncclIbConnectImpl: NCCL Dev 0 IbDev 0 Port 1 qp_num 10444 mtu 5 GID 3 (0/164A8C0FFFF0000) ctsFifoRkey=0x21f79d ctsFifoLkey=0x21f79d
spark:247:279 [0] NCCL INFO NET/IB: ncclIbConnectImpl: IbDev 0 Port 1 qp_num 10444 query_ece={supported=1, vendor_id=0x15b3, options=0x30000002, comp_mask=0x0}
spark:247:279 [0] NCCL INFO NET/IB: ncclIbConnectImpl: NCCL Dev 0 IbDev 0 Port 1 qp_num 10445 mtu 5 GID 3 (0/164A8C0FFFF0000) ctsFifoRkey=0x21f79d ctsFifoLkey=0x21f79d
spark:247:279 [0] NCCL INFO NET/IB: ncclIbConnectImpl: IbDev 0 Port 1 qp_num 10445 query_ece={supported=1, vendor_id=0x15b3, options=0x30000002, comp_mask=0x0}
spark:247:279 [0] NCCL INFO NET/IB: ncclIbConnectImpl: NCCL Dev 0 IbDev 0 Port 1 qp_num 10446 mtu 5 GID 3 (0/164A8C0FFFF0000) ctsFifoRkey=0x21f79d ctsFifoLkey=0x21f79d
spark:247:279 [0] NCCL INFO NET/IB: ncclIbConnectImpl: IbDev 0 Port 1 qp_num 10446 query_ece={supported=1, vendor_id=0x15b3, options=0x30000002, comp_mask=0x0}
spark:247:279 [0] NCCL INFO NET/IB: ncclIbConnectImpl: NCCL Dev 0 IbDev 0 Port 1 qp_num 10447 mtu 5 GID 3 (0/164A8C0FFFF0000) ctsFifoRkey=0x21f79d ctsFifoLkey=0x21f79d
spark:247:279 [0] NCCL INFO NET/IB: ncclIbConnectImpl: IbDev 0 Port 1 qp_num 10447 query_ece={supported=1, vendor_id=0x15b3, options=0x30000002, comp_mask=0x0}
spark:247:279 [0] NCCL INFO NET/IB: ncclIbReceiverQpsCreateToRts: QP created: port=1 dev=0 devName=rocep1s0f1 ndevs=1 nmdevs=1 qp_num=10448 pkey=0 pd=0xf6a430041ea0 oooRq=0
spark:247:279 [0] NCCL INFO NET/IB: ncclIbReceiverQpsCreateToRts: QP created: port=1 dev=0 devName=rocep1s0f1 ndevs=1 nmdevs=1 qp_num=10449 pkey=0 pd=0xf6a430041ea0 oooRq=0
spark:247:279 [0] NCCL INFO NET/IB: ncclIbReceiverQpsCreateToRts: QP created: port=1 dev=0 devName=rocep1s0f1 ndevs=1 nmdevs=1 qp_num=10450 pkey=0 pd=0xf6a430041ea0 oooRq=0
spark:247:279 [0] NCCL INFO NET/IB: ncclIbReceiverQpsCreateToRts: QP created: port=1 dev=0 devName=rocep1s0f1 ndevs=1 nmdevs=1 qp_num=10451 pkey=0 pd=0xf6a430041ea0 oooRq=0
spark:247:279 [0] NCCL INFO NET/IB: ncclIbReceiverQpsCreateToRts: Flush QP created: port=1 dev=0 devName=rocep1s0f1 ndevs=1 nmdevs=1 qp_num=10452 pkey=0 pd=0xf6a430041ea0
spark:247:279 [0] NCCL INFO NET/IB: ncclIbSenderQpsCreate: QP created: port=1 dev=0 devName=rocep1s0f1 ndevs=1 nmdevs=1 qp_num=10453 pkey=0 pd=0xf6a430041ea0 oooRq=0
spark:247:279 [0] NCCL INFO NET/IB: ncclIbSenderQpsCreate: QP created: port=1 dev=0 devName=rocep1s0f1 ndevs=1 nmdevs=1 qp_num=10454 pkey=0 pd=0xf6a430041ea0 oooRq=0
spark:247:279 [0] NCCL INFO NET/IB: ncclIbSenderQpsCreate: QP created: port=1 dev=0 devName=rocep1s0f1 ndevs=1 nmdevs=1 qp_num=10455 pkey=0 pd=0xf6a430041ea0 oooRq=0
spark:247:279 [0] NCCL INFO NET/IB: ncclIbSenderQpsCreate: QP created: port=1 dev=0 devName=rocep1s0f1 ndevs=1 nmdevs=1 qp_num=10456 pkey=0 pd=0xf6a430041ea0 oooRq=0
spark:247:279 [0] NCCL INFO NET/IB: ncclIbConnectImpl: NCCL Dev 0 IbDev 0 Port 1 qp_num 10453 mtu 5 GID 3 (0/164A8C0FFFF0000) ctsFifoRkey=0x21f59b ctsFifoLkey=0x21f59b
spark:247:279 [0] NCCL INFO NET/IB: ncclIbConnectImpl: IbDev 0 Port 1 qp_num 10453 query_ece={supported=1, vendor_id=0x15b3, options=0x30000002, comp_mask=0x0}
spark:247:279 [0] NCCL INFO NET/IB: ncclIbConnectImpl: NCCL Dev 0 IbDev 0 Port 1 qp_num 10454 mtu 5 GID 3 (0/164A8C0FFFF0000) ctsFifoRkey=0x21f59b ctsFifoLkey=0x21f59b
spark:247:279 [0] NCCL INFO NET/IB: ncclIbConnectImpl: IbDev 0 Port 1 qp_num 10454 query_ece={supported=1, vendor_id=0x15b3, options=0x30000002, comp_mask=0x0}
spark:247:279 [0] NCCL INFO NET/IB: ncclIbConnectImpl: NCCL Dev 0 IbDev 0 Port 1 qp_num 10455 mtu 5 GID 3 (0/164A8C0FFFF0000) ctsFifoRkey=0x21f59b ctsFifoLkey=0x21f59b
spark:247:279 [0] NCCL INFO NET/IB: ncclIbConnectImpl: IbDev 0 Port 1 qp_num 10455 query_ece={supported=1, vendor_id=0x15b3, options=0x30000002, comp_mask=0x0}
spark:247:279 [0] NCCL INFO NET/IB: ncclIbConnectImpl: NCCL Dev 0 IbDev 0 Port 1 qp_num 10456 mtu 5 GID 3 (0/164A8C0FFFF0000) ctsFifoRkey=0x21f59b ctsFifoLkey=0x21f59b
spark:247:279 [0] NCCL INFO NET/IB: ncclIbConnectImpl: IbDev 0 Port 1 qp_num 10456 query_ece={supported=1, vendor_id=0x15b3, options=0x30000002, comp_mask=0x0}
spark:247:279 [0] NCCL INFO NET/IB: ncclIbReceiverQpsCreateToRts: QP created: port=1 dev=0 devName=rocep1s0f1 ndevs=1 nmdevs=1 qp_num=10457 pkey=0 pd=0xf6a430041ea0 oooRq=0
spark:247:279 [0] NCCL INFO NET/IB: ncclIbReceiverQpsCreateToRts: QP created: port=1 dev=0 devName=rocep1s0f1 ndevs=1 nmdevs=1 qp_num=10458 pkey=0 pd=0xf6a430041ea0 oooRq=0
spark:247:279 [0] NCCL INFO NET/IB: ncclIbReceiverQpsCreateToRts: QP created: port=1 dev=0 devName=rocep1s0f1 ndevs=1 nmdevs=1 qp_num=10459 pkey=0 pd=0xf6a430041ea0 oooRq=0
spark:247:279 [0] NCCL INFO NET/IB: ncclIbReceiverQpsCreateToRts: QP created: port=1 dev=0 devName=rocep1s0f1 ndevs=1 nmdevs=1 qp_num=10460 pkey=0 pd=0xf6a430041ea0 oooRq=0
spark:247:279 [0] NCCL INFO NET/IB: ncclIbReceiverQpsCreateToRts: Flush QP created: port=1 dev=0 devName=rocep1s0f1 ndevs=1 nmdevs=1 qp_num=10461 pkey=0 pd=0xf6a430041ea0
spark:247:279 [0] NCCL INFO NET/IB: ncclIbSenderQpsCreate: QP created: port=1 dev=0 devName=rocep1s0f1 ndevs=1 nmdevs=1 qp_num=10462 pkey=0 pd=0xf6a430041ea0 oooRq=0
spark:247:279 [0] NCCL INFO NET/IB: ncclIbSenderQpsCreate: QP created: port=1 dev=0 devName=rocep1s0f1 ndevs=1 nmdevs=1 qp_num=10463 pkey=0 pd=0xf6a430041ea0 oooRq=0
spark:247:279 [0] NCCL INFO NET/IB: ncclIbSenderQpsCreate: QP created: port=1 dev=0 devName=rocep1s0f1 ndevs=1 nmdevs=1 qp_num=10464 pkey=0 pd=0xf6a430041ea0 oooRq=0
spark:247:279 [0] NCCL INFO NET/IB: ncclIbSenderQpsCreate: QP created: port=1 dev=0 devName=rocep1s0f1 ndevs=1 nmdevs=1 qp_num=10465 pkey=0 pd=0xf6a430041ea0 oooRq=0
spark:247:279 [0] NCCL INFO NET/IB: ncclIbConnectImpl: NCCL Dev 0 IbDev 0 Port 1 qp_num 10462 mtu 5 GID 3 (0/164A8C0FFFF0000) ctsFifoRkey=0x21f399 ctsFifoLkey=0x21f399
spark:247:279 [0] NCCL INFO NET/IB: ncclIbConnectImpl: IbDev 0 Port 1 qp_num 10462 query_ece={supported=1, vendor_id=0x15b3, options=0x30000002, comp_mask=0x0}
spark:247:279 [0] NCCL INFO NET/IB: ncclIbConnectImpl: NCCL Dev 0 IbDev 0 Port 1 qp_num 10463 mtu 5 GID 3 (0/164A8C0FFFF0000) ctsFifoRkey=0x21f399 ctsFifoLkey=0x21f399
spark:247:279 [0] NCCL INFO NET/IB: ncclIbConnectImpl: IbDev 0 Port 1 qp_num 10463 query_ece={supported=1, vendor_id=0x15b3, options=0x30000002, comp_mask=0x0}
spark:247:279 [0] NCCL INFO NET/IB: ncclIbConnectImpl: NCCL Dev 0 IbDev 0 Port 1 qp_num 10464 mtu 5 GID 3 (0/164A8C0FFFF0000) ctsFifoRkey=0x21f399 ctsFifoLkey=0x21f399
spark:247:279 [0] NCCL INFO NET/IB: ncclIbConnectImpl: IbDev 0 Port 1 qp_num 10464 query_ece={supported=1, vendor_id=0x15b3, options=0x30000002, comp_mask=0x0}
spark:247:279 [0] NCCL INFO NET/IB: ncclIbConnectImpl: NCCL Dev 0 IbDev 0 Port 1 qp_num 10465 mtu 5 GID 3 (0/164A8C0FFFF0000) ctsFifoRkey=0x21f399 ctsFifoLkey=0x21f399
spark:247:279 [0] NCCL INFO NET/IB: ncclIbConnectImpl: IbDev 0 Port 1 qp_num 10465 query_ece={supported=1, vendor_id=0x15b3, options=0x30000002, comp_mask=0x0}
spark:247:279 [0] NCCL INFO NET/IB: ncclIbReceiverQpsCreateToRts: QP created: port=1 dev=0 devName=rocep1s0f1 ndevs=1 nmdevs=1 qp_num=10466 pkey=0 pd=0xf6a430041ea0 oooRq=0
spark:247:279 [0] NCCL INFO NET/IB: ncclIbReceiverQpsCreateToRts: QP created: port=1 dev=0 devName=rocep1s0f1 ndevs=1 nmdevs=1 qp_num=10467 pkey=0 pd=0xf6a430041ea0 oooRq=0
spark:247:279 [0] NCCL INFO NET/IB: ncclIbReceiverQpsCreateToRts: QP created: port=1 dev=0 devName=rocep1s0f1 ndevs=1 nmdevs=1 qp_num=10468 pkey=0 pd=0xf6a430041ea0 oooRq=0
spark:247:279 [0] NCCL INFO NET/IB: ncclIbReceiverQpsCreateToRts: QP created: port=1 dev=0 devName=rocep1s0f1 ndevs=1 nmdevs=1 qp_num=10469 pkey=0 pd=0xf6a430041ea0 oooRq=0
spark:247:279 [0] NCCL INFO NET/IB: ncclIbReceiverQpsCreateToRts: Flush QP created: port=1 dev=0 devName=rocep1s0f1 ndevs=1 nmdevs=1 qp_num=10470 pkey=0 pd=0xf6a430041ea0
spark:247:279 [0] NCCL INFO NET/IB: ncclIbReceiverQpsCreateToRts: QP created: port=1 dev=0 devName=rocep1s0f1 ndevs=1 nmdevs=1 qp_num=10471 pkey=0 pd=0xf6a430041ea0 oooRq=0
spark:247:279 [0] NCCL INFO NET/IB: ncclIbReceiverQpsCreateToRts: QP created: port=1 dev=0 devName=rocep1s0f1 ndevs=1 nmdevs=1 qp_num=10472 pkey=0 pd=0xf6a430041ea0 oooRq=0
spark:247:279 [0] NCCL INFO NET/IB: ncclIbReceiverQpsCreateToRts: QP created: port=1 dev=0 devName=rocep1s0f1 ndevs=1 nmdevs=1 qp_num=10473 pkey=0 pd=0xf6a430041ea0 oooRq=0
spark:247:279 [0] NCCL INFO NET/IB: ncclIbReceiverQpsCreateToRts: QP created: port=1 dev=0 devName=rocep1s0f1 ndevs=1 nmdevs=1 qp_num=10474 pkey=0 pd=0xf6a430041ea0 oooRq=0
spark:247:279 [0] NCCL INFO NET/IB: ncclIbReceiverQpsCreateToRts: Flush QP created: port=1 dev=0 devName=rocep1s0f1 ndevs=1 nmdevs=1 qp_num=10475 pkey=0 pd=0xf6a430041ea0
spark:247:279 [0] NCCL INFO NET/IB: ncclIbSenderQpsToRts: Set ECE: IbDev 0 Port 1 qp_num 10327 set_ece={supported=1, vendor_id=0x15b3, options=0x30000002, comp_mask=0x0}
spark:247:279 [0] NCCL INFO NET/IB: ncclIbSenderQpsToRts: Set ECE: IbDev 0 Port 1 qp_num 10328 set_ece={supported=1, vendor_id=0x15b3, options=0x30000002, comp_mask=0x0}
spark:247:279 [0] NCCL INFO NET/IB: ncclIbSenderQpsToRts: Set ECE: IbDev 0 Port 1 qp_num 10329 set_ece={supported=1, vendor_id=0x15b3, options=0x30000002, comp_mask=0x0}
spark:247:279 [0] NCCL INFO NET/IB: ncclIbSenderQpsToRts: Set ECE: IbDev 0 Port 1 qp_num 10330 set_ece={supported=1, vendor_id=0x15b3, options=0x30000002, comp_mask=0x0}
spark:247:279 [0] NCCL INFO NET/IB: ncclIbSenderQpsToRts: Set ECE: IbDev 0 Port 1 qp_num 10336 set_ece={supported=1, vendor_id=0x15b3, options=0x30000002, comp_mask=0x0}
spark:247:279 [0] NCCL INFO NET/IB: ncclIbSenderQpsToRts: Set ECE: IbDev 0 Port 1 qp_num 10337 set_ece={supported=1, vendor_id=0x15b3, options=0x30000002, comp_mask=0x0}
spark:247:279 [0] NCCL INFO NET/IB: ncclIbSenderQpsToRts: Set ECE: IbDev 0 Port 1 qp_num 10338 set_ece={supported=1, vendor_id=0x15b3, options=0x30000002, comp_mask=0x0}
spark:247:279 [0] NCCL INFO NET/IB: ncclIbSenderQpsToRts: Set ECE: IbDev 0 Port 1 qp_num 10339 set_ece={supported=1, vendor_id=0x15b3, options=0x30000002, comp_mask=0x0}
spark:247:279 [0] NCCL INFO NET/IB: ncclIbSenderQpsToRts: Set ECE: IbDev 0 Port 1 qp_num 10345 set_ece={supported=1, vendor_id=0x15b3, options=0x30000002, comp_mask=0x0}
spark:247:279 [0] NCCL INFO NET/IB: ncclIbSenderQpsToRts: Set ECE: IbDev 0 Port 1 qp_num 10346 set_ece={supported=1, vendor_id=0x15b3, options=0x30000002, comp_mask=0x0}
spark:247:279 [0] NCCL INFO NET/IB: ncclIbSenderQpsToRts: Set ECE: IbDev 0 Port 1 qp_num 10347 set_ece={supported=1, vendor_id=0x15b3, options=0x30000002, comp_mask=0x0}
spark:247:279 [0] NCCL INFO NET/IB: ncclIbSenderQpsToRts: Set ECE: IbDev 0 Port 1 qp_num 10348 set_ece={supported=1, vendor_id=0x15b3, options=0x30000002, comp_mask=0x0}
spark:247:279 [0] NCCL INFO NET/IB: ncclIbSenderQpsToRts: Set ECE: IbDev 0 Port 1 qp_num 10354 set_ece={supported=1, vendor_id=0x15b3, options=0x30000002, comp_mask=0x0}
spark:247:279 [0] NCCL INFO NET/IB: ncclIbSenderQpsToRts: Set ECE: IbDev 0 Port 1 qp_num 10355 set_ece={supported=1, vendor_id=0x15b3, options=0x30000002, comp_mask=0x0}
spark:247:279 [0] NCCL INFO NET/IB: ncclIbSenderQpsToRts: Set ECE: IbDev 0 Port 1 qp_num 10356 set_ece={supported=1, vendor_id=0x15b3, options=0x30000002, comp_mask=0x0}
spark:247:279 [0] NCCL INFO NET/IB: ncclIbSenderQpsToRts: Set ECE: IbDev 0 Port 1 qp_num 10357 set_ece={supported=1, vendor_id=0x15b3, options=0x30000002, comp_mask=0x0}
spark:247:279 [0] NCCL INFO NET/IB: ncclIbSenderQpsToRts: Set ECE: IbDev 0 Port 1 qp_num 10363 set_ece={supported=1, vendor_id=0x15b3, options=0x30000002, comp_mask=0x0}
spark:247:279 [0] NCCL INFO NET/IB: ncclIbSenderQpsToRts: Set ECE: IbDev 0 Port 1 qp_num 10364 set_ece={supported=1, vendor_id=0x15b3, options=0x30000002, comp_mask=0x0}
spark:247:279 [0] NCCL INFO NET/IB: ncclIbSenderQpsToRts: Set ECE: IbDev 0 Port 1 qp_num 10365 set_ece={supported=1, vendor_id=0x15b3, options=0x30000002, comp_mask=0x0}
spark:247:279 [0] NCCL INFO NET/IB: ncclIbSenderQpsToRts: Set ECE: IbDev 0 Port 1 qp_num 10366 set_ece={supported=1, vendor_id=0x15b3, options=0x30000002, comp_mask=0x0}
spark:247:279 [0] NCCL INFO NET/IB: ncclIbSenderQpsToRts: Set ECE: IbDev 0 Port 1 qp_num 10372 set_ece={supported=1, vendor_id=0x15b3, options=0x30000002, comp_mask=0x0}
spark:247:279 [0] NCCL INFO NET/IB: ncclIbSenderQpsToRts: Set ECE: IbDev 0 Port 1 qp_num 10373 set_ece={supported=1, vendor_id=0x15b3, options=0x30000002, comp_mask=0x0}
spark:247:279 [0] NCCL INFO NET/IB: ncclIbSenderQpsToRts: Set ECE: IbDev 0 Port 1 qp_num 10374 set_ece={supported=1, vendor_id=0x15b3, options=0x30000002, comp_mask=0x0}
spark:247:279 [0] NCCL INFO NET/IB: ncclIbSenderQpsToRts: Set ECE: IbDev 0 Port 1 qp_num 10375 set_ece={supported=1, vendor_id=0x15b3, options=0x30000002, comp_mask=0x0}
spark:247:279 [0] NCCL INFO NET/IB: ncclIbSenderQpsToRts: Set ECE: IbDev 0 Port 1 qp_num 10381 set_ece={supported=1, vendor_id=0x15b3, options=0x30000002, comp_mask=0x0}
spark:247:279 [0] NCCL INFO NET/IB: ncclIbSenderQpsToRts: Set ECE: IbDev 0 Port 1 qp_num 10382 set_ece={supported=1, vendor_id=0x15b3, options=0x30000002, comp_mask=0x0}
spark:247:279 [0] NCCL INFO NET/IB: ncclIbSenderQpsToRts: Set ECE: IbDev 0 Port 1 qp_num 10383 set_ece={supported=1, vendor_id=0x15b3, options=0x30000002, comp_mask=0x0}
spark:247:279 [0] NCCL INFO NET/IB: ncclIbSenderQpsToRts: Set ECE: IbDev 0 Port 1 qp_num 10384 set_ece={supported=1, vendor_id=0x15b3, options=0x30000002, comp_mask=0x0}
spark:247:279 [0] NCCL INFO NET/IB: ncclIbSenderQpsToRts: Set ECE: IbDev 0 Port 1 qp_num 10390 set_ece={supported=1, vendor_id=0x15b3, options=0x30000002, comp_mask=0x0}
spark:247:279 [0] NCCL INFO NET/IB: ncclIbSenderQpsToRts: Set ECE: IbDev 0 Port 1 qp_num 10391 set_ece={supported=1, vendor_id=0x15b3, options=0x30000002, comp_mask=0x0}
spark:247:279 [0] NCCL INFO NET/IB: ncclIbSenderQpsToRts: Set ECE: IbDev 0 Port 1 qp_num 10392 set_ece={supported=1, vendor_id=0x15b3, options=0x30000002, comp_mask=0x0}
spark:247:279 [0] NCCL INFO NET/IB: ncclIbSenderQpsToRts: Set ECE: IbDev 0 Port 1 qp_num 10393 set_ece={supported=1, vendor_id=0x15b3, options=0x30000002, comp_mask=0x0}
spark:247:279 [0] NCCL INFO NET/IB: ncclIbSenderQpsToRts: Set ECE: IbDev 0 Port 1 qp_num 10399 set_ece={supported=1, vendor_id=0x15b3, options=0x30000002, comp_mask=0x0}
spark:247:279 [0] NCCL INFO NET/IB: ncclIbSenderQpsToRts: Set ECE: IbDev 0 Port 1 qp_num 10400 set_ece={supported=1, vendor_id=0x15b3, options=0x30000002, comp_mask=0x0}
spark:247:279 [0] NCCL INFO NET/IB: ncclIbSenderQpsToRts: Set ECE: IbDev 0 Port 1 qp_num 10401 set_ece={supported=1, vendor_id=0x15b3, options=0x30000002, comp_mask=0x0}
spark:247:279 [0] NCCL INFO NET/IB: ncclIbSenderQpsToRts: Set ECE: IbDev 0 Port 1 qp_num 10402 set_ece={supported=1, vendor_id=0x15b3, options=0x30000002, comp_mask=0x0}
spark:247:279 [0] NCCL INFO NET/IB: ncclIbSenderQpsToRts: Set ECE: IbDev 0 Port 1 qp_num 10408 set_ece={supported=1, vendor_id=0x15b3, options=0x30000002, comp_mask=0x0}
spark:247:279 [0] NCCL INFO NET/IB: ncclIbSenderQpsToRts: Set ECE: IbDev 0 Port 1 qp_num 10409 set_ece={supported=1, vendor_id=0x15b3, options=0x30000002, comp_mask=0x0}
spark:247:279 [0] NCCL INFO NET/IB: ncclIbSenderQpsToRts: Set ECE: IbDev 0 Port 1 qp_num 10410 set_ece={supported=1, vendor_id=0x15b3, options=0x30000002, comp_mask=0x0}
spark:247:279 [0] NCCL INFO NET/IB: ncclIbSenderQpsToRts: Set ECE: IbDev 0 Port 1 qp_num 10411 set_ece={supported=1, vendor_id=0x15b3, options=0x30000002, comp_mask=0x0}
spark:247:279 [0] NCCL INFO NET/IB: ncclIbSenderQpsToRts: Set ECE: IbDev 0 Port 1 qp_num 10417 set_ece={supported=1, vendor_id=0x15b3, options=0x30000002, comp_mask=0x0}
spark:247:279 [0] NCCL INFO NET/IB: ncclIbSenderQpsToRts: Set ECE: IbDev 0 Port 1 qp_num 10418 set_ece={supported=1, vendor_id=0x15b3, options=0x30000002, comp_mask=0x0}
spark:247:279 [0] NCCL INFO NET/IB: ncclIbSenderQpsToRts: Set ECE: IbDev 0 Port 1 qp_num 10419 set_ece={supported=1, vendor_id=0x15b3, options=0x30000002, comp_mask=0x0}
spark:247:279 [0] NCCL INFO NET/IB: ncclIbSenderQpsToRts: Set ECE: IbDev 0 Port 1 qp_num 10420 set_ece={supported=1, vendor_id=0x15b3, options=0x30000002, comp_mask=0x0}
spark:247:279 [0] NCCL INFO NET/IB: ncclIbSenderQpsToRts: Set ECE: IbDev 0 Port 1 qp_num 10426 set_ece={supported=1, vendor_id=0x15b3, options=0x30000002, comp_mask=0x0}
spark:247:279 [0] NCCL INFO NET/IB: ncclIbSenderQpsToRts: Set ECE: IbDev 0 Port 1 qp_num 10427 set_ece={supported=1, vendor_id=0x15b3, options=0x30000002, comp_mask=0x0}
spark:247:279 [0] NCCL INFO NET/IB: ncclIbSenderQpsToRts: Set ECE: IbDev 0 Port 1 qp_num 10428 set_ece={supported=1, vendor_id=0x15b3, options=0x30000002, comp_mask=0x0}
spark:247:279 [0] NCCL INFO NET/IB: ncclIbSenderQpsToRts: Set ECE: IbDev 0 Port 1 qp_num 10429 set_ece={supported=1, vendor_id=0x15b3, options=0x30000002, comp_mask=0x0}
spark:247:279 [0] NCCL INFO NET/IB: ncclIbSenderQpsToRts: Set ECE: IbDev 0 Port 1 qp_num 10435 set_ece={supported=1, vendor_id=0x15b3, options=0x30000002, comp_mask=0x0}
spark:247:279 [0] NCCL INFO NET/IB: ncclIbSenderQpsToRts: Set ECE: IbDev 0 Port 1 qp_num 10436 set_ece={supported=1, vendor_id=0x15b3, options=0x30000002, comp_mask=0x0}
spark:247:279 [0] NCCL INFO NET/IB: ncclIbSenderQpsToRts: Set ECE: IbDev 0 Port 1 qp_num 10437 set_ece={supported=1, vendor_id=0x15b3, options=0x30000002, comp_mask=0x0}
spark:247:279 [0] NCCL INFO NET/IB: ncclIbSenderQpsToRts: Set ECE: IbDev 0 Port 1 qp_num 10438 set_ece={supported=1, vendor_id=0x15b3, options=0x30000002, comp_mask=0x0}
spark:247:279 [0] NCCL INFO NET/IB: ncclIbSenderQpsToRts: Set ECE: IbDev 0 Port 1 qp_num 10444 set_ece={supported=1, vendor_id=0x15b3, options=0x30000002, comp_mask=0x0}
spark:247:279 [0] NCCL INFO NET/IB: ncclIbSenderQpsToRts: Set ECE: IbDev 0 Port 1 qp_num 10445 set_ece={supported=1, vendor_id=0x15b3, options=0x30000002, comp_mask=0x0}
spark:247:279 [0] NCCL INFO NET/IB: ncclIbSenderQpsToRts: Set ECE: IbDev 0 Port 1 qp_num 10446 set_ece={supported=1, vendor_id=0x15b3, options=0x30000002, comp_mask=0x0}
spark:247:279 [0] NCCL INFO NET/IB: ncclIbSenderQpsToRts: Set ECE: IbDev 0 Port 1 qp_num 10447 set_ece={supported=1, vendor_id=0x15b3, options=0x30000002, comp_mask=0x0}
spark:247:279 [0] NCCL INFO NET/IB: ncclIbSenderQpsToRts: Set ECE: IbDev 0 Port 1 qp_num 10453 set_ece={supported=1, vendor_id=0x15b3, options=0x30000002, comp_mask=0x0}
spark:247:279 [0] NCCL INFO NET/IB: ncclIbSenderQpsToRts: Set ECE: IbDev 0 Port 1 qp_num 10454 set_ece={supported=1, vendor_id=0x15b3, options=0x30000002, comp_mask=0x0}
spark:247:279 [0] NCCL INFO NET/IB: ncclIbSenderQpsToRts: Set ECE: IbDev 0 Port 1 qp_num 10455 set_ece={supported=1, vendor_id=0x15b3, options=0x30000002, comp_mask=0x0}
spark:247:279 [0] NCCL INFO NET/IB: ncclIbSenderQpsToRts: Set ECE: IbDev 0 Port 1 qp_num 10456 set_ece={supported=1, vendor_id=0x15b3, options=0x30000002, comp_mask=0x0}
spark:247:279 [0] NCCL INFO NET/IB: ncclIbSenderQpsToRts: Set ECE: IbDev 0 Port 1 qp_num 10462 set_ece={supported=1, vendor_id=0x15b3, options=0x30000002, comp_mask=0x0}
spark:247:279 [0] NCCL INFO NET/IB: ncclIbSenderQpsToRts: Set ECE: IbDev 0 Port 1 qp_num 10463 set_ece={supported=1, vendor_id=0x15b3, options=0x30000002, comp_mask=0x0}
spark:247:279 [0] NCCL INFO NET/IB: ncclIbSenderQpsToRts: Set ECE: IbDev 0 Port 1 qp_num 10464 set_ece={supported=1, vendor_id=0x15b3, options=0x30000002, comp_mask=0x0}
spark:247:279 [0] NCCL INFO NET/IB: ncclIbSenderQpsToRts: Set ECE: IbDev 0 Port 1 qp_num 10465 set_ece={supported=1, vendor_id=0x15b3, [tensorfold] CUDA rank 0 startup estimate 56.61 GiB within 98.56 GiB; native 262144, allocated prompt/reply window 262144, cache slots 262156
[tensorfold] serving bench at http://0.0.0.0:8080/v1 on CUDA, rank 0 of 2 (sampling: temperature 1.0, top_k 20, top_p 0.95; drafts: on; context: 262144; loaded in 53.8s)
/usr/local/lib/python3.12/dist-packages/torch/distributed/c10d_logger.py:83: FutureWarning: `torch.distributed.all_gather_into_tensor` is deprecated. Please use `torch.distributed.all_gather_single` instead.
  return func(*args, **kwargs)
/usr/local/lib/python3.12/dist-packages/torch/distributed/c10d_logger.py:83: UserWarning: barrier(): using the device under current context. You can specify `device_id` in `init_process_group` to mute this warning.
  return func(*args, **kwargs)
options=0x30000002, comp_mask=0x0}
spark:247:247 [0] NCCL INFO Connected all rings, use ring PXN 0 GDR 0
[rank0]:[W929 20:09:16.508450140 ProcessGroupNCCL.cpp:1624] Warning: WARNING: destroy_process_group() was not called before program exit, which can leak resources. For more info, please see https://pytorch.org/docs/stable/distributed.html#shutdown (function operator())
spark:247:397 [0] NCCL INFO ncclOsSocketProgressOpt: abort called
spark:247:397 [0] NCCL INFO misc/socket.cc:51 (socketProgress) -> 3
spark:247:397 [0] NCCL INFO misc/socket.cc:68 (socketWait) -> 3
spark:247:397 [0] NCCL INFO misc/socket.cc:632 (ncclSocketSend) -> 3
spark:247:279 [0] NCCL INFO ncclOsSocketProgressOpt: abort called
spark:247:279 [0] NCCL INFO misc/socket.cc:707 (ncclSocketTryRecv) -> 3
