[tensorfold] loading Qwen3.8-27B-MLX-4bit: Qwen3.8 dense (qwen3_5) on CUDA, rank 1 of 2
/usr/local/lib/python3.12/dist-packages/torch/distributed/c10d_logger.py:83: FutureWarning: `torch.distributed.all_gather_into_tensor` is deprecated. Please use `torch.distributed.all_gather_single` instead.
  return func(*args, **kwargs)
spark2:209:209 [0] NCCL INFO ncclOsDlopen(libnccl-env.so) failed: libnccl-env.so: cannot open shared object file: No such file or directory
spark2:209:209 [0] NCCL INFO ENV/Plugin: Could not find: libnccl-env.so
spark2:209:209 [0] NCCL INFO cudaDriverVersion 13030
spark2:209:209 [0] NCCL INFO NCCL_SOCKET_IFNAME set to enp1s0f1np1
spark2:209:209 [0] NCCL INFO NCCL version 2.30.7+cuda13.3
spark2:209:209 [0] NCCL INFO NCCL git version HEAD a5187fa2e
spark2:209:209 [0] NCCL INFO NCCL_NET_PLUGIN set by environment to spcx
spark2:209:209 [0] NCCL INFO ncclOsDlopen(spcx) failed: spcx: cannot open shared object file: No such file or directory
spark2:209:209 [0] NCCL INFO NET/Plugin: Loaded net plugin SPCX (v12)
spark2:209:209 [0] NCCL INFO NET/Plugin: Loaded collnet plugin SPCX (v12)
spark2:209:209 [0] NCCL INFO Successfully loaded external network plugin /opt/hpcx/nccl_spectrum-x_plugin/lib/libnccl-net-spcx.so
spark2:209:209 [0] NCCL INFO Registering new plugin entry for commId: 1442027525503447292
spark2:209:209 [0] NCCL INFO Plugin Path : /opt/hpcx/nccl_spectrum-x_plugin/lib/libnccl-net-spcx.so (SPCX Ver. 1.4-0)
spark2:209:209 [0] NCCL INFO NCCL_SOCKET_IFNAME set to enp1s0f1np1
spark2:209:209 [0] NCCL INFO NCCL_IB_HCA set to rocep1s0f1
spark2:209:209 [0] NCCL INFO NET/DEVX : device:rocep1s0f0 hcaCaps=0xd
spark2:209:209 [0] NCCL INFO NET/DEVX : device:rocep1s0f1 hcaCaps=0xd

[2026-09-29 20:07:33] spark2:209:209 [0] init.cc:449 NCCL WARN Spectrum-X (SPCX) NCCL plugin is not supported on device:rocep1s0f1, skipping ..
spark2:209:209 [0] NCCL INFO NET/DEVX : device:roceP2p1s0f0 hcaCaps=0xd
spark2:209:209 [0] NCCL INFO NET/DEVX : device:roceP2p1s0f1 hcaCaps=0xd
spark2:209:209 [0] NCCL INFO NET/IB : No device found.
spark2:209:209 [0] NCCL INFO NET/IB : Using [RO]; OOB enp1s0f1np1:192.168.100.2<0>
spark2:209:209 [0] NCCL INFO Failed to initialize NET plugin SPCX
spark2:209:209 [0] NCCL INFO Deregistering plugin entry for commId: 1442027525503447292
spark2:209:209 [0] NCCL INFO NCCL_IB_HCA set to rocep1s0f1

[2026-09-29 20:07:33] spark2:209:209 [0] misc/ibvwrap.cc:402 (wrap_ibv_query_port_speed) NCCL WARN Call to ibv_query_port_speed failed with error Protocol not supported errno 93
spark2:209:209 [0] NCCL INFO NET/IB: [1] rocep1s0f1:uverbs1:1/RoCE provider=Mlx5 speed=200000 context=0x3e2d5db0 pciPath=/sys/devices/pci0000:00/0000:00:00.0/0000:01:00.0 ar=0 oooRqSize=0
spark2:209:209 [0] NCCL INFO NET/IB : Made virtual device [0] name=rocep1s0f1 speed=200000 ndevs=1 rail=-1 plane=-1
spark2:209:209 [0] NCCL INFO NET/IB : Using [0]rocep1s0f1:1/RoCE [RO]; OOB enp1s0f1np1:192.168.100.2<0>
spark2:209:209 [0] NCCL INFO Initialized NET plugin IB
spark2:209:209 [0] NCCL INFO Assigned NET plugin IB to comm
spark2:209:209 [0] NCCL INFO ncclOsDlopen(libnccl-rma.so) failed: libnccl-rma.so: cannot open shared object file: No such file or directory
spark2:209:209 [0] NCCL INFO RMA/Plugin: Could not find: libnccl-rma.so
spark2:209:209 [0] NCCL INFO RMA/Plugin: Failed to load external plugin /opt/hpcx/nccl_spectrum-x_plugin/lib/libnccl-net-spcx.so, dlHandle: (nil), ncclRma: (nil)
spark2:209:209 [0] NCCL INFO RMA/Plugin: Loaded rma plugin SPCX_RMA (v13)
spark2:209:209 [0] NCCL INFO RMA/Plugin: Successfully loaded external plugin /opt/hpcx/nccl_spectrum-x_plugin/lib/libnccl-net-spcx.so
spark2:209:209 [0] NCCL INFO Registering new plugin entry for commId: 1442027525503447292
spark2:209:209 [0] NCCL INFO Plugin Path : /opt/hpcx/nccl_spectrum-x_plugin/lib/libnccl-net-spcx.so (SPCX Ver. 1.4-0)
spark2:209:209 [0] NCCL INFO GIN: no IB devices found
spark2:209:209 [0] NCCL INFO plugin/rma/rma_v13.cc:18 (ncclRma_init) -> 3
spark2:209:209 [0] NCCL INFO RMA/Plugin: Assigned plugin RMA_IB_PROXY to comm
spark2:209:209 [0] NCCL INFO ncclOsDlopen(libnccl-gin.so) failed: libnccl-gin.so: cannot open shared object file: No such file or directory
spark2:209:209 [0] NCCL INFO GIN/Plugin: Could not find: libnccl-gin.so
spark2:209:209 [0] NCCL INFO GIN/Plugin: Failed to load external plugin /opt/hpcx/nccl_spectrum-x_plugin/lib/libnccl-net-spcx.so, dlHandle: (nil), ncclGin: (nil)
spark2:209:209 [0] NCCL INFO GIN/Plugin: Loaded gin plugin SPCX_GIN (v13)
spark2:209:209 [0] NCCL INFO GIN/Plugin: Successfully loaded external plugin /opt/hpcx/nccl_spectrum-x_plugin/lib/libnccl-net-spcx.so
spark2:209:209 [0] NCCL INFO Plugin Path : /opt/hpcx/nccl_spectrum-x_plugin/lib/libnccl-net-spcx.so (SPCX Ver. 1.4-0)
spark2:209:209 [0] NCCL INFO GIN: no IB devices found
spark2:209:209 [0] NCCL INFO GIN/Plugin: Assigned plugin GIN_IB_GDAKI type 3 to comm
spark2:209:209 [0] NCCL INFO Using network IB
spark2:209:209 [0] NCCL INFO Loaded NVML from libnvidia-ml.so.1
spark2:209:209 [0] NCCL INFO [Rank 1] ncclCommInitRankConfig comm 0x3b6a84e0 rank 1 nranks 2 cudaDev 0 nvmlDev 0 busId f01000 commId 0x14031c64edf7f0fc - Init START
spark2:209:209 [0] NCCL INFO RAS client listening socket at 127.0.0.1<28028>
spark2:209:209 [0] NCCL INFO NET/GIN_IB_GDAKI : GPU Direct RDMA Disabled for HCA 0 'rocep1s0f1'
spark2:209:209 [0] NCCL INFO NET/RMA_IB_PROXY : GPU Direct RDMA Disabled for HCA 0 'rocep1s0f1'
spark2:209:209 [0] NCCL INFO NET/IB : GPU Direct RDMA Disabled for HCA 0 'rocep1s0f1'
spark2:209:209 [0] NCCL INFO ncclTopoGetCpuAffinity: Affinity for GPU 0 is empty, ignoring. (GPU affinity =  ; CPU affinity = 0-19).
spark2:209:209 [0] NCCL INFO Rank 1: 1 Net devices
spark2:209:209 [0] NCCL INFO Rank 1: 0 CollNet devices
spark2:209:209 [0] NCCL INFO comm 0x3b6a84e0 rank 1 nRanks 2 nNodes 2 localRanks 1 localRank 0 MNNVL 0
spark2:209:209 [0] NCCL INFO Trees [0] -1/-1/-1->1->0 [1] -1/-1/-1->1->0 [2] -1/-1/-1->1->0 [3] -1/-1/-1->1->0 [4] -1/-1/-1->1->0 [5] -1/-1/-1->1->0 [6] -1/-1/-1->1->0 [7] -1/-1/-1->1->0 [8] -1/-1/-1->1->0 [9] -1/-1/-1->1->0 [10] -1/-1/-1->1->0 [11] -1/-1/-1->1->0 [12] -1/-1/-1->1->0 [13] -1/-1/-1->1->0 [14] -1/-1/-1->1->0 [15] -1/-1/-1->1->0 [16] -1/-1/-1->1->0 [17] -1/-1/-1->1->0 [18] -1/-1/-1->1->0 [19] -1/-1/-1->1->0 [20] -1/-1/-1->1->0 [21] -1/-1/-1->1->0 [22] -1/-1/-1->1->0 [23] -1/-1/-1->1->0 [24] -1/-1/-1->1->0 [25] -1/-1/-1->1->0 [26] -1/-1/-1->1->0 [27] -1/-1/-1->1->0 [28] -1/-1/-1->1->0 [29] -1/-1/-1->1->0 [30] -1/-1/-1->1->0 [31] -1/-1/-1->1->0 [32] 0/-1/-1->1->-1 [33] 0/-1/-1->1->-1 [34] 0/-1/-1->1->-1 [35] 0/-1/-1->1->-1 [36] 0/-1/-1->1->-1 [37] 0/-1/-1->1->-1 [38] 0/-1/-1->1->-1 [39] 0/-1/-1->1->-1 [40] 0/-1/-1->1->-1 [41] 0/-1/-1->1->-1 [42] 0/-1/-1->1->-1 [43] 0/-1/-1->1->-1 [44] 0/-1/-1->1->-1 [45] 0/-1/-1->1->-1 [46] 0/-1/-1->1->-1 [47] 0/-1/-1->1->-1 [48] 0/-1/-1->1->-1 [49] 0/-1/-1->1->-1 [50] 0/-1/-1->1->-1 [51] 0/-1/-
spark2:209:209 [0] NCCL INFO P2P Chunksize set to 262144
spark2:209:209 [0] NCCL INFO Tuning P2P operations with maxP2pPeers = 2
spark2:209:209 [0] NCCL INFO ncclOsDlopen(libnccl-profiler.so) failed: libnccl-profiler.so: cannot open shared object file: No such file or directory
spark2:209:209 [0] NCCL INFO PROFILER/Plugin: Could not find: libnccl-profiler.so
spark2:209:209 [0] NCCL INFO ncclOsDlsym(ncclProfiler_v6) failed: /opt/hpcx/nccl_spectrum-x_plugin/lib/libnccl-net-spcx.so: undefined symbol: ncclProfiler_v6
spark2:209:209 [0] NCCL INFO ncclOsDlsym(ncclProfiler_v5) failed: /opt/hpcx/nccl_spectrum-x_plugin/lib/libnccl-net-spcx.so: undefined symbol: ncclProfiler_v5
spark2:209:209 [0] NCCL INFO ncclOsDlsym(ncclProfiler_v4) failed: /opt/hpcx/nccl_spectrum-x_plugin/lib/libnccl-net-spcx.so: undefined symbol: ncclProfiler_v4
spark2:209:209 [0] NCCL INFO ncclOsDlsym(ncclProfiler_v3) failed: /opt/hpcx/nccl_spectrum-x_plugin/lib/libnccl-net-spcx.so: undefined symbol: ncclProfiler_v3
spark2:209:209 [0] NCCL INFO ncclOsDlsym(ncclProfiler_v2) failed: /opt/hpcx/nccl_spectrum-x_plugin/lib/libnccl-net-spcx.so: undefined symbol: ncclProfiler_v2
spark2:209:209 [0] NCCL INFO ncclOsDlsym(ncclProfiler_v1) failed: /opt/hpcx/nccl_spectrum-x_plugin/lib/libnccl-net-spcx.so: undefined symbol: ncclProfiler_v1
spark2:209:209 [0] NCCL INFO Check P2P Type isAllDirectP2p 1 directMode 0 isAllCudaP2p 1
spark2:209:240 [0] NCCL INFO [Proxy Service UDS] Device 0 CPU core 10
spark2:209:239 [0] NCCL INFO [Proxy Service] Device 0 CPU core 1
spark2:209:239 [0] NCCL INFO proxy listening socket at 192.168.100.2<47241>
spark2:209:209 [0] NCCL INFO ncclOsDlopen(libnccl-tuner.so) failed: libnccl-tuner.so: cannot open shared object file: No such file or directory
spark2:209:209 [0] NCCL INFO TUNER/Plugin: Could not find: libnccl-tuner.so
spark2:209:209 [0] NCCL INFO TUNER/Plugin: Using SPCX (v5)
spark2:209:209 [0] NCCL INFO threadThresholds 8/8/64 | 16/8/64 | 512 | 512
spark2:209:209 [0] NCCL INFO 64 coll channels, 64 collnet channels, 0 nvls channels, 64 p2p channels, 1 p2p channels per peer
spark2:209:209 [0] NCCL INFO Symmetric memory is not supported. cuMemEnable 1, globalGinSupport 0, cuMemGdrSupport 0
spark2:209:209 [0] NCCL INFO ncclCommInitRankConfig comm 0x3b6a84e0 rank 1 nranks 2 cudaDev 0 nvmlDev 0 busId f01000 commId 0x14031c64edf7f0fc - Init COMPLETE
spark2:209:209 [0] NCCL INFO Init timings - ncclCommInitRankConfig: rank 1 nranks 2 total 0.38 (kernels 0.24, alloc 0.06, bootstrap 0.02, allgathers 0.02, topo 0.01, graphs 0.00, connections 0.02, rest 0.00)
spark2:209:209 [0] NCCL INFO Symmetric VA size=124GB
spark2:209:209 [0] NCCL INFO Channel 00/0 : 0[0] -> 1[0] [receive] via NET/IB/0
spark2:209:209 [0] NCCL INFO Channel 01/0 : 0[0] -> 1[0] [receive] via NET/IB/0
spark2:209:209 [0] NCCL INFO Channel 02/0 : 0[0] -> 1[0] [receive] via NET/IB/0
spark2:209:209 [0] NCCL INFO Channel 03/0 : 0[0] -> 1[0] [receive] via NET/IB/0
spark2:209:209 [0] NCCL INFO Channel 04/0 : 0[0] -> 1[0] [receive] via NET/IB/0
spark2:209:209 [0] NCCL INFO Channel 05/0 : 0[0] -> 1[0] [receive] via NET/IB/0
spark2:209:209 [0] NCCL INFO Channel 06/0 : 0[0] -> 1[0] [receive] via NET/IB/0
spark2:209:209 [0] NCCL INFO Channel 07/0 : 0[0] -> 1[0] [receive] via NET/IB/0
spark2:209:209 [0] NCCL INFO Channel 08/0 : 0[0] -> 1[0] [receive] via NET/IB/0
spark2:209:241 [0] NCCL INFO [Proxy Progress] Device 0 CPU core 1
spark2:209:209 [0] NCCL INFO Channel 09/0 : 0[0] -> 1[0] [receive] via NET/IB/0
spark2:209:209 [0] NCCL INFO Channel 10/0 : 0[0] -> 1[0] [receive] via NET/IB/0
spark2:209:209 [0] NCCL INFO Channel 11/0 : 0[0] -> 1[0] [receive] via NET/IB/0
spark2:209:209 [0] NCCL INFO Channel 12/0 : 0[0] -> 1[0] [receive] via NET/IB/0
spark2:209:209 [0] NCCL INFO Channel 13/0 : 0[0] -> 1[0] [receive] via NET/IB/0
spark2:209:209 [0] NCCL INFO Channel 14/0 : 0[0] -> 1[0] [receive] via NET/IB/0
spark2:209:209 [0] NCCL INFO Channel 15/0 : 0[0] -> 1[0] [receive] via NET/IB/0
spark2:209:209 [0] NCCL INFO Channel 16/0 : 0[0] -> 1[0] [receive] via NET/IB/0
spark2:209:209 [0] NCCL INFO Channel 17/0 : 0[0] -> 1[0] [receive] via NET/IB/0
spark2:209:209 [0] NCCL INFO Channel 18/0 : 0[0] -> 1[0] [receive] via NET/IB/0
spark2:209:209 [0] NCCL INFO Channel 19/0 : 0[0] -> 1[0] [receive] via NET/IB/0
spark2:209:209 [0] NCCL INFO Channel 20/0 : 0[0] -> 1[0] [receive] via NET/IB/0
spark2:209:209 [0] NCCL INFO Channel 21/0 : 0[0] -> 1[0] [receive] via NET/IB/0
spark2:209:209 [0] NCCL INFO Channel 22/0 : 0[0] -> 1[0] [receive] via NET/IB/0
spark2:209:209 [0] NCCL INFO Channel 23/0 : 0[0] -> 1[0] [receive] via NET/IB/0
spark2:209:209 [0] NCCL INFO Channel 24/0 : 0[0] -> 1[0] [receive] via NET/IB/0
spark2:209:209 [0] NCCL INFO Channel 25/0 : 0[0] -> 1[0] [receive] via NET/IB/0
spark2:209:209 [0] NCCL INFO Channel 26/0 : 0[0] -> 1[0] [receive] via NET/IB/0
spark2:209:209 [0] NCCL INFO Channel 27/0 : 0[0] -> 1[0] [receive] via NET/IB/0
spark2:209:209 [0] NCCL INFO Channel 28/0 : 0[0] -> 1[0] [receive] via NET/IB/0
spark2:209:209 [0] NCCL INFO Channel 29/0 : 0[0] -> 1[0] [receive] via NET/IB/0
spark2:209:209 [0] NCCL INFO Channel 30/0 : 0[0] -> 1[0] [receive] via NET/IB/0
spark2:209:209 [0] NCCL INFO Channel 31/0 : 0[0] -> 1[0] [receive] via NET/IB/0
spark2:209:209 [0] NCCL INFO Channel 32/0 : 0[0] -> 1[0] [receive] via NET/IB/0
spark2:209:209 [0] NCCL INFO Channel 33/0 : 0[0] -> 1[0] [receive] via NET/IB/0
spark2:209:209 [0] NCCL INFO Channel 34/0 : 0[0] -> 1[0] [receive] via NET/IB/0
spark2:209:209 [0] NCCL INFO Channel 35/0 : 0[0] -> 1[0] [receive] via NET/IB/0
spark2:209:209 [0] NCCL INFO Channel 36/0 : 0[0] -> 1[0] [receive] via NET/IB/0
spark2:209:209 [0] NCCL INFO Channel 37/0 : 0[0] -> 1[0] [receive] via NET/IB/0
spark2:209:209 [0] NCCL INFO Channel 38/0 : 0[0] -> 1[0] [receive] via NET/IB/0
spark2:209:209 [0] NCCL INFO Channel 39/0 : 0[0] -> 1[0] [receive] via NET/IB/0
spark2:209:209 [0] NCCL INFO Channel 40/0 : 0[0] -> 1[0] [receive] via NET/IB/0
spark2:209:209 [0] NCCL INFO Channel 41/0 : 0[0] -> 1[0] [receive] via NET/IB/0
spark2:209:209 [0] NCCL INFO Channel 42/0 : 0[0] -> 1[0] [receive] via NET/IB/0
spark2:209:209 [0] NCCL INFO Channel 43/0 : 0[0] -> 1[0] [receive] via NET/IB/0
spark2:209:209 [0] NCCL INFO Channel 44/0 : 0[0] -> 1[0] [receive] via NET/IB/0
spark2:209:209 [0] NCCL INFO Channel 45/0 : 0[0] -> 1[0] [receive] via NET/IB/0
spark2:209:209 [0] NCCL INFO Channel 46/0 : 0[0] -> 1[0] [receive] via NET/IB/0
spark2:209:209 [0] NCCL INFO Channel 47/0 : 0[0] -> 1[0] [receive] via NET/IB/0
spark2:209:209 [0] NCCL INFO Channel 48/0 : 0[0] -> 1[0] [receive] via NET/IB/0
spark2:209:209 [0] NCCL INFO Channel 49/0 : 0[0] -> 1[0] [receive] via NET/IB/0
spark2:209:209 [0] NCCL INFO Channel 50/0 : 0[0] -> 1[0] [receive] via NET/IB/0
spark2:209:209 [0] NCCL INFO Channel 51/0 : 0[0] -> 1[0] [receive] via NET/IB/0
spark2:209:209 [0] NCCL INFO Channel 52/0 : 0[0] -> 1[0] [receive] via NET/IB/0
spark2:209:209 [0] NCCL INFO Channel 53/0 : 0[0] -> 1[0] [receive] via NET/IB/0
spark2:209:209 [0] NCCL INFO Channel 54/0 : 0[0] -> 1[0] [receive] via NET/IB/0
spark2:209:209 [0] NCCL INFO Channel 55/0 : 0[0] -> 1[0] [receive] via NET/IB/0
spark2:209:209 [0] NCCL INFO Channel 56/0 : 0[0] -> 1[0] [receive] via NET/IB/0
spark2:209:209 [0] NCCL INFO Channel 57/0 : 0[0] -> 1[0] [receive] via NET/IB/0
spark2:209:209 [0] NCCL INFO Channel 58/0 : 0[0] -> 1[0] [receive] via NET/IB/0
spark2:209:209 [0] NCCL INFO Channel 59/0 : 0[0] -> 1[0] [receive] via NET/IB/0
spark2:209:209 [0] NCCL INFO Channel 60/0 : 0[0] -> 1[0] [receive] via NET/IB/0
spark2:209:209 [0] NCCL INFO Channel 61/0 : 0[0] -> 1[0] [receive] via NET/IB/0
spark2:209:209 [0] NCCL INFO Channel 62/0 : 0[0] -> 1[0] [receive] via NET/IB/0
spark2:209:209 [0] NCCL INFO Channel 63/0 : 0[0] -> 1[0] [receive] via NET/IB/0
spark2:209:209 [0] NCCL INFO Channel 00/0 : 1[0] -> 0[0] [send] via NET/IB/0
spark2:209:209 [0] NCCL INFO Channel 01/0 : 1[0] -> 0[0] [send] via NET/IB/0
spark2:209:209 [0] NCCL INFO Channel 02/0 : 1[0] -> 0[0] [send] via NET/IB/0
spark2:209:209 [0] NCCL INFO Channel 03/0 : 1[0] -> 0[0] [send] via NET/IB/0
spark2:209:209 [0] NCCL INFO Channel 04/0 : 1[0] -> 0[0] [send] via NET/IB/0
spark2:209:209 [0] NCCL INFO Channel 05/0 : 1[0] -> 0[0] [send] via NET/IB/0
spark2:209:209 [0] NCCL INFO Channel 06/0 : 1[0] -> 0[0] [send] via NET/IB/0
spark2:209:209 [0] NCCL INFO Channel 07/0 : 1[0] -> 0[0] [send] via NET/IB/0
spark2:209:209 [0] NCCL INFO Channel 08/0 : 1[0] -> 0[0] [send] via NET/IB/0
spark2:209:209 [0] NCCL INFO Channel 09/0 : 1[0] -> 0[0] [send] via NET/IB/0
spark2:209:209 [0] NCCL INFO Channel 10/0 : 1[0] -> 0[0] [send] via NET/IB/0
spark2:209:209 [0] NCCL INFO Channel 11/0 : 1[0] -> 0[0] [send] via NET/IB/0
spark2:209:209 [0] NCCL INFO Channel 12/0 : 1[0] -> 0[0] [send] via NET/IB/0
spark2:209:209 [0] NCCL INFO Channel 13/0 : 1[0] -> 0[0] [send] via NET/IB/0
spark2:209:209 [0] NCCL INFO Channel 14/0 : 1[0] -> 0[0] [send] via NET/IB/0
spark2:209:209 [0] NCCL INFO Channel 15/0 : 1[0] -> 0[0] [send] via NET/IB/0
spark2:209:209 [0] NCCL INFO Channel 16/0 : 1[0] -> 0[0] [send] via NET/IB/0
spark2:209:209 [0] NCCL INFO Channel 17/0 : 1[0] -> 0[0] [send] via NET/IB/0
spark2:209:209 [0] NCCL INFO Channel 18/0 : 1[0] -> 0[0] [send] via NET/IB/0
spark2:209:209 [0] NCCL INFO Channel 19/0 : 1[0] -> 0[0] [send] via NET/IB/0
spark2:209:209 [0] NCCL INFO Channel 20/0 : 1[0] -> 0[0] [send] via NET/IB/0
spark2:209:209 [0] NCCL INFO Channel 21/0 : 1[0] -> 0[0] [send] via NET/IB/0
spark2:209:209 [0] NCCL INFO Channel 22/0 : 1[0] -> 0[0] [send] via NET/IB/0
spark2:209:209 [0] NCCL INFO Channel 23/0 : 1[0] -> 0[0] [send] via NET/IB/0
spark2:209:209 [0] NCCL INFO Channel 24/0 : 1[0] -> 0[0] [send] via NET/IB/0
spark2:209:209 [0] NCCL INFO Channel 25/0 : 1[0] -> 0[0] [send] via NET/IB/0
spark2:209:209 [0] NCCL INFO Channel 26/0 : 1[0] -> 0[0] [send] via NET/IB/0
spark2:209:209 [0] NCCL INFO Channel 27/0 : 1[0] -> 0[0] [send] via NET/IB/0
spark2:209:209 [0] NCCL INFO Channel 28/0 : 1[0] -> 0[0] [send] via NET/IB/0
spark2:209:209 [0] NCCL INFO Channel 29/0 : 1[0] -> 0[0] [send] via NET/IB/0
spark2:209:209 [0] NCCL INFO Channel 30/0 : 1[0] -> 0[0] [send] via NET/IB/0
spark2:209:209 [0] NCCL INFO Channel 31/0 : 1[0] -> 0[0] [send] via NET/IB/0
spark2:209:209 [0] NCCL INFO Channel 32/0 : 1[0] -> 0[0] [send] via NET/IB/0
spark2:209:209 [0] NCCL INFO Channel 33/0 : 1[0] -> 0[0] [send] via NET/IB/0
spark2:209:209 [0] NCCL INFO Channel 34/0 : 1[0] -> 0[0] [send] via NET/IB/0
spark2:209:209 [0] NCCL INFO Channel 35/0 : 1[0] -> 0[0] [send] via NET/IB/0
spark2:209:209 [0] NCCL INFO Channel 36/0 : 1[0] -> 0[0] [send] via NET/IB/0
spark2:209:209 [0] NCCL INFO Channel 37/0 : 1[0] -> 0[0] [send] via NET/IB/0
spark2:209:209 [0] NCCL INFO Channel 38/0 : 1[0] -> 0[0] [send] via NET/IB/0
spark2:209:209 [0] NCCL INFO Channel 39/0 : 1[0] -> 0[0] [send] via NET/IB/0
spark2:209:209 [0] NCCL INFO Channel 40/0 : 1[0] -> 0[0] [send] via NET/IB/0
spark2:209:209 [0] NCCL INFO Channel 41/0 : 1[0] -> 0[0] [send] via NET/IB/0
spark2:209:209 [0] NCCL INFO Channel 42/0 : 1[0] -> 0[0] [send] via NET/IB/0
spark2:209:209 [0] NCCL INFO Channel 43/0 : 1[0] -> 0[0] [send] via NET/IB/0
spark2:209:209 [0] NCCL INFO Channel 44/0 : 1[0] -> 0[0] [send] via NET/IB/0
spark2:209:209 [0] NCCL INFO Channel 45/0 : 1[0] -> 0[0] [send] via NET/IB/0
spark2:209:209 [0] NCCL INFO Channel 46/0 : 1[0] -> 0[0] [send] via NET/IB/0
spark2:209:209 [0] NCCL INFO Channel 47/0 : 1[0] -> 0[0] [send] via NET/IB/0
spark2:209:209 [0] NCCL INFO Channel 48/0 : 1[0] -> 0[0] [send] via NET/IB/0
spark2:209:209 [0] NCCL INFO Channel 49/0 : 1[0] -> 0[0] [send] via NET/IB/0
spark2:209:209 [0] NCCL INFO Channel 50/0 : 1[0] -> 0[0] [send] via NET/IB/0
spark2:209:209 [0] NCCL INFO Channel 51/0 : 1[0] -> 0[0] [send] via NET/IB/0
spark2:209:209 [0] NCCL INFO Channel 52/0 : 1[0] -> 0[0] [send] via NET/IB/0
spark2:209:209 [0] NCCL INFO Channel 53/0 : 1[0] -> 0[0] [send] via NET/IB/0
spark2:209:209 [0] NCCL INFO Channel 54/0 : 1[0] -> 0[0] [send] via NET/IB/0
spark2:209:209 [0] NCCL INFO Channel 55/0 : 1[0] -> 0[0] [send] via NET/IB/0
spark2:209:209 [0] NCCL INFO Channel 56/0 : 1[0] -> 0[0] [send] via NET/IB/0
spark2:209:209 [0] NCCL INFO Channel 57/0 : 1[0] -> 0[0] [send] via NET/IB/0
spark2:209:209 [0] NCCL INFO Channel 58/0 : 1[0] -> 0[0] [send] via NET/IB/0
spark2:209:209 [0] NCCL INFO Channel 59/0 : 1[0] -> 0[0] [send] via NET/IB/0
spark2:209:209 [0] NCCL INFO Channel 60/0 : 1[0] -> 0[0] [send] via NET/IB/0
spark2:209:209 [0] NCCL INFO Channel 61/0 : 1[0] -> 0[0] [send] via NET/IB/0
spark2:209:209 [0] NCCL INFO Channel 62/0 : 1[0] -> 0[0] [send] via NET/IB/0
spark2:209:209 [0] NCCL INFO Channel 63/0 : 1[0] -> 0[0] [send] via NET/IB/0
spark2:209:239 [0] NCCL INFO NET/IB: ncclIbResiliencyInit: Resiliency is disabled on the send communicator (comm=0xf44760042000)
spark2:209:239 [0] NCCL INFO NET/IB: ncclIbResiliencyInit: Resiliency is disabled on the recv communicator (comm=0xf44760086000)
spark2:209:239 [0] NCCL INFO NET/IB: ncclIbRecvCommInit: Receive work requests will be posted on-demand
spark2:209:239 [0] NCCL INFO NET/IB: ncclIbResiliencyInit: Resiliency is disabled on the send communicator (comm=0xf447600ce000)
spark2:209:239 [0] NCCL INFO NET/IB: ncclIbResiliencyInit: Resiliency is disabled on the recv communicator (comm=0xf44760112000)
spark2:209:239 [0] NCCL INFO NET/IB: ncclIbRecvCommInit: Receive work requests will be posted on-demand
spark2:209:239 [0] NCCL INFO NET/IB: ncclIbResiliencyInit: Resiliency is disabled on the send communicator (comm=0xf4476015a000)
spark2:209:239 [0] NCCL INFO NET/IB: ncclIbSenderQpsCreate: QP created: port=1 dev=0 devName=rocep1s0f1 ndevs=1 nmdevs=1 qp_num=9900 pkey=0 pd=0xf44760041f80 oooRq=0
spark2:209:239 [0] NCCL INFO NET/IB: ncclIbSenderQpsCreate: QP created: port=1 dev=0 devName=rocep1s0f1 ndevs=1 nmdevs=1 qp_num=9901 pkey=0 pd=0xf44760041f80 oooRq=0
spark2:209:239 [0] NCCL INFO NET/IB: ncclIbSenderQpsCreate: QP created: port=1 dev=0 devName=rocep1s0f1 ndevs=1 nmdevs=1 qp_num=9902 pkey=0 pd=0xf44760041f80 oooRq=0
spark2:209:239 [0] NCCL INFO NET/IB: ncclIbSenderQpsCreate: QP created: port=1 dev=0 devName=rocep1s0f1 ndevs=1 nmdevs=1 qp_num=9903 pkey=0 pd=0xf44760041f80 oooRq=0
spark2:209:239 [0] NCCL INFO NET/IB: ncclIbConnectImpl: NCCL Dev 0 IbDev 0 Port 1 qp_num 9900 mtu 5 GID 3 (0/264A8C0FFFF0000) ctsFifoRkey=0x235c46 ctsFifoLkey=0x235c46
spark2:209:239 [0] NCCL INFO NET/IB: ncclIbConnectImpl: IbDev 0 Port 1 qp_num 9900 query_ece={supported=1, vendor_id=0x15b3, options=0x30000002, comp_mask=0x0}
spark2:209:239 [0] NCCL INFO NET/IB: ncclIbConnectImpl: NCCL Dev 0 IbDev 0 Port 1 qp_num 9901 mtu 5 GID 3 (0/264A8C0FFFF0000) ctsFifoRkey=0x235c46 ctsFifoLkey=0x235c46
spark2:209:239 [0] NCCL INFO NET/IB: ncclIbConnectImpl: IbDev 0 Port 1 qp_num 9901 query_ece={supported=1, vendor_id=0x15b3, options=0x30000002, comp_mask=0x0}
spark2:209:239 [0] NCCL INFO NET/IB: ncclIbConnectImpl: NCCL Dev 0 IbDev 0 Port 1 qp_num 9902 mtu 5 GID 3 (0/264A8C0FFFF0000) ctsFifoRkey=0x235c46 ctsFifoLkey=0x235c46
spark2:209:239 [0] NCCL INFO NET/IB: ncclIbConnectImpl: IbDev 0 Port 1 qp_num 9902 query_ece={supported=1, vendor_id=0x15b3, options=0x30000002, comp_mask=0x0}
spark2:209:239 [0] NCCL INFO NET/IB: ncclIbConnectImpl: NCCL Dev 0 IbDev 0 Port 1 qp_num 9903 mtu 5 GID 3 (0/264A8C0FFFF0000) ctsFifoRkey=0x235c46 ctsFifoLkey=0x235c46
spark2:209:239 [0] NCCL INFO NET/IB: ncclIbConnectImpl: IbDev 0 Port 1 qp_num 9903 query_ece={supported=1, vendor_id=0x15b3, options=0x30000002, comp_mask=0x0}
spark2:209:239 [0] NCCL INFO NET/IB: ncclIbResiliencyInit: Resiliency is disabled on the recv communicator (comm=0xf4476026d000)
spark2:209:239 [0] NCCL INFO NET/IB: ncclIbRecvCommInit: Receive work requests will be posted on-demand
spark2:209:239 [0] NCCL INFO NET/IB: ncclIbSenderQpsCreate: QP created: port=1 dev=0 devName=rocep1s0f1 ndevs=1 nmdevs=1 qp_num=9904 pkey=0 pd=0xf44760041f80 oooRq=0
spark2:209:239 [0] NCCL INFO NET/IB: ncclIbSenderQpsCreate: QP created: port=1 dev=0 devName=rocep1s0f1 ndevs=1 nmdevs=1 qp_num=9905 pkey=0 pd=0xf44760041f80 oooRq=0
spark2:209:239 [0] NCCL INFO NET/IB: ncclIbSenderQpsCreate: QP created: port=1 dev=0 devName=rocep1s0f1 ndevs=1 nmdevs=1 qp_num=9906 pkey=0 pd=0xf44760041f80 oooRq=0
spark2:209:239 [0] NCCL INFO NET/IB: ncclIbSenderQpsCreate: QP created: port=1 dev=0 devName=rocep1s0f1 ndevs=1 nmdevs=1 qp_num=9907 pkey=0 pd=0xf44760041f80 oooRq=0
spark2:209:239 [0] NCCL INFO NET/IB: ncclIbConnectImpl: NCCL Dev 0 IbDev 0 Port 1 qp_num 9904 mtu 5 GID 3 (0/264A8C0FFFF0000) ctsFifoRkey=0x235b45 ctsFifoLkey=0x235b45
spark2:209:239 [0] NCCL INFO NET/IB: ncclIbConnectImpl: IbDev 0 Port 1 qp_num 9904 query_ece={supported=1, vendor_id=0x15b3, options=0x30000002, comp_mask=0x0}
spark2:209:239 [0] NCCL INFO NET/IB: ncclIbConnectImpl: NCCL Dev 0 IbDev 0 Port 1 qp_num 9905 mtu 5 GID 3 (0/264A8C0FFFF0000) ctsFifoRkey=0x235b45 ctsFifoLkey=0x235b45
spark2:209:239 [0] NCCL INFO NET/IB: ncclIbConnectImpl: IbDev 0 Port 1 qp_num 9905 query_ece={supported=1, vendor_id=0x15b3, options=0x30000002, comp_mask=0x0}
spark2:209:239 [0] NCCL INFO NET/IB: ncclIbConnectImpl: NCCL Dev 0 IbDev 0 Port 1 qp_num 9906 mtu 5 GID 3 (0/264A8C0FFFF0000) ctsFifoRkey=0x235b45 ctsFifoLkey=0x235b45
spark2:209:239 [0] NCCL INFO NET/IB: ncclIbConnectImpl: IbDev 0 Port 1 qp_num 9906 query_ece={supported=1, vendor_id=0x15b3, options=0x30000002, comp_mask=0x0}
spark2:209:239 [0] NCCL INFO NET/IB: ncclIbConnectImpl: NCCL Dev 0 IbDev 0 Port 1 qp_num 9907 mtu 5 GID 3 (0/264A8C0FFFF0000) ctsFifoRkey=0x235b45 ctsFifoLkey=0x235b45
spark2:209:239 [0] NCCL INFO NET/IB: ncclIbConnectImpl: IbDev 0 Port 1 qp_num 9907 query_ece={supported=1, vendor_id=0x15b3, options=0x30000002, comp_mask=0x0}
spark2:209:239 [0] NCCL INFO NET/IB: ncclIbReceiverQpsCreateToRts: QP created: port=1 dev=0 devName=rocep1s0f1 ndevs=1 nmdevs=1 qp_num=9908 pkey=0 pd=0xf44760041f80 oooRq=0
spark2:209:239 [0] NCCL INFO NET/IB: ncclIbReceiverQpsCreateToRts: QP created: port=1 dev=0 devName=rocep1s0f1 ndevs=1 nmdevs=1 qp_num=9909 pkey=0 pd=0xf44760041f80 oooRq=0
spark2:209:239 [0] NCCL INFO NET/IB: ncclIbReceiverQpsCreateToRts: QP created: port=1 dev=0 devName=rocep1s0f1 ndevs=1 nmdevs=1 qp_num=9910 pkey=0 pd=0xf44760041f80 oooRq=0
spark2:209:239 [0] NCCL INFO NET/IB: ncclIbReceiverQpsCreateToRts: QP created: port=1 dev=0 devName=rocep1s0f1 ndevs=1 nmdevs=1 qp_num=9911 pkey=0 pd=0xf44760041f80 oooRq=0
spark2:209:239 [0] NCCL INFO NET/IB: ncclIbReceiverQpsCreateToRts: Flush QP created: port=1 dev=0 devName=rocep1s0f1 ndevs=1 nmdevs=1 qp_num=9912 pkey=0 pd=0xf44760041f80
spark2:209:239 [0] NCCL INFO NET/IB: ncclIbSenderQpsCreate: QP created: port=1 dev=0 devName=rocep1s0f1 ndevs=1 nmdevs=1 qp_num=9913 pkey=0 pd=0xf44760041f80 oooRq=0
spark2:209:239 [0] NCCL INFO NET/IB: ncclIbSenderQpsCreate: QP created: port=1 dev=0 devName=rocep1s0f1 ndevs=1 nmdevs=1 qp_num=9914 pkey=0 pd=0xf44760041f80 oooRq=0
spark2:209:239 [0] NCCL INFO NET/IB: ncclIbSenderQpsCreate: QP created: port=1 dev=0 devName=rocep1s0f1 ndevs=1 nmdevs=1 qp_num=9915 pkey=0 pd=0xf44760041f80 oooRq=0
spark2:209:239 [0] NCCL INFO NET/IB: ncclIbSenderQpsCreate: QP created: port=1 dev=0 devName=rocep1s0f1 ndevs=1 nmdevs=1 qp_num=9916 pkey=0 pd=0xf44760041f80 oooRq=0
spark2:209:239 [0] NCCL INFO NET/IB: ncclIbConnectImpl: NCCL Dev 0 IbDev 0 Port 1 qp_num 9913 mtu 5 GID 3 (0/264A8C0FFFF0000) ctsFifoRkey=0x235942 ctsFifoLkey=0x235942
spark2:209:239 [0] NCCL INFO NET/IB: ncclIbConnectImpl: IbDev 0 Port 1 qp_num 9913 query_ece={supported=1, vendor_id=0x15b3, options=0x30000002, comp_mask=0x0}
spark2:209:239 [0] NCCL INFO NET/IB: ncclIbConnectImpl: NCCL Dev 0 IbDev 0 Port 1 qp_num 9914 mtu 5 GID 3 (0/264A8C0FFFF0000) ctsFifoRkey=0x235942 ctsFifoLkey=0x235942
spark2:209:239 [0] NCCL INFO NET/IB: ncclIbConnectImpl: IbDev 0 Port 1 qp_num 9914 query_ece={supported=1, vendor_id=0x15b3, options=0x30000002, comp_mask=0x0}
spark2:209:239 [0] NCCL INFO NET/IB: ncclIbConnectImpl: NCCL Dev 0 IbDev 0 Port 1 qp_num 9915 mtu 5 GID 3 (0/264A8C0FFFF0000) ctsFifoRkey=0x235942 ctsFifoLkey=0x235942
spark2:209:239 [0] NCCL INFO NET/IB: ncclIbConnectImpl: IbDev 0 Port 1 qp_num 9915 query_ece={supported=1, vendor_id=0x15b3, options=0x30000002, comp_mask=0x0}
spark2:209:239 [0] NCCL INFO NET/IB: ncclIbConnectImpl: NCCL Dev 0 IbDev 0 Port 1 qp_num 9916 mtu 5 GID 3 (0/264A8C0FFFF0000) ctsFifoRkey=0x235942 ctsFifoLkey=0x235942
spark2:209:239 [0] NCCL INFO NET/IB: ncclIbConnectImpl: IbDev 0 Port 1 qp_num 9916 query_ece={supported=1, vendor_id=0x15b3, options=0x30000002, comp_mask=0x0}
spark2:209:239 [0] NCCL INFO NET/IB: ncclIbReceiverQpsCreateToRts: QP created: port=1 dev=0 devName=rocep1s0f1 ndevs=1 nmdevs=1 qp_num=9917 pkey=0 pd=0xf44760041f80 oooRq=0
spark2:209:239 [0] NCCL INFO NET/IB: ncclIbReceiverQpsCreateToRts: QP created: port=1 dev=0 devName=rocep1s0f1 ndevs=1 nmdevs=1 qp_num=9918 pkey=0 pd=0xf44760041f80 oooRq=0
spark2:209:239 [0] NCCL INFO NET/IB: ncclIbReceiverQpsCreateToRts: QP created: port=1 dev=0 devName=rocep1s0f1 ndevs=1 nmdevs=1 qp_num=9919 pkey=0 pd=0xf44760041f80 oooRq=0
spark2:209:239 [0] NCCL INFO NET/IB: ncclIbReceiverQpsCreateToRts: QP created: port=1 dev=0 devName=rocep1s0f1 ndevs=1 nmdevs=1 qp_num=9920 pkey=0 pd=0xf44760041f80 oooRq=0
spark2:209:239 [0] NCCL INFO NET/IB: ncclIbReceiverQpsCreateToRts: Flush QP created: port=1 dev=0 devName=rocep1s0f1 ndevs=1 nmdevs=1 qp_num=9921 pkey=0 pd=0xf44760041f80
spark2:209:239 [0] NCCL INFO NET/IB: ncclIbReceiverQpsCreateToRts: QP created: port=1 dev=0 devName=rocep1s0f1 ndevs=1 nmdevs=1 qp_num=9922 pkey=0 pd=0xf44760041f80 oooRq=0
spark2:209:239 [0] NCCL INFO NET/IB: ncclIbReceiverQpsCreateToRts: QP created: port=1 dev=0 devName=rocep1s0f1 ndevs=1 nmdevs=1 qp_num=9923 pkey=0 pd=0xf44760041f80 oooRq=0
spark2:209:239 [0] NCCL INFO NET/IB: ncclIbReceiverQpsCreateToRts: QP created: port=1 dev=0 devName=rocep1s0f1 ndevs=1 nmdevs=1 qp_num=9924 pkey=0 pd=0xf44760041f80 oooRq=0
spark2:209:239 [0] NCCL INFO NET/IB: ncclIbReceiverQpsCreateToRts: QP created: port=1 dev=0 devName=rocep1s0f1 ndevs=1 nmdevs=1 qp_num=9925 pkey=0 pd=0xf44760041f80 oooRq=0
spark2:209:239 [0] NCCL INFO NET/IB: ncclIbReceiverQpsCreateToRts: Flush QP created: port=1 dev=0 devName=rocep1s0f1 ndevs=1 nmdevs=1 qp_num=9926 pkey=0 pd=0xf44760041f80
spark2:209:239 [0] NCCL INFO NET/IB: ncclIbResiliencyInit: Resiliency is disabled on the send communicator (comm=0xf44760739000)
spark2:209:239 [0] NCCL INFO NET/IB: ncclIbSenderQpsToRts: Set ECE: IbDev 0 Port 1 qp_num 9900 set_ece={supported=1, vendor_id=0x15b3, options=0x30000002, comp_mask=0x0}
spark2:209:239 [0] NCCL INFO NET/IB: ncclIbSenderQpsToRts: Set ECE: IbDev 0 Port 1 qp_num 9901 set_ece={supported=1, vendor_id=0x15b3, options=0x30000002, comp_mask=0x0}
spark2:209:239 [0] NCCL INFO NET/IB: ncclIbSenderQpsToRts: Set ECE: IbDev 0 Port 1 qp_num 9902 set_ece={supported=1, vendor_id=0x15b3, options=0x30000002, comp_mask=0x0}
spark2:209:239 [0] NCCL INFO NET/IB: ncclIbSenderQpsToRts: Set ECE: IbDev 0 Port 1 qp_num 9903 set_ece={supported=1, vendor_id=0x15b3, options=0x30000002, comp_mask=0x0}
spark2:209:239 [0] NCCL INFO NET/IB: ncclIbResiliencyInit: Resiliency is disabled on the recv communicator (comm=0xf4476077d000)
spark2:209:239 [0] NCCL INFO NET/IB: ncclIbRecvCommInit: Receive work requests will be posted on-demand
spark2:209:239 [0] NCCL INFO NET/IB: ncclIbSenderQpsToRts: Set ECE: IbDev 0 Port 1 qp_num 9904 set_ece={supported=1, vendor_id=0x15b3, options=0x30000002, comp_mask=0x0}
spark2:209:239 [0] NCCL INFO NET/IB: ncclIbSenderQpsToRts: Set ECE: IbDev 0 Port 1 qp_num 9905 set_ece={supported=1, vendor_id=0x15b3, options=0x30000002, comp_mask=0x0}
spark2:209:239 [0] NCCL INFO NET/IB: ncclIbSenderQpsToRts: Set ECE: IbDev 0 Port 1 qp_num 9906 set_ece={supported=1, vendor_id=0x15b3, options=0x30000002, comp_mask=0x0}
spark2:209:239 [0] NCCL INFO NET/IB: ncclIbSenderQpsToRts: Set ECE: IbDev 0 Port 1 qp_num 9907 set_ece={supported=1, vendor_id=0x15b3, options=0x30000002, comp_mask=0x0}
spark2:209:239 [0] NCCL INFO NET/IB: ncclIbResiliencyInit: Resiliency is disabled on the send communicator (comm=0xf447607c2000)
spark2:209:239 [0] NCCL INFO NET/IB: ncclIbSenderQpsToRts: Set ECE: IbDev 0 Port 1 qp_num 9913 set_ece={supported=1, vendor_id=0x15b3, options=0x30000002, comp_mask=0x0}
spark2:209:239 [0] NCCL INFO NET/IB: ncclIbSenderQpsToRts: Set ECE: IbDev 0 Port 1 qp_num 9914 set_ece={supported=1, vendor_id=0x15b3, options=0x30000002, comp_mask=0x0}
spark2:209:239 [0] NCCL INFO NET/IB: ncclIbSenderQpsToRts: Set ECE: IbDev 0 Port 1 qp_num 9915 set_ece={supported=1, vendor_id=0x15b3, options=0x30000002, comp_mask=0x0}
spark2:209:239 [0] NCCL INFO NET/IB: ncclIbSenderQpsToRts: Set ECE: IbDev 0 Port 1 qp_num 9916 set_ece={supported=1, vendor_id=0x15b3, options=0x30000002, comp_mask=0x0}
spark2:209:239 [0] NCCL INFO NET/IB: ncclIbResiliencyInit: Resiliency is disabled on the recv communicator (comm=0xf44760803000)
spark2:209:239 [0] NCCL INFO NET/IB: ncclIbRecvCommInit: Receive work requests will be posted on-demand
spark2:209:239 [0] NCCL INFO NET/IB: ncclIbResiliencyInit: Resiliency is disabled on the send communicator (comm=0xf44760848000)
spark2:209:239 [0] NCCL INFO NET/IB: ncclIbResiliencyInit: Resiliency is disabled on the recv communicator (comm=0xf44760889000)
spark2:209:239 [0] NCCL INFO NET/IB: ncclIbRecvCommInit: Receive work requests will be posted on-demand
spark2:209:239 [0] NCCL INFO NET/IB: ncclIbResiliencyInit: Resiliency is disabled on the send communicator (comm=0xf447608ce000)
spark2:209:239 [0] NCCL INFO NET/IB: ncclIbResiliencyInit: Resiliency is disabled on the recv communicator (comm=0xf4476090f000)
spark2:209:239 [0] NCCL INFO NET/IB: ncclIbRecvCommInit: Receive work requests will be posted on-demand
spark2:209:239 [0] NCCL INFO NET/IB: ncclIbResiliencyInit: Resiliency is disabled on the send communicator (comm=0xf44760957000)
spark2:209:239 [0] NCCL INFO NET/IB: ncclIbResiliencyInit: Resiliency is disabled on the recv communicator (comm=0xf4476099b000)
spark2:209:239 [0] NCCL INFO NET/IB: ncclIbRecvCommInit: Receive work requests will be posted on-demand
spark2:209:239 [0] NCCL INFO NET/IB: ncclIbResiliencyInit: Resiliency is disabled on the send communicator (comm=0xf447609e3000)
spark2:209:239 [0] NCCL INFO NET/IB: ncclIbResiliencyInit: Resiliency is disabled on the recv communicator (comm=0xf44760a27000)
spark2:209:239 [0] NCCL INFO NET/IB: ncclIbRecvCommInit: Receive work requests will be posted on-demand
spark2:209:239 [0] NCCL INFO NET/IB: ncclIbResiliencyInit: Resiliency is disabled on the send communicator (comm=0xf44760a6f000)
spark2:209:239 [0] NCCL INFO NET/IB: ncclIbResiliencyInit: Resiliency is disabled on the recv communicator (comm=0xf44760ab3000)
spark2:209:239 [0] NCCL INFO NET/IB: ncclIbRecvCommInit: Receive work requests will be posted on-demand
spark2:209:239 [0] NCCL INFO NET/IB: ncclIbResiliencyInit: Resiliency is disabled on the send communicator (comm=0xf44760afb000)
spark2:209:239 [0] NCCL INFO NET/IB: ncclIbSenderQpsCreate: QP created: port=1 dev=0 devName=rocep1s0f1 ndevs=1 nmdevs=1 qp_num=9927 pkey=0 pd=0xf44760041f80 oooRq=0
spark2:209:239 [0] NCCL INFO NET/IB: ncclIbSenderQpsCreate: QP created: port=1 dev=0 devName=rocep1s0f1 ndevs=1 nmdevs=1 qp_num=9928 pkey=0 pd=0xf44760041f80 oooRq=0
spark2:209:239 [0] NCCL INFO NET/IB: ncclIbSenderQpsCreate: QP created: port=1 dev=0 devName=rocep1s0f1 ndevs=1 nmdevs=1 qp_num=9929 pkey=0 pd=0xf44760041f80 oooRq=0
spark2:209:239 [0] NCCL INFO NET/IB: ncclIbSenderQpsCreate: QP created: port=1 dev=0 devName=rocep1s0f1 ndevs=1 nmdevs=1 qp_num=9930 pkey=0 pd=0xf44760041f80 oooRq=0
spark2:209:239 [0] NCCL INFO NET/IB: ncclIbConnectImpl: NCCL Dev 0 IbDev 0 Port 1 qp_num 9927 mtu 5 GID 3 (0/264A8C0FFFF0000) ctsFifoRkey=0x1bebe8 ctsFifoLkey=0x1bebe8
spark2:209:239 [0] NCCL INFO NET/IB: ncclIbConnectImpl: IbDev 0 Port 1 qp_num 9927 query_ece={supported=1, vendor_id=0x15b3, options=0x30000002, comp_mask=0x0}
spark2:209:239 [0] NCCL INFO NET/IB: ncclIbConnectImpl: NCCL Dev 0 IbDev 0 Port 1 qp_num 9928 mtu 5 GID 3 (0/264A8C0FFFF0000) ctsFifoRkey=0x1bebe8 ctsFifoLkey=0x1bebe8
spark2:209:239 [0] NCCL INFO NET/IB: ncclIbConnectImpl: IbDev 0 Port 1 qp_num 9928 query_ece={supported=1, vendor_id=0x15b3, options=0x30000002, comp_mask=0x0}
spark2:209:239 [0] NCCL INFO NET/IB: ncclIbConnectImpl: NCCL Dev 0 IbDev 0 Port 1 qp_num 9929 mtu 5 GID 3 (0/264A8C0FFFF0000) ctsFifoRkey=0x1bebe8 ctsFifoLkey=0x1bebe8
spark2:209:239 [0] NCCL INFO NET/IB: ncclIbConnectImpl: IbDev 0 Port 1 qp_num 9929 query_ece={supported=1, vendor_id=0x15b3, options=0x30000002, comp_mask=0x0}
spark2:209:239 [0] NCCL INFO NET/IB: ncclIbConnectImpl: NCCL Dev 0 IbDev 0 Port 1 qp_num 9930 mtu 5 GID 3 (0/264A8C0FFFF0000) ctsFifoRkey=0x1bebe8 ctsFifoLkey=0x1bebe8
spark2:209:239 [0] NCCL INFO NET/IB: ncclIbConnectImpl: IbDev 0 Port 1 qp_num 9930 query_ece={supported=1, vendor_id=0x15b3, options=0x30000002, comp_mask=0x0}
spark2:209:239 [0] NCCL INFO NET/IB: ncclIbReceiverQpsCreateToRts: QP created: port=1 dev=0 devName=rocep1s0f1 ndevs=1 nmdevs=1 qp_num=9931 pkey=0 pd=0xf44760041f80 oooRq=0
spark2:209:239 [0] NCCL INFO NET/IB: ncclIbReceiverQpsCreateToRts: QP created: port=1 dev=0 devName=rocep1s0f1 ndevs=1 nmdevs=1 qp_num=9932 pkey=0 pd=0xf44760041f80 oooRq=0
spark2:209:239 [0] NCCL INFO NET/IB: ncclIbReceiverQpsCreateToRts: QP created: port=1 dev=0 devName=rocep1s0f1 ndevs=1 nmdevs=1 qp_num=9933 pkey=0 pd=0xf44760041f80 oooRq=0
spark2:209:239 [0] NCCL INFO NET/IB: ncclIbReceiverQpsCreateToRts: QP created: port=1 dev=0 devName=rocep1s0f1 ndevs=1 nmdevs=1 qp_num=9934 pkey=0 pd=0xf44760041f80 oooRq=0
spark2:209:239 [0] NCCL INFO NET/IB: ncclIbReceiverQpsCreateToRts: Flush QP created: port=1 dev=0 devName=rocep1s0f1 ndevs=1 nmdevs=1 qp_num=9935 pkey=0 pd=0xf44760041f80
spark2:209:239 [0] NCCL INFO NET/IB: ncclIbSenderQpsCreate: QP created: port=1 dev=0 devName=rocep1s0f1 ndevs=1 nmdevs=1 qp_num=9936 pkey=0 pd=0xf44760041f80 oooRq=0
spark2:209:239 [0] NCCL INFO NET/IB: ncclIbSenderQpsCreate: QP created: port=1 dev=0 devName=rocep1s0f1 ndevs=1 nmdevs=1 qp_num=9937 pkey=0 pd=0xf44760041f80 oooRq=0
spark2:209:239 [0] NCCL INFO NET/IB: ncclIbSenderQpsCreate: QP created: port=1 dev=0 devName=rocep1s0f1 ndevs=1 nmdevs=1 qp_num=9938 pkey=0 pd=0xf44760041f80 oooRq=0
spark2:209:239 [0] NCCL INFO NET/IB: ncclIbSenderQpsCreate: QP created: port=1 dev=0 devName=rocep1s0f1 ndevs=1 nmdevs=1 qp_num=9939 pkey=0 pd=0xf44760041f80 oooRq=0
spark2:209:239 [0] NCCL INFO NET/IB: ncclIbConnectImpl: NCCL Dev 0 IbDev 0 Port 1 qp_num 9936 mtu 5 GID 3 (0/264A8C0FFFF0000) ctsFifoRkey=0x1bc8c5 ctsFifoLkey=0x1bc8c5
spark2:209:239 [0] NCCL INFO NET/IB: ncclIbConnectImpl: IbDev 0 Port 1 qp_num 9936 query_ece={supported=1, vendor_id=0x15b3, options=0x30000002, comp_mask=0x0}
spark2:209:239 [0] NCCL INFO NET/IB: ncclIbConnectImpl: NCCL Dev 0 IbDev 0 Port 1 qp_num 9937 mtu 5 GID 3 (0/264A8C0FFFF0000) ctsFifoRkey=0x1bc8c5 ctsFifoLkey=0x1bc8c5
spark2:209:239 [0] NCCL INFO NET/IB: ncclIbConnectImpl: IbDev 0 Port 1 qp_num 9937 query_ece={supported=1, vendor_id=0x15b3, options=0x30000002, comp_mask=0x0}
spark2:209:239 [0] NCCL INFO NET/IB: ncclIbConnectImpl: NCCL Dev 0 IbDev 0 Port 1 qp_num 9938 mtu 5 GID 3 (0/264A8C0FFFF0000) ctsFifoRkey=0x1bc8c5 ctsFifoLkey=0x1bc8c5
spark2:209:239 [0] NCCL INFO NET/IB: ncclIbConnectImpl: IbDev 0 Port 1 qp_num 9938 query_ece={supported=1, vendor_id=0x15b3, options=0x30000002, comp_mask=0x0}
spark2:209:239 [0] NCCL INFO NET/IB: ncclIbConnectImpl: NCCL Dev 0 IbDev 0 Port 1 qp_num 9939 mtu 5 GID 3 (0/264A8C0FFFF0000) ctsFifoRkey=0x1bc8c5 ctsFifoLkey=0x1bc8c5
spark2:209:239 [0] NCCL INFO NET/IB: ncclIbConnectImpl: IbDev 0 Port 1 qp_num 9939 query_ece={supported=1, vendor_id=0x15b3, options=0x30000002, comp_mask=0x0}
spark2:209:239 [0] NCCL INFO NET/IB: ncclIbReceiverQpsCreateToRts: QP created: port=1 dev=0 devName=rocep1s0f1 ndevs=1 nmdevs=1 qp_num=9940 pkey=0 pd=0xf44760041f80 oooRq=0
spark2:209:239 [0] NCCL INFO NET/IB: ncclIbReceiverQpsCreateToRts: QP created: port=1 dev=0 devName=rocep1s0f1 ndevs=1 nmdevs=1 qp_num=9941 pkey=0 pd=0xf44760041f80 oooRq=0
spark2:209:239 [0] NCCL INFO NET/IB: ncclIbReceiverQpsCreateToRts: QP created: port=1 dev=0 devName=rocep1s0f1 ndevs=1 nmdevs=1 qp_num=9942 pkey=0 pd=0xf44760041f80 oooRq=0
spark2:209:239 [0] NCCL INFO NET/IB: ncclIbReceiverQpsCreateToRts: QP created: port=1 dev=0 devName=rocep1s0f1 ndevs=1 nmdevs=1 qp_num=9943 pkey=0 pd=0xf44760041f80 oooRq=0
spark2:209:239 [0] NCCL INFO NET/IB: ncclIbReceiverQpsCreateToRts: Flush QP created: port=1 dev=0 devName=rocep1s0f1 ndevs=1 nmdevs=1 qp_num=9944 pkey=0 pd=0xf44760041f80
spark2:209:239 [0] NCCL INFO NET/IB: ncclIbSenderQpsCreate: QP created: port=1 dev=0 devName=rocep1s0f1 ndevs=1 nmdevs=1 qp_num=9945 pkey=0 pd=0xf44760041f80 oooRq=0
spark2:209:239 [0] NCCL INFO NET/IB: ncclIbSenderQpsCreate: QP created: port=1 dev=0 devName=rocep1s0f1 ndevs=1 nmdevs=1 qp_num=9946 pkey=0 pd=0xf44760041f80 oooRq=0
spark2:209:239 [0] NCCL INFO NET/IB: ncclIbSenderQpsCreate: QP created: port=1 dev=0 devName=rocep1s0f1 ndevs=1 nmdevs=1 qp_num=9947 pkey=0 pd=0xf44760041f80 oooRq=0
spark2:209:239 [0] NCCL INFO NET/IB: ncclIbSenderQpsCreate: QP created: port=1 dev=0 devName=rocep1s0f1 ndevs=1 nmdevs=1 qp_num=9948 pkey=0 pd=0xf44760041f80 oooRq=0
spark2:209:239 [0] NCCL INFO NET/IB: ncclIbConnectImpl: NCCL Dev 0 IbDev 0 Port 1 qp_num 9945 mtu 5 GID 3 (0/264A8C0FFFF0000) ctsFifoRkey=0x1be7e4 ctsFifoLkey=0x1be7e4
spark2:209:239 [0] NCCL INFO NET/IB: ncclIbConnectImpl: IbDev 0 Port 1 qp_num 9945 query_ece={supported=1, vendor_id=0x15b3, options=0x30000002, comp_mask=0x0}
spark2:209:239 [0] NCCL INFO NET/IB: ncclIbConnectImpl: NCCL Dev 0 IbDev 0 Port 1 qp_num 9946 mtu 5 GID 3 (0/264A8C0FFFF0000) ctsFifoRkey=0x1be7e4 ctsFifoLkey=0x1be7e4
spark2:209:239 [0] NCCL INFO NET/IB: ncclIbConnectImpl: IbDev 0 Port 1 qp_num 9946 query_ece={supported=1, vendor_id=0x15b3, options=0x30000002, comp_mask=0x0}
spark2:209:239 [0] NCCL INFO NET/IB: ncclIbConnectImpl: NCCL Dev 0 IbDev 0 Port 1 qp_num 9947 mtu 5 GID 3 (0/264A8C0FFFF0000) ctsFifoRkey=0x1be7e4 ctsFifoLkey=0x1be7e4
spark2:209:239 [0] NCCL INFO NET/IB: ncclIbConnectImpl: IbDev 0 Port 1 qp_num 9947 query_ece={supported=1, vendor_id=0x15b3, options=0x30000002, comp_mask=0x0}
spark2:209:239 [0] NCCL INFO NET/IB: ncclIbConnectImpl: NCCL Dev 0 IbDev 0 Port 1 qp_num 9948 mtu 5 GID 3 (0/264A8C0FFFF0000) ctsFifoRkey=0x1be7e4 ctsFifoLkey=0x1be7e4
spark2:209:239 [0] NCCL INFO NET/IB: ncclIbConnectImpl: IbDev 0 Port 1 qp_num 9948 query_ece={supported=1, vendor_id=0x15b3, options=0x30000002, comp_mask=0x0}
spark2:209:239 [0] NCCL INFO NET/IB: ncclIbReceiverQpsCreateToRts: QP created: port=1 dev=0 devName=rocep1s0f1 ndevs=1 nmdevs=1 qp_num=9949 pkey=0 pd=0xf44760041f80 oooRq=0
spark2:209:239 [0] NCCL INFO NET/IB: ncclIbReceiverQpsCreateToRts: QP created: port=1 dev=0 devName=rocep1s0f1 ndevs=1 nmdevs=1 qp_num=9950 pkey=0 pd=0xf44760041f80 oooRq=0
spark2:209:239 [0] NCCL INFO NET/IB: ncclIbReceiverQpsCreateToRts: QP created: port=1 dev=0 devName=rocep1s0f1 ndevs=1 nmdevs=1 qp_num=9951 pkey=0 pd=0xf44760041f80 oooRq=0
spark2:209:239 [0] NCCL INFO NET/IB: ncclIbReceiverQpsCreateToRts: QP created: port=1 dev=0 devName=rocep1s0f1 ndevs=1 nmdevs=1 qp_num=9952 pkey=0 pd=0xf44760041f80 oooRq=0
spark2:209:239 [0] NCCL INFO NET/IB: ncclIbReceiverQpsCreateToRts: Flush QP created: port=1 dev=0 devName=rocep1s0f1 ndevs=1 nmdevs=1 qp_num=9953 pkey=0 pd=0xf44760041f80
spark2:209:239 [0] NCCL INFO NET/IB: ncclIbSenderQpsCreate: QP created: port=1 dev=0 devName=rocep1s0f1 ndevs=1 nmdevs=1 qp_num=9954 pkey=0 pd=0xf44760041f80 oooRq=0
spark2:209:239 [0] NCCL INFO NET/IB: ncclIbSenderQpsCreate: QP created: port=1 dev=0 devName=rocep1s0f1 ndevs=1 nmdevs=1 qp_num=9955 pkey=0 pd=0xf44760041f80 oooRq=0
spark2:209:239 [0] NCCL INFO NET/IB: ncclIbSenderQpsCreate: QP created: port=1 dev=0 devName=rocep1s0f1 ndevs=1 nmdevs=1 qp_num=9956 pkey=0 pd=0xf44760041f80 oooRq=0
spark2:209:239 [0] NCCL INFO NET/IB: ncclIbSenderQpsCreate: QP created: port=1 dev=0 devName=rocep1s0f1 ndevs=1 nmdevs=1 qp_num=9957 pkey=0 pd=0xf44760041f80 oooRq=0
spark2:209:239 [0] NCCL INFO NET/IB: ncclIbConnectImpl: NCCL Dev 0 IbDev 0 Port 1 qp_num 9954 mtu 5 GID 3 (0/264A8C0FFFF0000) ctsFifoRkey=0x1be4e1 ctsFifoLkey=0x1be4e1
spark2:209:239 [0] NCCL INFO NET/IB: ncclIbConnectImpl: IbDev 0 Port 1 qp_num 9954 query_ece={supported=1, vendor_id=0x15b3, options=0x30000002, comp_mask=0x0}
spark2:209:239 [0] NCCL INFO NET/IB: ncclIbConnectImpl: NCCL Dev 0 IbDev 0 Port 1 qp_num 9955 mtu 5 GID 3 (0/264A8C0FFFF0000) ctsFifoRkey=0x1be4e1 ctsFifoLkey=0x1be4e1
spark2:209:239 [0] NCCL INFO NET/IB: ncclIbConnectImpl: IbDev 0 Port 1 qp_num 9955 query_ece={supported=1, vendor_id=0x15b3, options=0x30000002, comp_mask=0x0}
spark2:209:239 [0] NCCL INFO NET/IB: ncclIbConnectImpl: NCCL Dev 0 IbDev 0 Port 1 qp_num 9956 mtu 5 GID 3 (0/264A8C0FFFF0000) ctsFifoRkey=0x1be4e1 ctsFifoLkey=0x1be4e1
spark2:209:239 [0] NCCL INFO NET/IB: ncclIbConnectImpl: IbDev 0 Port 1 qp_num 9956 query_ece={supported=1, vendor_id=0x15b3, options=0x30000002, comp_mask=0x0}
spark2:209:239 [0] NCCL INFO NET/IB: ncclIbConnectImpl: NCCL Dev 0 IbDev 0 Port 1 qp_num 9957 mtu 5 GID 3 (0/264A8C0FFFF0000) ctsFifoRkey=0x1be4e1 ctsFifoLkey=0x1be4e1
spark2:209:239 [0] NCCL INFO NET/IB: ncclIbConnectImpl: IbDev 0 Port 1 qp_num 9957 query_ece={supported=1, vendor_id=0x15b3, options=0x30000002, comp_mask=0x0}
spark2:209:239 [0] NCCL INFO NET/IB: ncclIbReceiverQpsCreateToRts: QP created: port=1 dev=0 devName=rocep1s0f1 ndevs=1 nmdevs=1 qp_num=9958 pkey=0 pd=0xf44760041f80 oooRq=0
spark2:209:239 [0] NCCL INFO NET/IB: ncclIbReceiverQpsCreateToRts: QP created: port=1 dev=0 devName=rocep1s0f1 ndevs=1 nmdevs=1 qp_num=9959 pkey=0 pd=0xf44760041f80 oooRq=0
spark2:209:239 [0] NCCL INFO NET/IB: ncclIbReceiverQpsCreateToRts: QP created: port=1 dev=0 devName=rocep1s0f1 ndevs=1 nmdevs=1 qp_num=9960 pkey=0 pd=0xf44760041f80 oooRq=0
spark2:209:239 [0] NCCL INFO NET/IB: ncclIbReceiverQpsCreateToRts: QP created: port=1 dev=0 devName=rocep1s0f1 ndevs=1 nmdevs=1 qp_num=9961 pkey=0 pd=0xf44760041f80 oooRq=0
spark2:209:239 [0] NCCL INFO NET/IB: ncclIbReceiverQpsCreateToRts: Flush QP created: port=1 dev=0 devName=rocep1s0f1 ndevs=1 nmdevs=1 qp_num=9962 pkey=0 pd=0xf44760041f80
spark2:209:239 [0] NCCL INFO NET/IB: ncclIbSenderQpsCreate: QP created: port=1 dev=0 devName=rocep1s0f1 ndevs=1 nmdevs=1 qp_num=9963 pkey=0 pd=0xf44760041f80 oooRq=0
spark2:209:239 [0] NCCL INFO NET/IB: ncclIbSenderQpsCreate: QP created: port=1 dev=0 devName=rocep1s0f1 ndevs=1 nmdevs=1 qp_num=9964 pkey=0 pd=0xf44760041f80 oooRq=0
spark2:209:239 [0] NCCL INFO NET/IB: ncclIbSenderQpsCreate: QP created: port=1 dev=0 devName=rocep1s0f1 ndevs=1 nmdevs=1 qp_num=9965 pkey=0 pd=0xf44760041f80 oooRq=0
spark2:209:239 [0] NCCL INFO NET/IB: ncclIbSenderQpsCreate: QP created: port=1 dev=0 devName=rocep1s0f1 ndevs=1 nmdevs=1 qp_num=9966 pkey=0 pd=0xf44760041f80 oooRq=0
spark2:209:239 [0] NCCL INFO NET/IB: ncclIbConnectImpl: NCCL Dev 0 IbDev 0 Port 1 qp_num 9963 mtu 5 GID 3 (0/264A8C0FFFF0000) ctsFifoRkey=0x1be0dd ctsFifoLkey=0x1be0dd
spark2:209:239 [0] NCCL INFO NET/IB: ncclIbConnectImpl: IbDev 0 Port 1 qp_num 9963 query_ece={supported=1, vendor_id=0x15b3, options=0x30000002, comp_mask=0x0}
spark2:209:239 [0] NCCL INFO NET/IB: ncclIbConnectImpl: NCCL Dev 0 IbDev 0 Port 1 qp_num 9964 mtu 5 GID 3 (0/264A8C0FFFF0000) ctsFifoRkey=0x1be0dd ctsFifoLkey=0x1be0dd
spark2:209:239 [0] NCCL INFO NET/IB: ncclIbConnectImpl: IbDev 0 Port 1 qp_num 9964 query_ece={supported=1, vendor_id=0x15b3, options=0x30000002, comp_mask=0x0}
spark2:209:239 [0] NCCL INFO NET/IB: ncclIbConnectImpl: NCCL Dev 0 IbDev 0 Port 1 qp_num 9965 mtu 5 GID 3 (0/264A8C0FFFF0000) ctsFifoRkey=0x1be0dd ctsFifoLkey=0x1be0dd
spark2:209:239 [0] NCCL INFO NET/IB: ncclIbConnectImpl: IbDev 0 Port 1 qp_num 9965 query_ece={supported=1, vendor_id=0x15b3, options=0x30000002, comp_mask=0x0}
spark2:209:239 [0] NCCL INFO NET/IB: ncclIbConnectImpl: NCCL Dev 0 IbDev 0 Port 1 qp_num 9966 mtu 5 GID 3 (0/264A8C0FFFF0000) ctsFifoRkey=0x1be0dd ctsFifoLkey=0x1be0dd
spark2:209:239 [0] NCCL INFO NET/IB: ncclIbConnectImpl: IbDev 0 Port 1 qp_num 9966 query_ece={supported=1, vendor_id=0x15b3, options=0x30000002, comp_mask=0x0}
spark2:209:239 [0] NCCL INFO NET/IB: ncclIbReceiverQpsCreateToRts: QP created: port=1 dev=0 devName=rocep1s0f1 ndevs=1 nmdevs=1 qp_num=9967 pkey=0 pd=0xf44760041f80 oooRq=0
spark2:209:239 [0] NCCL INFO NET/IB: ncclIbReceiverQpsCreateToRts: QP created: port=1 dev=0 devName=rocep1s0f1 ndevs=1 nmdevs=1 qp_num=9968 pkey=0 pd=0xf44760041f80 oooRq=0
spark2:209:239 [0] NCCL INFO NET/IB: ncclIbReceiverQpsCreateToRts: QP created: port=1 dev=0 devName=rocep1s0f1 ndevs=1 nmdevs=1 qp_num=9969 pkey=0 pd=0xf44760041f80 oooRq=0
spark2:209:239 [0] NCCL INFO NET/IB: ncclIbReceiverQpsCreateToRts: QP created: port=1 dev=0 devName=rocep1s0f1 ndevs=1 nmdevs=1 qp_num=9970 pkey=0 pd=0xf44760041f80 oooRq=0
spark2:209:239 [0] NCCL INFO NET/IB: ncclIbReceiverQpsCreateToRts: Flush QP created: port=1 dev=0 devName=rocep1s0f1 ndevs=1 nmdevs=1 qp_num=9971 pkey=0 pd=0xf44760041f80
spark2:209:239 [0] NCCL INFO NET/IB: ncclIbSenderQpsCreate: QP created: port=1 dev=0 devName=rocep1s0f1 ndevs=1 nmdevs=1 qp_num=9972 pkey=0 pd=0xf44760041f80 oooRq=0
spark2:209:239 [0] NCCL INFO NET/IB: ncclIbSenderQpsCreate: QP created: port=1 dev=0 devName=rocep1s0f1 ndevs=1 nmdevs=1 qp_num=9973 pkey=0 pd=0xf44760041f80 oooRq=0
spark2:209:239 [0] NCCL INFO NET/IB: ncclIbSenderQpsCreate: QP created: port=1 dev=0 devName=rocep1s0f1 ndevs=1 nmdevs=1 qp_num=9974 pkey=0 pd=0xf44760041f80 oooRq=0
spark2:209:239 [0] NCCL INFO NET/IB: ncclIbSenderQpsCreate: QP created: port=1 dev=0 devName=rocep1s0f1 ndevs=1 nmdevs=1 qp_num=9975 pkey=0 pd=0xf44760041f80 oooRq=0
spark2:209:239 [0] NCCL INFO NET/IB: ncclIbConnectImpl: NCCL Dev 0 IbDev 0 Port 1 qp_num 9972 mtu 5 GID 3 (0/264A8C0FFFF0000) ctsFifoRkey=0x23553e ctsFifoLkey=0x23553e
spark2:209:239 [0] NCCL INFO NET/IB: ncclIbConnectImpl: IbDev 0 Port 1 qp_num 9972 query_ece={supported=1, vendor_id=0x15b3, options=0x30000002, comp_mask=0x0}
spark2:209:239 [0] NCCL INFO NET/IB: ncclIbConnectImpl: NCCL Dev 0 IbDev 0 Port 1 qp_num 9973 mtu 5 GID 3 (0/264A8C0FFFF0000) ctsFifoRkey=0x23553e ctsFifoLkey=0x23553e
spark2:209:239 [0] NCCL INFO NET/IB: ncclIbConnectImpl: IbDev 0 Port 1 qp_num 9973 query_ece={supported=1, vendor_id=0x15b3, options=0x30000002, comp_mask=0x0}
spark2:209:239 [0] NCCL INFO NET/IB: ncclIbConnectImpl: NCCL Dev 0 IbDev 0 Port 1 qp_num 9974 mtu 5 GID 3 (0/264A8C0FFFF0000) ctsFifoRkey=0x23553e ctsFifoLkey=0x23553e
spark2:209:239 [0] NCCL INFO NET/IB: ncclIbConnectImpl: IbDev 0 Port 1 qp_num 9974 query_ece={supported=1, vendor_id=0x15b3, options=0x30000002, comp_mask=0x0}
spark2:209:239 [0] NCCL INFO NET/IB: ncclIbConnectImpl: NCCL Dev 0 IbDev 0 Port 1 qp_num 9975 mtu 5 GID 3 (0/264A8C0FFFF0000) ctsFifoRkey=0x23553e ctsFifoLkey=0x23553e
spark2:209:239 [0] NCCL INFO NET/IB: ncclIbConnectImpl: IbDev 0 Port 1 qp_num 9975 query_ece={supported=1, vendor_id=0x15b3, options=0x30000002, comp_mask=0x0}
spark2:209:239 [0] NCCL INFO NET/IB: ncclIbReceiverQpsCreateToRts: QP created: port=1 dev=0 devName=rocep1s0f1 ndevs=1 nmdevs=1 qp_num=9976 pkey=0 pd=0xf44760041f80 oooRq=0
spark2:209:239 [0] NCCL INFO NET/IB: ncclIbReceiverQpsCreateToRts: QP created: port=1 dev=0 devName=rocep1s0f1 ndevs=1 nmdevs=1 qp_num=9977 pkey=0 pd=0xf44760041f80 oooRq=0
spark2:209:239 [0] NCCL INFO NET/IB: ncclIbReceiverQpsCreateToRts: QP created: port=1 dev=0 devName=rocep1s0f1 ndevs=1 nmdevs=1 qp_num=9978 pkey=0 pd=0xf44760041f80 oooRq=0
spark2:209:239 [0] NCCL INFO NET/IB: ncclIbReceiverQpsCreateToRts: QP created: port=1 dev=0 devName=rocep1s0f1 ndevs=1 nmdevs=1 qp_num=9979 pkey=0 pd=0xf44760041f80 oooRq=0
spark2:209:239 [0] NCCL INFO NET/IB: ncclIbReceiverQpsCreateToRts: Flush QP created: port=1 dev=0 devName=rocep1s0f1 ndevs=1 nmdevs=1 qp_num=9980 pkey=0 pd=0xf44760041f80
spark2:209:239 [0] NCCL INFO NET/IB: ncclIbSenderQpsCreate: QP created: port=1 dev=0 devName=rocep1s0f1 ndevs=1 nmdevs=1 qp_num=9981 pkey=0 pd=0xf44760041f80 oooRq=0
spark2:209:239 [0] NCCL INFO NET/IB: ncclIbSenderQpsCreate: QP created: port=1 dev=0 devName=rocep1s0f1 ndevs=1 nmdevs=1 qp_num=9982 pkey=0 pd=0xf44760041f80 oooRq=0
spark2:209:239 [0] NCCL INFO NET/IB: ncclIbSenderQpsCreate: QP created: port=1 dev=0 devName=rocep1s0f1 ndevs=1 nmdevs=1 qp_num=9983 pkey=0 pd=0xf44760041f80 oooRq=0
spark2:209:239 [0] NCCL INFO NET/IB: ncclIbSenderQpsCreate: QP created: port=1 dev=0 devName=rocep1s0f1 ndevs=1 nmdevs=1 qp_num=9984 pkey=0 pd=0xf44760041f80 oooRq=0
spark2:209:239 [0] NCCL INFO NET/IB: ncclIbConnectImpl: NCCL Dev 0 IbDev 0 Port 1 qp_num 9981 mtu 5 GID 3 (0/264A8C0FFFF0000) ctsFifoRkey=0x23533c ctsFifoLkey=0x23533c
spark2:209:239 [0] NCCL INFO NET/IB: ncclIbConnectImpl: IbDev 0 Port 1 qp_num 9981 query_ece={supported=1, vendor_id=0x15b3, options=0x30000002, comp_mask=0x0}
spark2:209:239 [0] NCCL INFO NET/IB: ncclIbConnectImpl: NCCL Dev 0 IbDev 0 Port 1 qp_num 9982 mtu 5 GID 3 (0/264A8C0FFFF0000) ctsFifoRkey=0x23533c ctsFifoLkey=0x23533c
spark2:209:239 [0] NCCL INFO NET/IB: ncclIbConnectImpl: IbDev 0 Port 1 qp_num 9982 query_ece={supported=1, vendor_id=0x15b3, options=0x30000002, comp_mask=0x0}
spark2:209:239 [0] NCCL INFO NET/IB: ncclIbConnectImpl: NCCL Dev 0 IbDev 0 Port 1 qp_num 9983 mtu 5 GID 3 (0/264A8C0FFFF0000) ctsFifoRkey=0x23533c ctsFifoLkey=0x23533c
spark2:209:239 [0] NCCL INFO NET/IB: ncclIbConnectImpl: IbDev 0 Port 1 qp_num 9983 query_ece={supported=1, vendor_id=0x15b3, options=0x30000002, comp_mask=0x0}
spark2:209:239 [0] NCCL INFO NET/IB: ncclIbConnectImpl: NCCL Dev 0 IbDev 0 Port 1 qp_num 9984 mtu 5 GID 3 (0/264A8C0FFFF0000) ctsFifoRkey=0x23533c ctsFifoLkey=0x23533c
spark2:209:239 [0] NCCL INFO NET/IB: ncclIbConnectImpl: IbDev 0 Port 1 qp_num 9984 query_ece={supported=1, vendor_id=0x15b3, options=0x30000002, comp_mask=0x0}
spark2:209:239 [0] NCCL INFO NET/IB: ncclIbReceiverQpsCreateToRts: QP created: port=1 dev=0 devName=rocep1s0f1 ndevs=1 nmdevs=1 qp_num=9985 pkey=0 pd=0xf44760041f80 oooRq=0
spark2:209:239 [0] NCCL INFO NET/IB: ncclIbReceiverQpsCreateToRts: QP created: port=1 dev=0 devName=rocep1s0f1 ndevs=1 nmdevs=1 qp_num=9986 pkey=0 pd=0xf44760041f80 oooRq=0
spark2:209:239 [0] NCCL INFO NET/IB: ncclIbReceiverQpsCreateToRts: QP created: port=1 dev=0 devName=rocep1s0f1 ndevs=1 nmdevs=1 qp_num=9987 pkey=0 pd=0xf44760041f80 oooRq=0
spark2:209:239 [0] NCCL INFO NET/IB: ncclIbReceiverQpsCreateToRts: QP created: port=1 dev=0 devName=rocep1s0f1 ndevs=1 nmdevs=1 qp_num=9988 pkey=0 pd=0xf44760041f80 oooRq=0
spark2:209:239 [0] NCCL INFO NET/IB: ncclIbReceiverQpsCreateToRts: Flush QP created: port=1 dev=0 devName=rocep1s0f1 ndevs=1 nmdevs=1 qp_num=9989 pkey=0 pd=0xf44760041f80
spark2:209:239 [0] NCCL INFO NET/IB: ncclIbSenderQpsCreate: QP created: port=1 dev=0 devName=rocep1s0f1 ndevs=1 nmdevs=1 qp_num=9990 pkey=0 pd=0xf44760041f80 oooRq=0
spark2:209:239 [0] NCCL INFO NET/IB: ncclIbSenderQpsCreate: QP created: port=1 dev=0 devName=rocep1s0f1 ndevs=1 nmdevs=1 qp_num=9991 pkey=0 pd=0xf44760041f80 oooRq=0
spark2:209:239 [0] NCCL INFO NET/IB: ncclIbSenderQpsCreate: QP created: port=1 dev=0 devName=rocep1s0f1 ndevs=1 nmdevs=1 qp_num=9992 pkey=0 pd=0xf44760041f80 oooRq=0
spark2:209:239 [0] NCCL INFO NET/IB: ncclIbSenderQpsCreate: QP created: port=1 dev=0 devName=rocep1s0f1 ndevs=1 nmdevs=1 qp_num=9993 pkey=0 pd=0xf44760041f80 oooRq=0
spark2:209:239 [0] NCCL INFO NET/IB: ncclIbConnectImpl: NCCL Dev 0 IbDev 0 Port 1 qp_num 9990 mtu 5 GID 3 (0/264A8C0FFFF0000) ctsFifoRkey=0x23513a ctsFifoLkey=0x23513a
spark2:209:239 [0] NCCL INFO NET/IB: ncclIbConnectImpl: IbDev 0 Port 1 qp_num 9990 query_ece={supported=1, vendor_id=0x15b3, options=0x30000002, comp_mask=0x0}
spark2:209:239 [0] NCCL INFO NET/IB: ncclIbConnectImpl: NCCL Dev 0 IbDev 0 Port 1 qp_num 9991 mtu 5 GID 3 (0/264A8C0FFFF0000) ctsFifoRkey=0x23513a ctsFifoLkey=0x23513a
spark2:209:239 [0] NCCL INFO NET/IB: ncclIbConnectImpl: IbDev 0 Port 1 qp_num 9991 query_ece={supported=1, vendor_id=0x15b3, options=0x30000002, comp_mask=0x0}
spark2:209:239 [0] NCCL INFO NET/IB: ncclIbConnectImpl: NCCL Dev 0 IbDev 0 Port 1 qp_num 9992 mtu 5 GID 3 (0/264A8C0FFFF0000) ctsFifoRkey=0x23513a ctsFifoLkey=0x23513a
spark2:209:239 [0] NCCL INFO NET/IB: ncclIbConnectImpl: IbDev 0 Port 1 qp_num 9992 query_ece={supported=1, vendor_id=0x15b3, options=0x30000002, comp_mask=0x0}
spark2:209:239 [0] NCCL INFO NET/IB: ncclIbConnectImpl: NCCL Dev 0 IbDev 0 Port 1 qp_num 9993 mtu 5 GID 3 (0/264A8C0FFFF0000) ctsFifoRkey=0x23513a ctsFifoLkey=0x23513a
spark2:209:239 [0] NCCL INFO NET/IB: ncclIbConnectImpl: IbDev 0 Port 1 qp_num 9993 query_ece={supported=1, vendor_id=0x15b3, options=0x30000002, comp_mask=0x0}
spark2:209:239 [0] NCCL INFO NET/IB: ncclIbResiliencyInit: Resiliency is disabled on the recv communicator (comm=0xf4476185b000)
spark2:209:239 [0] NCCL INFO NET/IB: ncclIbRecvCommInit: Receive work requests will be posted on-demand
spark2:209:239 [0] NCCL INFO NET/IB: ncclIbSenderQpsToRts: Set ECE: IbDev 0 Port 1 qp_num 9927 set_ece={supported=1, vendor_id=0x15b3, options=0x30000002, comp_mask=0x0}
spark2:209:239 [0] NCCL INFO NET/IB: ncclIbSenderQpsToRts: Set ECE: IbDev 0 Port 1 qp_num 9928 set_ece={supported=1, vendor_id=0x15b3, options=0x30000002, comp_mask=0x0}
spark2:209:239 [0] NCCL INFO NET/IB: ncclIbSenderQpsToRts: Set ECE: IbDev 0 Port 1 qp_num 9929 set_ece={supported=1, vendor_id=0x15b3, options=0x30000002, comp_mask=0x0}
spark2:209:239 [0] NCCL INFO NET/IB: ncclIbSenderQpsToRts: Set ECE: IbDev 0 Port 1 qp_num 9930 set_ece={supported=1, vendor_id=0x15b3, options=0x30000002, comp_mask=0x0}
spark2:209:239 [0] NCCL INFO NET/IB: ncclIbSenderQpsToRts: Set ECE: IbDev 0 Port 1 qp_num 9936 set_ece={supported=1, vendor_id=0x15b3, options=0x30000002, comp_mask=0x0}
spark2:209:239 [0] NCCL INFO NET/IB: ncclIbSenderQpsToRts: Set ECE: IbDev 0 Port 1 qp_num 9937 set_ece={supported=1, vendor_id=0x15b3, options=0x30000002, comp_mask=0x0}
spark2:209:239 [0] NCCL INFO NET/IB: ncclIbSenderQpsToRts: Set ECE: IbDev 0 Port 1 qp_num 9938 set_ece={supported=1, vendor_id=0x15b3, options=0x30000002, comp_mask=0x0}
spark2:209:239 [0] NCCL INFO NET/IB: ncclIbSenderQpsToRts: Set ECE: IbDev 0 Port 1 qp_num 9939 set_ece={supported=1, vendor_id=0x15b3, options=0x30000002, comp_mask=0x0}
spark2:209:239 [0] NCCL INFO NET/IB: ncclIbSenderQpsToRts: Set ECE: IbDev 0 Port 1 qp_num 9945 set_ece={supported=1, vendor_id=0x15b3, options=0x30000002, comp_mask=0x0}
spark2:209:239 [0] NCCL INFO NET/IB: ncclIbSenderQpsToRts: Set ECE: IbDev 0 Port 1 qp_num 9946 set_ece={supported=1, vendor_id=0x15b3, options=0x30000002, comp_mask=0x0}
spark2:209:239 [0] NCCL INFO NET/IB: ncclIbSenderQpsToRts: Set ECE: IbDev 0 Port 1 qp_num 9947 set_ece={supported=1, vendor_id=0x15b3, options=0x30000002, comp_mask=0x0}
spark2:209:239 [0] NCCL INFO NET/IB: ncclIbSenderQpsToRts: Set ECE: IbDev 0 Port 1 qp_num 9948 set_ece={supported=1, vendor_id=0x15b3, options=0x30000002, comp_mask=0x0}
spark2:209:239 [0] NCCL INFO NET/IB: ncclIbSenderQpsToRts: Set ECE: IbDev 0 Port 1 qp_num 9954 set_ece={supported=1, vendor_id=0x15b3, options=0x30000002, comp_mask=0x0}
spark2:209:239 [0] NCCL INFO NET/IB: ncclIbSenderQpsToRts: Set ECE: IbDev 0 Port 1 qp_num 9955 set_ece={supported=1, vendor_id=0x15b3, options=0x30000002, comp_mask=0x0}
spark2:209:239 [0] NCCL INFO NET/IB: ncclIbSenderQpsToRts: Set ECE: IbDev 0 Port 1 qp_num 9956 set_ece={supported=1, vendor_id=0x15b3, options=0x30000002, comp_mask=0x0}
spark2:209:239 [0] NCCL INFO NET/IB: ncclIbSenderQpsToRts: Set ECE: IbDev 0 Port 1 qp_num 9957 set_ece={supported=1, vendor_id=0x15b3, options=0x30000002, comp_mask=0x0}
spark2:209:239 [0] NCCL INFO NET/IB: ncclIbSenderQpsToRts: Set ECE: IbDev 0 Port 1 qp_num 9963 set_ece={supported=1, vendor_id=0x15b3, options=0x30000002, comp_mask=0x0}
spark2:209:239 [0] NCCL INFO NET/IB: ncclIbSenderQpsToRts: Set ECE: IbDev 0 Port 1 qp_num 9964 set_ece={supported=1, vendor_id=0x15b3, options=0x30000002, comp_mask=0x0}
spark2:209:239 [0] NCCL INFO NET/IB: ncclIbSenderQpsToRts: Set ECE: IbDev 0 Port 1 qp_num 9965 set_ece={supported=1, vendor_id=0x15b3, options=0x30000002, comp_mask=0x0}
spark2:209:239 [0] NCCL INFO NET/IB: ncclIbSenderQpsToRts: Set ECE: IbDev 0 Port 1 qp_num 9966 set_ece={supported=1, vendor_id=0x15b3, options=0x30000002, comp_mask=0x0}
spark2:209:239 [0] NCCL INFO NET/IB: ncclIbSenderQpsToRts: Set ECE: IbDev 0 Port 1 qp_num 9972 set_ece={supported=1, vendor_id=0x15b3, options=0x30000002, comp_mask=0x0}
spark2:209:239 [0] NCCL INFO NET/IB: ncclIbSenderQpsToRts: Set ECE: IbDev 0 Port 1 qp_num 9973 set_ece={supported=1, vendor_id=0x15b3, options=0x30000002, comp_mask=0x0}
spark2:209:239 [0] NCCL INFO NET/IB: ncclIbSenderQpsToRts: Set ECE: IbDev 0 Port 1 qp_num 9974 set_ece={supported=1, vendor_id=0x15b3, options=0x30000002, comp_mask=0x0}
spark2:209:239 [0] NCCL INFO NET/IB: ncclIbSenderQpsToRts: Set ECE: IbDev 0 Port 1 qp_num 9975 set_ece={supported=1, vendor_id=0x15b3, options=0x30000002, comp_mask=0x0}
spark2:209:239 [0] NCCL INFO NET/IB: ncclIbSenderQpsToRts: Set ECE: IbDev 0 Port 1 qp_num 9981 set_ece={supported=1, vendor_id=0x15b3, options=0x30000002, comp_mask=0x0}
spark2:209:239 [0] NCCL INFO NET/IB: ncclIbSenderQpsToRts: Set ECE: IbDev 0 Port 1 qp_num 9982 set_ece={supported=1, vendor_id=0x15b3, options=0x30000002, comp_mask=0x0}
spark2:209:239 [0] NCCL INFO NET/IB: ncclIbSenderQpsToRts: Set ECE: IbDev 0 Port 1 qp_num 9983 set_ece={supported=1, vendor_id=0x15b3, options=0x30000002, comp_mask=0x0}
spark2:209:239 [0] NCCL INFO NET/IB: ncclIbSenderQpsToRts: Set ECE: IbDev 0 Port 1 qp_num 9984 set_ece={supported=1, vendor_id=0x15b3, options=0x30000002, comp_mask=0x0}
spark2:209:239 [0] NCCL INFO NET/IB: ncclIbSenderQpsToRts: Set ECE: IbDev 0 Port 1 qp_num 9990 set_ece={supported=1, vendor_id=0x15b3, options=0x30000002, comp_mask=0x0}
spark2:209:239 [0] NCCL INFO NET/IB: ncclIbSenderQpsToRts: Set ECE: IbDev 0 Port 1 qp_num 9991 set_ece={supported=1, vendor_id=0x15b3, options=0x30000002, comp_mask=0x0}
spark2:209:239 [0] NCCL INFO NET/IB: ncclIbSenderQpsToRts: Set ECE: IbDev 0 Port 1 qp_num 9992 set_ece={supported=1, vendor_id=0x15b3, options=0x30000002, comp_mask=0x0}
spark2:209:239 [0] NCCL INFO NET/IB: ncclIbSenderQpsToRts: Set ECE: IbDev 0 Port 1 qp_num 9993 set_ece={supported=1, vendor_id=0x15b3, options=0x30000002, comp_mask=0x0}
spark2:209:239 [0] NCCL INFO NET/IB: ncclIbReceiverQpsCreateToRts: QP created: port=1 dev=0 devName=rocep1s0f1 ndevs=1 nmdevs=1 qp_num=9994 pkey=0 pd=0xf44760041f80 oooRq=0
spark2:209:239 [0] NCCL INFO NET/IB: ncclIbReceiverQpsCreateToRts: QP created: port=1 dev=0 devName=rocep1s0f1 ndevs=1 nmdevs=1 qp_num=9995 pkey=0 pd=0xf44760041f80 oooRq=0
spark2:209:239 [0] NCCL INFO NET/IB: ncclIbReceiverQpsCreateToRts: QP created: port=1 dev=0 devName=rocep1s0f1 ndevs=1 nmdevs=1 qp_num=9996 pkey=0 pd=0xf44760041f80 oooRq=0
spark2:209:239 [0] NCCL INFO NET/IB: ncclIbReceiverQpsCreateToRts: QP created: port=1 dev=0 devName=rocep1s0f1 ndevs=1 nmdevs=1 qp_num=9997 pkey=0 pd=0xf44760041f80 oooRq=0
spark2:209:239 [0] NCCL INFO NET/IB: ncclIbReceiverQpsCreateToRts: Flush QP created: port=1 dev=0 devName=rocep1s0f1 ndevs=1 nmdevs=1 qp_num=9998 pkey=0 pd=0xf44760041f80
spark2:209:239 [0] NCCL INFO NET/IB: ncclIbResiliencyInit: Resiliency is disabled on the send communicator (comm=0xf4476198d000)
spark2:209:239 [0] NCCL INFO NET/IB: ncclIbResiliencyInit: Resiliency is disabled on the recv communicator (comm=0xf447619ce000)
spark2:209:239 [0] NCCL INFO NET/IB: ncclIbRecvCommInit: Receive work requests will be posted on-demand
spark2:209:239 [0] NCCL INFO NET/IB: ncclIbResiliencyInit: Resiliency is disabled on the send communicator (comm=0xf44761a13000)
spark2:209:239 [0] NCCL INFO NET/IB: ncclIbResiliencyInit: Resiliency is disabled on the recv communicator (comm=0xf44761a54000)
spark2:209:239 [0] NCCL INFO NET/IB: ncclIbRecvCommInit: Receive work requests will be posted on-demand
spark2:209:239 [0] NCCL INFO NET/IB: ncclIbResiliencyInit: Resiliency is disabled on the send communicator (comm=0xf44761a99000)
spark2:209:239 [0] NCCL INFO NET/IB: ncclIbResiliencyInit: Resiliency is disabled on the recv communicator (comm=0xf44761ada000)
spark2:209:239 [0] NCCL INFO NET/IB: ncclIbRecvCommInit: Receive work requests will be posted on-demand
spark2:209:239 [0] NCCL INFO NET/IB: ncclIbResiliencyInit: Resiliency is disabled on the send communicator (comm=0xf44761b1f000)
spark2:209:239 [0] NCCL INFO NET/IB: ncclIbResiliencyInit: Resiliency is disabled on the recv communicator (comm=0xf44761b63000)
spark2:209:239 [0] NCCL INFO NET/IB: ncclIbRecvCommInit: Receive work requests will be posted on-demand
spark2:209:239 [0] NCCL INFO NET/IB: ncclIbResiliencyInit: Resiliency is disabled on the send communicator (comm=0xf44761bab000)
spark2:209:239 [0] NCCL INFO NET/IB: ncclIbResiliencyInit: Resiliency is disabled on the recv communicator (comm=0xf44761bef000)
spark2:209:239 [0] NCCL INFO NET/IB: ncclIbRecvCommInit: Receive work requests will be posted on-demand
spark2:209:239 [0] NCCL INFO NET/IB: ncclIbResiliencyInit: Resiliency is disabled on the send communicator (comm=0xf44761c37000)
spark2:209:239 [0] NCCL INFO NET/IB: ncclIbResiliencyInit: Resiliency is disabled on the recv communicator (comm=0xf44761c7b000)
spark2:209:239 [0] NCCL INFO NET/IB: ncclIbRecvCommInit: Receive work requests will be posted on-demand
spark2:209:239 [0] NCCL INFO NET/IB: ncclIbResiliencyInit: Resiliency is disabled on the send communicator (comm=0xf44761cc0000)
spark2:209:239 [0] NCCL INFO NET/IB: ncclIbResiliencyInit: Resiliency is disabled on the recv communicator (comm=0xf44761d04000)
spark2:209:239 [0] NCCL INFO NET/IB: ncclIbRecvCommInit: Receive work requests will be posted on-demand
spark2:209:239 [0] NCCL INFO NET/IB: ncclIbResiliencyInit: Resiliency is disabled on the send communicator (comm=0xf44761d4c000)
spark2:209:239 [0] NCCL INFO NET/IB: ncclIbResiliencyInit: Resiliency is disabled on the recv communicator (comm=0xf44761d90000)
spark2:209:239 [0] NCCL INFO NET/IB: ncclIbRecvCommInit: Receive work requests will be posted on-demand
spark2:209:239 [0] NCCL INFO NET/IB: ncclIbResiliencyInit: Resiliency is disabled on the send communicator (comm=0xf44761dd8000)
spark2:209:239 [0] NCCL INFO NET/IB: ncclIbResiliencyInit: Resiliency is disabled on the recv communicator (comm=0xf44761e1c000)
spark2:209:239 [0] NCCL INFO NET/IB: ncclIbRecvCommInit: Receive work requests will be posted on-demand
spark2:209:239 [0] NCCL INFO NET/IB: ncclIbSenderQpsCreate: QP created: port=1 dev=0 devName=rocep1s0f1 ndevs=1 nmdevs=1 qp_num=9999 pkey=0 pd=0xf44760041f80 oooRq=0
spark2:209:239 [0] NCCL INFO NET/IB: ncclIbSenderQpsCreate: QP created: port=1 dev=0 devName=rocep1s0f1 ndevs=1 nmdevs=1 qp_num=10000 pkey=0 pd=0xf44760041f80 oooRq=0
spark2:209:239 [0] NCCL INFO NET/IB: ncclIbSenderQpsCreate: QP created: port=1 dev=0 devName=rocep1s0f1 ndevs=1 nmdevs=1 qp_num=10001 pkey=0 pd=0xf44760041f80 oooRq=0
spark2:209:239 [0] NCCL INFO NET/IB: ncclIbSenderQpsCreate: QP created: port=1 dev=0 devName=rocep1s0f1 ndevs=1 nmdevs=1 qp_num=10002 pkey=0 pd=0xf44760041f80 oooRq=0
spark2:209:239 [0] NCCL INFO NET/IB: ncclIbConnectImpl: NCCL Dev 0 IbDev 0 Port 1 qp_num 9999 mtu 5 GID 3 (0/264A8C0FFFF0000) ctsFifoRkey=0x234f38 ctsFifoLkey=0x234f38
spark2:209:239 [0] NCCL INFO NET/IB: ncclIbConnectImpl: IbDev 0 Port 1 qp_num 9999 query_ece={supported=1, vendor_id=0x15b3, options=0x30000002, comp_mask=0x0}
spark2:209:239 [0] NCCL INFO NET/IB: ncclIbConnectImpl: NCCL Dev 0 IbDev 0 Port 1 qp_num 10000 mtu 5 GID 3 (0/264A8C0FFFF0000) ctsFifoRkey=0x234f38 ctsFifoLkey=0x234f38
spark2:209:239 [0] NCCL INFO NET/IB: ncclIbConnectImpl: IbDev 0 Port 1 qp_num 10000 query_ece={supported=1, vendor_id=0x15b3, options=0x30000002, comp_mask=0x0}
spark2:209:239 [0] NCCL INFO NET/IB: ncclIbConnectImpl: NCCL Dev 0 IbDev 0 Port 1 qp_num 10001 mtu 5 GID 3 (0/264A8C0FFFF0000) ctsFifoRkey=0x234f38 ctsFifoLkey=0x234f38
spark2:209:239 [0] NCCL INFO NET/IB: ncclIbConnectImpl: IbDev 0 Port 1 qp_num 10001 query_ece={supported=1, vendor_id=0x15b3, options=0x30000002, comp_mask=0x0}
spark2:209:239 [0] NCCL INFO NET/IB: ncclIbConnectImpl: NCCL Dev 0 IbDev 0 Port 1 qp_num 10002 mtu 5 GID 3 (0/264A8C0FFFF0000) ctsFifoRkey=0x234f38 ctsFifoLkey=0x234f38
spark2:209:239 [0] NCCL INFO NET/IB: ncclIbConnectImpl: IbDev 0 Port 1 qp_num 10002 query_ece={supported=1, vendor_id=0x15b3, options=0x30000002, comp_mask=0x0}
spark2:209:239 [0] NCCL INFO NET/IB: ncclIbReceiverQpsCreateToRts: QP created: port=1 dev=0 devName=rocep1s0f1 ndevs=1 nmdevs=1 qp_num=10003 pkey=0 pd=0xf44760041f80 oooRq=0
spark2:209:239 [0] NCCL INFO NET/IB: ncclIbReceiverQpsCreateToRts: QP created: port=1 dev=0 devName=rocep1s0f1 ndevs=1 nmdevs=1 qp_num=10004 pkey=0 pd=0xf44760041f80 oooRq=0
spark2:209:239 [0] NCCL INFO NET/IB: ncclIbReceiverQpsCreateToRts: QP created: port=1 dev=0 devName=rocep1s0f1 ndevs=1 nmdevs=1 qp_num=10005 pkey=0 pd=0xf44760041f80 oooRq=0
spark2:209:239 [0] NCCL INFO NET/IB: ncclIbReceiverQpsCreateToRts: QP created: port=1 dev=0 devName=rocep1s0f1 ndevs=1 nmdevs=1 qp_num=10006 pkey=0 pd=0xf44760041f80 oooRq=0
spark2:209:239 [0] NCCL INFO NET/IB: ncclIbReceiverQpsCreateToRts: Flush QP created: port=1 dev=0 devName=rocep1s0f1 ndevs=1 nmdevs=1 qp_num=10007 pkey=0 pd=0xf44760041f80
spark2:209:239 [0] NCCL INFO NET/IB: ncclIbSenderQpsCreate: QP created: port=1 dev=0 devName=rocep1s0f1 ndevs=1 nmdevs=1 qp_num=10008 pkey=0 pd=0xf44760041f80 oooRq=0
spark2:209:239 [0] NCCL INFO NET/IB: ncclIbSenderQpsCreate: QP created: port=1 dev=0 devName=rocep1s0f1 ndevs=1 nmdevs=1 qp_num=10009 pkey=0 pd=0xf44760041f80 oooRq=0
spark2:209:239 [0] NCCL INFO NET/IB: ncclIbSenderQpsCreate: QP created: port=1 dev=0 devName=rocep1s0f1 ndevs=1 nmdevs=1 qp_num=10010 pkey=0 pd=0xf44760041f80 oooRq=0
spark2:209:239 [0] NCCL INFO NET/IB: ncclIbSenderQpsCreate: QP created: port=1 dev=0 devName=rocep1s0f1 ndevs=1 nmdevs=1 qp_num=10011 pkey=0 pd=0xf44760041f80 oooRq=0
spark2:209:239 [0] NCCL INFO NET/IB: ncclIbConnectImpl: NCCL Dev 0 IbDev 0 Port 1 qp_num 10008 mtu 5 GID 3 (0/264A8C0FFFF0000) ctsFifoRkey=0x234d36 ctsFifoLkey=0x234d36
spark2:209:239 [0] NCCL INFO NET/IB: ncclIbConnectImpl: IbDev 0 Port 1 qp_num 10008 query_ece={supported=1, vendor_id=0x15b3, options=0x30000002, comp_mask=0x0}
spark2:209:239 [0] NCCL INFO NET/IB: ncclIbConnectImpl: NCCL Dev 0 IbDev 0 Port 1 qp_num 10009 mtu 5 GID 3 (0/264A8C0FFFF0000) ctsFifoRkey=0x234d36 ctsFifoLkey=0x234d36
spark2:209:239 [0] NCCL INFO NET/IB: ncclIbConnectImpl: IbDev 0 Port 1 qp_num 10009 query_ece={supported=1, vendor_id=0x15b3, options=0x30000002, comp_mask=0x0}
spark2:209:239 [0] NCCL INFO NET/IB: ncclIbConnectImpl: NCCL Dev 0 IbDev 0 Port 1 qp_num 10010 mtu 5 GID 3 (0/264A8C0FFFF0000) ctsFifoRkey=0x234d36 ctsFifoLkey=0x234d36
spark2:209:239 [0] NCCL INFO NET/IB: ncclIbConnectImpl: IbDev 0 Port 1 qp_num 10010 query_ece={supported=1, vendor_id=0x15b3, options=0x30000002, comp_mask=0x0}
spark2:209:239 [0] NCCL INFO NET/IB: ncclIbConnectImpl: NCCL Dev 0 IbDev 0 Port 1 qp_num 10011 mtu 5 GID 3 (0/264A8C0FFFF0000) ctsFifoRkey=0x234d36 ctsFifoLkey=0x234d36
spark2:209:239 [0] NCCL INFO NET/IB: ncclIbConnectImpl: IbDev 0 Port 1 qp_num 10011 query_ece={supported=1, vendor_id=0x15b3, options=0x30000002, comp_mask=0x0}
spark2:209:239 [0] NCCL INFO NET/IB: ncclIbReceiverQpsCreateToRts: QP created: port=1 dev=0 devName=rocep1s0f1 ndevs=1 nmdevs=1 qp_num=10012 pkey=0 pd=0xf44760041f80 oooRq=0
spark2:209:239 [0] NCCL INFO NET/IB: ncclIbReceiverQpsCreateToRts: QP created: port=1 dev=0 devName=rocep1s0f1 ndevs=1 nmdevs=1 qp_num=10013 pkey=0 pd=0xf44760041f80 oooRq=0
spark2:209:239 [0] NCCL INFO NET/IB: ncclIbReceiverQpsCreateToRts: QP created: port=1 dev=0 devName=rocep1s0f1 ndevs=1 nmdevs=1 qp_num=10014 pkey=0 pd=0xf44760041f80 oooRq=0
spark2:209:239 [0] NCCL INFO NET/IB: ncclIbReceiverQpsCreateToRts: QP created: port=1 dev=0 devName=rocep1s0f1 ndevs=1 nmdevs=1 qp_num=10015 pkey=0 pd=0xf44760041f80 oooRq=0
spark2:209:239 [0] NCCL INFO NET/IB: ncclIbReceiverQpsCreateToRts: Flush QP created: port=1 dev=0 devName=rocep1s0f1 ndevs=1 nmdevs=1 qp_num=10016 pkey=0 pd=0xf44760041f80
spark2:209:239 [0] NCCL INFO NET/IB: ncclIbSenderQpsCreate: QP created: port=1 dev=0 devName=rocep1s0f1 ndevs=1 nmdevs=1 qp_num=10017 pkey=0 pd=0xf44760041f80 oooRq=0
spark2:209:239 [0] NCCL INFO NET/IB: ncclIbSenderQpsCreate: QP created: port=1 dev=0 devName=rocep1s0f1 ndevs=1 nmdevs=1 qp_num=10018 pkey=0 pd=0xf44760041f80 oooRq=0
spark2:209:239 [0] NCCL INFO NET/IB: ncclIbSenderQpsCreate: QP created: port=1 dev=0 devName=rocep1s0f1 ndevs=1 nmdevs=1 qp_num=10019 pkey=0 pd=0xf44760041f80 oooRq=0
spark2:209:239 [0] NCCL INFO NET/IB: ncclIbSenderQpsCreate: QP created: port=1 dev=0 devName=rocep1s0f1 ndevs=1 nmdevs=1 qp_num=10020 pkey=0 pd=0xf44760041f80 oooRq=0
spark2:209:239 [0] NCCL INFO NET/IB: ncclIbConnectImpl: NCCL Dev 0 IbDev 0 Port 1 qp_num 10017 mtu 5 GID 3 (0/264A8C0FFFF0000) ctsFifoRkey=0x234b34 ctsFifoLkey=0x234b34
spark2:209:239 [0] NCCL INFO NET/IB: ncclIbConnectImpl: IbDev 0 Port 1 qp_num 10017 query_ece={supported=1, vendor_id=0x15b3, options=0x30000002, comp_mask=0x0}
spark2:209:239 [0] NCCL INFO NET/IB: ncclIbConnectImpl: NCCL Dev 0 IbDev 0 Port 1 qp_num 10018 mtu 5 GID 3 (0/264A8C0FFFF0000) ctsFifoRkey=0x234b34 ctsFifoLkey=0x234b34
spark2:209:239 [0] NCCL INFO NET/IB: ncclIbConnectImpl: IbDev 0 Port 1 qp_num 10018 query_ece={supported=1, vendor_id=0x15b3, options=0x30000002, comp_mask=0x0}
spark2:209:239 [0] NCCL INFO NET/IB: ncclIbConnectImpl: NCCL Dev 0 IbDev 0 Port 1 qp_num 10019 mtu 5 GID 3 (0/264A8C0FFFF0000) ctsFifoRkey=0x234b34 ctsFifoLkey=0x234b34
spark2:209:239 [0] NCCL INFO NET/IB: ncclIbConnectImpl: IbDev 0 Port 1 qp_num 10019 query_ece={supported=1, vendor_id=0x15b3, options=0x30000002, comp_mask=0x0}
spark2:209:239 [0] NCCL INFO NET/IB: ncclIbConnectImpl: NCCL Dev 0 IbDev 0 Port 1 qp_num 10020 mtu 5 GID 3 (0/264A8C0FFFF0000) ctsFifoRkey=0x234b34 ctsFifoLkey=0x234b34
spark2:209:239 [0] NCCL INFO NET/IB: ncclIbConnectImpl: IbDev 0 Port 1 qp_num 10020 query_ece={supported=1, vendor_id=0x15b3, options=0x30000002, comp_mask=0x0}
spark2:209:239 [0] NCCL INFO NET/IB: ncclIbReceiverQpsCreateToRts: QP created: port=1 dev=0 devName=rocep1s0f1 ndevs=1 nmdevs=1 qp_num=10021 pkey=0 pd=0xf44760041f80 oooRq=0
spark2:209:239 [0] NCCL INFO NET/IB: ncclIbReceiverQpsCreateToRts: QP created: port=1 dev=0 devName=rocep1s0f1 ndevs=1 nmdevs=1 qp_num=10022 pkey=0 pd=0xf44760041f80 oooRq=0
spark2:209:239 [0] NCCL INFO NET/IB: ncclIbReceiverQpsCreateToRts: QP created: port=1 dev=0 devName=rocep1s0f1 ndevs=1 nmdevs=1 qp_num=10023 pkey=0 pd=0xf44760041f80 oooRq=0
spark2:209:239 [0] NCCL INFO NET/IB: ncclIbReceiverQpsCreateToRts: QP created: port=1 dev=0 devName=rocep1s0f1 ndevs=1 nmdevs=1 qp_num=10024 pkey=0 pd=0xf44760041f80 oooRq=0
spark2:209:239 [0] NCCL INFO NET/IB: ncclIbReceiverQpsCreateToRts: Flush QP created: port=1 dev=0 devName=rocep1s0f1 ndevs=1 nmdevs=1 qp_num=10025 pkey=0 pd=0xf44760041f80
spark2:209:239 [0] NCCL INFO NET/IB: ncclIbSenderQpsCreate: QP created: port=1 dev=0 devName=rocep1s0f1 ndevs=1 nmdevs=1 qp_num=10026 pkey=0 pd=0xf44760041f80 oooRq=0
spark2:209:239 [0] NCCL INFO NET/IB: ncclIbSenderQpsCreate: QP created: port=1 dev=0 devName=rocep1s0f1 ndevs=1 nmdevs=1 qp_num=10027 pkey=0 pd=0xf44760041f80 oooRq=0
spark2:209:239 [0] NCCL INFO NET/IB: ncclIbSenderQpsCreate: QP created: port=1 dev=0 devName=rocep1s0f1 ndevs=1 nmdevs=1 qp_num=10028 pkey=0 pd=0xf44760041f80 oooRq=0
spark2:209:239 [0] NCCL INFO NET/IB: ncclIbSenderQpsCreate: QP created: port=1 dev=0 devName=rocep1s0f1 ndevs=1 nmdevs=1 qp_num=10029 pkey=0 pd=0xf44760041f80 oooRq=0
spark2:209:239 [0] NCCL INFO NET/IB: ncclIbConnectImpl: NCCL Dev 0 IbDev 0 Port 1 qp_num 10026 mtu 5 GID 3 (0/264A8C0FFFF0000) ctsFifoRkey=0x234832 ctsFifoLkey=0x234832
spark2:209:239 [0] NCCL INFO NET/IB: ncclIbConnectImpl: IbDev 0 Port 1 qp_num 10026 query_ece={supported=1, vendor_id=0x15b3, options=0x30000002, comp_mask=0x0}
spark2:209:239 [0] NCCL INFO NET/IB: ncclIbConnectImpl: NCCL Dev 0 IbDev 0 Port 1 qp_num 10027 mtu 5 GID 3 (0/264A8C0FFFF0000) ctsFifoRkey=0x234832 ctsFifoLkey=0x234832
spark2:209:239 [0] NCCL INFO NET/IB: ncclIbConnectImpl: IbDev 0 Port 1 qp_num 10027 query_ece={supported=1, vendor_id=0x15b3, options=0x30000002, comp_mask=0x0}
spark2:209:239 [0] NCCL INFO NET/IB: ncclIbConnectImpl: NCCL Dev 0 IbDev 0 Port 1 qp_num 10028 mtu 5 GID 3 (0/264A8C0FFFF0000) ctsFifoRkey=0x234832 ctsFifoLkey=0x234832
spark2:209:239 [0] NCCL INFO NET/IB: ncclIbConnectImpl: IbDev 0 Port 1 qp_num 10028 query_ece={supported=1, vendor_id=0x15b3, options=0x30000002, comp_mask=0x0}
spark2:209:239 [0] NCCL INFO NET/IB: ncclIbConnectImpl: NCCL Dev 0 IbDev 0 Port 1 qp_num 10029 mtu 5 GID 3 (0/264A8C0FFFF0000) ctsFifoRkey=0x234832 ctsFifoLkey=0x234832
spark2:209:239 [0] NCCL INFO NET/IB: ncclIbConnectImpl: IbDev 0 Port 1 qp_num 10029 query_ece={supported=1, vendor_id=0x15b3, options=0x30000002, comp_mask=0x0}
spark2:209:239 [0] NCCL INFO NET/IB: ncclIbReceiverQpsCreateToRts: QP created: port=1 dev=0 devName=rocep1s0f1 ndevs=1 nmdevs=1 qp_num=10030 pkey=0 pd=0xf44760041f80 oooRq=0
spark2:209:239 [0] NCCL INFO NET/IB: ncclIbReceiverQpsCreateToRts: QP created: port=1 dev=0 devName=rocep1s0f1 ndevs=1 nmdevs=1 qp_num=10031 pkey=0 pd=0xf44760041f80 oooRq=0
spark2:209:239 [0] NCCL INFO NET/IB: ncclIbReceiverQpsCreateToRts: QP created: port=1 dev=0 devName=rocep1s0f1 ndevs=1 nmdevs=1 qp_num=10032 pkey=0 pd=0xf44760041f80 oooRq=0
spark2:209:239 [0] NCCL INFO NET/IB: ncclIbReceiverQpsCreateToRts: QP created: port=1 dev=0 devName=rocep1s0f1 ndevs=1 nmdevs=1 qp_num=10033 pkey=0 pd=0xf44760041f80 oooRq=0
spark2:209:239 [0] NCCL INFO NET/IB: ncclIbReceiverQpsCreateToRts: Flush QP created: port=1 dev=0 devName=rocep1s0f1 ndevs=1 nmdevs=1 qp_num=10034 pkey=0 pd=0xf44760041f80
spark2:209:239 [0] NCCL INFO NET/IB: ncclIbSenderQpsCreate: QP created: port=1 dev=0 devName=rocep1s0f1 ndevs=1 nmdevs=1 qp_num=10035 pkey=0 pd=0xf44760041f80 oooRq=0
spark2:209:239 [0] NCCL INFO NET/IB: ncclIbSenderQpsCreate: QP created: port=1 dev=0 devName=rocep1s0f1 ndevs=1 nmdevs=1 qp_num=10036 pkey=0 pd=0xf44760041f80 oooRq=0
spark2:209:239 [0] NCCL INFO NET/IB: ncclIbSenderQpsCreate: QP created: port=1 dev=0 devName=rocep1s0f1 ndevs=1 nmdevs=1 qp_num=10037 pkey=0 pd=0xf44760041f80 oooRq=0
spark2:209:239 [0] NCCL INFO NET/IB: ncclIbSenderQpsCreate: QP created: port=1 dev=0 devName=rocep1s0f1 ndevs=1 nmdevs=1 qp_num=10038 pkey=0 pd=0xf44760041f80 oooRq=0
spark2:209:239 [0] NCCL INFO NET/IB: ncclIbConnectImpl: NCCL Dev 0 IbDev 0 Port 1 qp_num 10035 mtu 5 GID 3 (0/264A8C0FFFF0000) ctsFifoRkey=0x234630 ctsFifoLkey=0x234630
spark2:209:239 [0] NCCL INFO NET/IB: ncclIbConnectImpl: IbDev 0 Port 1 qp_num 10035 query_ece={supported=1, vendor_id=0x15b3, options=0x30000002, comp_mask=0x0}
spark2:209:239 [0] NCCL INFO NET/IB: ncclIbConnectImpl: NCCL Dev 0 IbDev 0 Port 1 qp_num 10036 mtu 5 GID 3 (0/264A8C0FFFF0000) ctsFifoRkey=0x234630 ctsFifoLkey=0x234630
spark2:209:239 [0] NCCL INFO NET/IB: ncclIbConnectImpl: IbDev 0 Port 1 qp_num 10036 query_ece={supported=1, vendor_id=0x15b3, options=0x30000002, comp_mask=0x0}
spark2:209:239 [0] NCCL INFO NET/IB: ncclIbConnectImpl: NCCL Dev 0 IbDev 0 Port 1 qp_num 10037 mtu 5 GID 3 (0/264A8C0FFFF0000) ctsFifoRkey=0x234630 ctsFifoLkey=0x234630
spark2:209:239 [0] NCCL INFO NET/IB: ncclIbConnectImpl: IbDev 0 Port 1 qp_num 10037 query_ece={supported=1, vendor_id=0x15b3, options=0x30000002, comp_mask=0x0}
spark2:209:239 [0] NCCL INFO NET/IB: ncclIbConnectImpl: NCCL Dev 0 IbDev 0 Port 1 qp_num 10038 mtu 5 GID 3 (0/264A8C0FFFF0000) ctsFifoRkey=0x234630 ctsFifoLkey=0x234630
spark2:209:239 [0] NCCL INFO NET/IB: ncclIbConnectImpl: IbDev 0 Port 1 qp_num 10038 query_ece={supported=1, vendor_id=0x15b3, options=0x30000002, comp_mask=0x0}
spark2:209:239 [0] NCCL INFO NET/IB: ncclIbReceiverQpsCreateToRts: QP created: port=1 dev=0 devName=rocep1s0f1 ndevs=1 nmdevs=1 qp_num=10039 pkey=0 pd=0xf44760041f80 oooRq=0
spark2:209:239 [0] NCCL INFO NET/IB: ncclIbReceiverQpsCreateToRts: QP created: port=1 dev=0 devName=rocep1s0f1 ndevs=1 nmdevs=1 qp_num=10040 pkey=0 pd=0xf44760041f80 oooRq=0
spark2:209:239 [0] NCCL INFO NET/IB: ncclIbReceiverQpsCreateToRts: QP created: port=1 dev=0 devName=rocep1s0f1 ndevs=1 nmdevs=1 qp_num=10041 pkey=0 pd=0xf44760041f80 oooRq=0
spark2:209:239 [0] NCCL INFO NET/IB: ncclIbReceiverQpsCreateToRts: QP created: port=1 dev=0 devName=rocep1s0f1 ndevs=1 nmdevs=1 qp_num=10042 pkey=0 pd=0xf44760041f80 oooRq=0
spark2:209:239 [0] NCCL INFO NET/IB: ncclIbReceiverQpsCreateToRts: Flush QP created: port=1 dev=0 devName=rocep1s0f1 ndevs=1 nmdevs=1 qp_num=10043 pkey=0 pd=0xf44760041f80
spark2:209:239 [0] NCCL INFO NET/IB: ncclIbSenderQpsCreate: QP created: port=1 dev=0 devName=rocep1s0f1 ndevs=1 nmdevs=1 qp_num=10044 pkey=0 pd=0xf44760041f80 oooRq=0
spark2:209:239 [0] NCCL INFO NET/IB: ncclIbSenderQpsCreate: QP created: port=1 dev=0 devName=rocep1s0f1 ndevs=1 nmdevs=1 qp_num=10045 pkey=0 pd=0xf44760041f80 oooRq=0
spark2:209:239 [0] NCCL INFO NET/IB: ncclIbSenderQpsCreate: QP created: port=1 dev=0 devName=rocep1s0f1 ndevs=1 nmdevs=1 qp_num=10046 pkey=0 pd=0xf44760041f80 oooRq=0
spark2:209:239 [0] NCCL INFO NET/IB: ncclIbSenderQpsCreate: QP created: port=1 dev=0 devName=rocep1s0f1 ndevs=1 nmdevs=1 qp_num=10047 pkey=0 pd=0xf44760041f80 oooRq=0
spark2:209:239 [0] NCCL INFO NET/IB: ncclIbConnectImpl: NCCL Dev 0 IbDev 0 Port 1 qp_num 10044 mtu 5 GID 3 (0/264A8C0FFFF0000) ctsFifoRkey=0x23492e ctsFifoLkey=0x23492e
spark2:209:239 [0] NCCL INFO NET/IB: ncclIbConnectImpl: IbDev 0 Port 1 qp_num 10044 query_ece={supported=1, vendor_id=0x15b3, options=0x30000002, comp_mask=0x0}
spark2:209:239 [0] NCCL INFO NET/IB: ncclIbConnectImpl: NCCL Dev 0 IbDev 0 Port 1 qp_num 10045 mtu 5 GID 3 (0/264A8C0FFFF0000) ctsFifoRkey=0x23492e ctsFifoLkey=0x23492e
spark2:209:239 [0] NCCL INFO NET/IB: ncclIbConnectImpl: IbDev 0 Port 1 qp_num 10045 query_ece={supported=1, vendor_id=0x15b3, options=0x30000002, comp_mask=0x0}
spark2:209:239 [0] NCCL INFO NET/IB: ncclIbConnectImpl: NCCL Dev 0 IbDev 0 Port 1 qp_num 10046 mtu 5 GID 3 (0/264A8C0FFFF0000) ctsFifoRkey=0x23492e ctsFifoLkey=0x23492e
spark2:209:239 [0] NCCL INFO NET/IB: ncclIbConnectImpl: IbDev 0 Port 1 qp_num 10046 query_ece={supported=1, vendor_id=0x15b3, options=0x30000002, comp_mask=0x0}
spark2:209:239 [0] NCCL INFO NET/IB: ncclIbConnectImpl: NCCL Dev 0 IbDev 0 Port 1 qp_num 10047 mtu 5 GID 3 (0/264A8C0FFFF0000) ctsFifoRkey=0x23492e ctsFifoLkey=0x23492e
spark2:209:239 [0] NCCL INFO NET/IB: ncclIbConnectImpl: IbDev 0 Port 1 qp_num 10047 query_ece={supported=1, vendor_id=0x15b3, options=0x30000002, comp_mask=0x0}
spark2:209:239 [0] NCCL INFO NET/IB: ncclIbReceiverQpsCreateToRts: QP created: port=1 dev=0 devName=rocep1s0f1 ndevs=1 nmdevs=1 qp_num=10048 pkey=0 pd=0xf44760041f80 oooRq=0
spark2:209:239 [0] NCCL INFO NET/IB: ncclIbReceiverQpsCreateToRts: QP created: port=1 dev=0 devName=rocep1s0f1 ndevs=1 nmdevs=1 qp_num=10049 pkey=0 pd=0xf44760041f80 oooRq=0
spark2:209:239 [0] NCCL INFO NET/IB: ncclIbReceiverQpsCreateToRts: QP created: port=1 dev=0 devName=rocep1s0f1 ndevs=1 nmdevs=1 qp_num=10050 pkey=0 pd=0xf44760041f80 oooRq=0
spark2:209:239 [0] NCCL INFO NET/IB: ncclIbReceiverQpsCreateToRts: QP created: port=1 dev=0 devName=rocep1s0f1 ndevs=1 nmdevs=1 qp_num=10051 pkey=0 pd=0xf44760041f80 oooRq=0
spark2:209:239 [0] NCCL INFO NET/IB: ncclIbReceiverQpsCreateToRts: Flush QP created: port=1 dev=0 devName=rocep1s0f1 ndevs=1 nmdevs=1 qp_num=10052 pkey=0 pd=0xf44760041f80
spark2:209:239 [0] NCCL INFO NET/IB: ncclIbSenderQpsCreate: QP created: port=1 dev=0 devName=rocep1s0f1 ndevs=1 nmdevs=1 qp_num=10053 pkey=0 pd=0xf44760041f80 oooRq=0
spark2:209:239 [0] NCCL INFO NET/IB: ncclIbSenderQpsCreate: QP created: port=1 dev=0 devName=rocep1s0f1 ndevs=1 nmdevs=1 qp_num=10054 pkey=0 pd=0xf44760041f80 oooRq=0
spark2:209:239 [0] NCCL INFO NET/IB: ncclIbSenderQpsCreate: QP created: port=1 dev=0 devName=rocep1s0f1 ndevs=1 nmdevs=1 qp_num=10055 pkey=0 pd=0xf44760041f80 oooRq=0
spark2:209:239 [0] NCCL INFO NET/IB: ncclIbSenderQpsCreate: QP created: port=1 dev=0 devName=rocep1s0f1 ndevs=1 nmdevs=1 qp_num=10056 pkey=0 pd=0xf44760041f80 oooRq=0
spark2:209:239 [0] NCCL INFO NET/IB: ncclIbConnectImpl: NCCL Dev 0 IbDev 0 Port 1 qp_num 10053 mtu 5 GID 3 (0/264A8C0FFFF0000) ctsFifoRkey=0x23412a ctsFifoLkey=0x23412a
spark2:209:239 [0] NCCL INFO NET/IB: ncclIbConnectImpl: IbDev 0 Port 1 qp_num 10053 query_ece={supported=1, vendor_id=0x15b3, options=0x30000002, comp_mask=0x0}
spark2:209:239 [0] NCCL INFO NET/IB: ncclIbConnectImpl: NCCL Dev 0 IbDev 0 Port 1 qp_num 10054 mtu 5 GID 3 (0/264A8C0FFFF0000) ctsFifoRkey=0x23412a ctsFifoLkey=0x23412a
spark2:209:239 [0] NCCL INFO NET/IB: ncclIbConnectImpl: IbDev 0 Port 1 qp_num 10054 query_ece={supported=1, vendor_id=0x15b3, options=0x30000002, comp_mask=0x0}
spark2:209:239 [0] NCCL INFO NET/IB: ncclIbConnectImpl: NCCL Dev 0 IbDev 0 Port 1 qp_num 10055 mtu 5 GID 3 (0/264A8C0FFFF0000) ctsFifoRkey=0x23412a ctsFifoLkey=0x23412a
spark2:209:239 [0] NCCL INFO NET/IB: ncclIbConnectImpl: IbDev 0 Port 1 qp_num 10055 query_ece={supported=1, vendor_id=0x15b3, options=0x30000002, comp_mask=0x0}
spark2:209:239 [0] NCCL INFO NET/IB: ncclIbConnectImpl: NCCL Dev 0 IbDev 0 Port 1 qp_num 10056 mtu 5 GID 3 (0/264A8C0FFFF0000) ctsFifoRkey=0x23412a ctsFifoLkey=0x23412a
spark2:209:239 [0] NCCL INFO NET/IB: ncclIbConnectImpl: IbDev 0 Port 1 qp_num 10056 query_ece={supported=1, vendor_id=0x15b3, options=0x30000002, comp_mask=0x0}
spark2:209:239 [0] NCCL INFO NET/IB: ncclIbReceiverQpsCreateToRts: QP created: port=1 dev=0 devName=rocep1s0f1 ndevs=1 nmdevs=1 qp_num=10057 pkey=0 pd=0xf44760041f80 oooRq=0
spark2:209:239 [0] NCCL INFO NET/IB: ncclIbReceiverQpsCreateToRts: QP created: port=1 dev=0 devName=rocep1s0f1 ndevs=1 nmdevs=1 qp_num=10058 pkey=0 pd=0xf44760041f80 oooRq=0
spark2:209:239 [0] NCCL INFO NET/IB: ncclIbReceiverQpsCreateToRts: QP created: port=1 dev=0 devName=rocep1s0f1 ndevs=1 nmdevs=1 qp_num=10059 pkey=0 pd=0xf44760041f80 oooRq=0
spark2:209:239 [0] NCCL INFO NET/IB: ncclIbReceiverQpsCreateToRts: QP created: port=1 dev=0 devName=rocep1s0f1 ndevs=1 nmdevs=1 qp_num=10060 pkey=0 pd=0xf44760041f80 oooRq=0
spark2:209:239 [0] NCCL INFO NET/IB: ncclIbReceiverQpsCreateToRts: Flush QP created: port=1 dev=0 devName=rocep1s0f1 ndevs=1 nmdevs=1 qp_num=10061 pkey=0 pd=0xf44760041f80
spark2:209:239 [0] NCCL INFO NET/IB: ncclIbSenderQpsCreate: QP created: port=1 dev=0 devName=rocep1s0f1 ndevs=1 nmdevs=1 qp_num=10062 pkey=0 pd=0xf44760041f80 oooRq=0
spark2:209:239 [0] NCCL INFO NET/IB: ncclIbSenderQpsCreate: QP created: port=1 dev=0 devName=rocep1s0f1 ndevs=1 nmdevs=1 qp_num=10063 pkey=0 pd=0xf44760041f80 oooRq=0
spark2:209:239 [0] NCCL INFO NET/IB: ncclIbSenderQpsCreate: QP created: port=1 dev=0 devName=rocep1s0f1 ndevs=1 nmdevs=1 qp_num=10064 pkey=0 pd=0xf44760041f80 oooRq=0
spark2:209:239 [0] NCCL INFO NET/IB: ncclIbSenderQpsCreate: QP created: port=1 dev=0 devName=rocep1s0f1 ndevs=1 nmdevs=1 qp_num=10065 pkey=0 pd=0xf44760041f80 oooRq=0
spark2:209:239 [0] NCCL INFO NET/IB: ncclIbConnectImpl: NCCL Dev 0 IbDev 0 Port 1 qp_num 10062 mtu 5 GID 3 (0/264A8C0FFFF0000) ctsFifoRkey=0x233e27 ctsFifoLkey=0x233e27
spark2:209:239 [0] NCCL INFO NET/IB: ncclIbConnectImpl: IbDev 0 Port 1 qp_num 10062 query_ece={supported=1, vendor_id=0x15b3, options=0x30000002, comp_mask=0x0}
spark2:209:239 [0] NCCL INFO NET/IB: ncclIbConnectImpl: NCCL Dev 0 IbDev 0 Port 1 qp_num 10063 mtu 5 GID 3 (0/264A8C0FFFF0000) ctsFifoRkey=0x233e27 ctsFifoLkey=0x233e27
spark2:209:239 [0] NCCL INFO NET/IB: ncclIbConnectImpl: IbDev 0 Port 1 qp_num 10063 query_ece={supported=1, vendor_id=0x15b3, options=0x30000002, comp_mask=0x0}
spark2:209:239 [0] NCCL INFO NET/IB: ncclIbConnectImpl: NCCL Dev 0 IbDev 0 Port 1 qp_num 10064 mtu 5 GID 3 (0/264A8C0FFFF0000) ctsFifoRkey=0x233e27 ctsFifoLkey=0x233e27
spark2:209:239 [0] NCCL INFO NET/IB: ncclIbConnectImpl: IbDev 0 Port 1 qp_num 10064 query_ece={supported=1, vendor_id=0x15b3, options=0x30000002, comp_mask=0x0}
spark2:209:239 [0] NCCL INFO NET/IB: ncclIbConnectImpl: NCCL Dev 0 IbDev 0 Port 1 qp_num 10065 mtu 5 GID 3 (0/264A8C0FFFF0000) ctsFifoRkey=0x233e27 ctsFifoLkey=0x233e27
spark2:209:239 [0] NCCL INFO NET/IB: ncclIbConnectImpl: IbDev 0 Port 1 qp_num 10065 query_ece={supported=1, vendor_id=0x15b3, options=0x30000002, comp_mask=0x0}
spark2:209:239 [0] NCCL INFO NET/IB: ncclIbReceiverQpsCreateToRts: QP created: port=1 dev=0 devName=rocep1s0f1 ndevs=1 nmdevs=1 qp_num=10066 pkey=0 pd=0xf44760041f80 oooRq=0
spark2:209:239 [0] NCCL INFO NET/IB: ncclIbReceiverQpsCreateToRts: QP created: port=1 dev=0 devName=rocep1s0f1 ndevs=1 nmdevs=1 qp_num=10067 pkey=0 pd=0xf44760041f80 oooRq=0
spark2:209:239 [0] NCCL INFO NET/IB: ncclIbReceiverQpsCreateToRts: QP created: port=1 dev=0 devName=rocep1s0f1 ndevs=1 nmdevs=1 qp_num=10068 pkey=0 pd=0xf44760041f80 oooRq=0
spark2:209:239 [0] NCCL INFO NET/IB: ncclIbReceiverQpsCreateToRts: QP created: port=1 dev=0 devName=rocep1s0f1 ndevs=1 nmdevs=1 qp_num=10069 pkey=0 pd=0xf44760041f80 oooRq=0
spark2:209:239 [0] NCCL INFO NET/IB: ncclIbReceiverQpsCreateToRts: Flush QP created: port=1 dev=0 devName=rocep1s0f1 ndevs=1 nmdevs=1 qp_num=10070 pkey=0 pd=0xf44760041f80
spark2:209:239 [0] NCCL INFO NET/IB: ncclIbSenderQpsCreate: QP created: port=1 dev=0 devName=rocep1s0f1 ndevs=1 nmdevs=1 qp_num=10071 pkey=0 pd=0xf44760041f80 oooRq=0
spark2:209:239 [0] NCCL INFO NET/IB: ncclIbSenderQpsCreate: QP created: port=1 dev=0 devName=rocep1s0f1 ndevs=1 nmdevs=1 qp_num=10072 pkey=0 pd=0xf44760041f80 oooRq=0
spark2:209:239 [0] NCCL INFO NET/IB: ncclIbSenderQpsCreate: QP created: port=1 dev=0 devName=rocep1s0f1 ndevs=1 nmdevs=1 qp_num=10073 pkey=0 pd=0xf44760041f80 oooRq=0
spark2:209:239 [0] NCCL INFO NET/IB: ncclIbSenderQpsCreate: QP created: port=1 dev=0 devName=rocep1s0f1 ndevs=1 nmdevs=1 qp_num=10074 pkey=0 pd=0xf44760041f80 oooRq=0
spark2:209:239 [0] NCCL INFO NET/IB: ncclIbConnectImpl: NCCL Dev 0 IbDev 0 Port 1 qp_num 10071 mtu 5 GID 3 (0/264A8C0FFFF0000) ctsFifoRkey=0x233c25 ctsFifoLkey=0x233c25
spark2:209:239 [0] NCCL INFO NET/IB: ncclIbConnectImpl: IbDev 0 Port 1 qp_num 10071 query_ece={supported=1, vendor_id=0x15b3, options=0x30000002, comp_mask=0x0}
spark2:209:239 [0] NCCL INFO NET/IB: ncclIbConnectImpl: NCCL Dev 0 IbDev 0 Port 1 qp_num 10072 mtu 5 GID 3 (0/264A8C0FFFF0000) ctsFifoRkey=0x233c25 ctsFifoLkey=0x233c25
spark2:209:239 [0] NCCL INFO NET/IB: ncclIbConnectImpl: IbDev 0 Port 1 qp_num 10072 query_ece={supported=1, vendor_id=0x15b3, options=0x30000002, comp_mask=0x0}
spark2:209:239 [0] NCCL INFO NET/IB: ncclIbConnectImpl: NCCL Dev 0 IbDev 0 Port 1 qp_num 10073 mtu 5 GID 3 (0/264A8C0FFFF0000) ctsFifoRkey=0x233c25 ctsFifoLkey=0x233c25
spark2:209:239 [0] NCCL INFO NET/IB: ncclIbConnectImpl: IbDev 0 Port 1 qp_num 10073 query_ece={supported=1, vendor_id=0x15b3, options=0x30000002, comp_mask=0x0}
spark2:209:239 [0] NCCL INFO NET/IB: ncclIbConnectImpl: NCCL Dev 0 IbDev 0 Port 1 qp_num 10074 mtu 5 GID 3 (0/264A8C0FFFF0000) ctsFifoRkey=0x233c25 ctsFifoLkey=0x233c25
spark2:209:239 [0] NCCL INFO NET/IB: ncclIbConnectImpl: IbDev 0 Port 1 qp_num 10074 query_ece={supported=1, vendor_id=0x15b3, options=0x30000002, comp_mask=0x0}
spark2:209:239 [0] NCCL INFO NET/IB: ncclIbReceiverQpsCreateToRts: QP created: port=1 dev=0 devName=rocep1s0f1 ndevs=1 nmdevs=1 qp_num=10075 pkey=0 pd=0xf44760041f80 oooRq=0
spark2:209:239 [0] NCCL INFO NET/IB: ncclIbReceiverQpsCreateToRts: QP created: port=1 dev=0 devName=rocep1s0f1 ndevs=1 nmdevs=1 qp_num=10076 pkey=0 pd=0xf44760041f80 oooRq=0
spark2:209:239 [0] NCCL INFO NET/IB: ncclIbReceiverQpsCreateToRts: QP created: port=1 dev=0 devName=rocep1s0f1 ndevs=1 nmdevs=1 qp_num=10077 pkey=0 pd=0xf44760041f80 oooRq=0
spark2:209:239 [0] NCCL INFO NET/IB: ncclIbReceiverQpsCreateToRts: QP created: port=1 dev=0 devName=rocep1s0f1 ndevs=1 nmdevs=1 qp_num=10078 pkey=0 pd=0xf44760041f80 oooRq=0
spark2:209:239 [0] NCCL INFO NET/IB: ncclIbReceiverQpsCreateToRts: Flush QP created: port=1 dev=0 devName=rocep1s0f1 ndevs=1 nmdevs=1 qp_num=10079 pkey=0 pd=0xf44760041f80
spark2:209:239 [0] NCCL INFO NET/IB: ncclIbResiliencyInit: Resiliency is disabled on the send communicator (comm=0xf44762e3e000)
spark2:209:239 [0] NCCL INFO NET/IB: ncclIbSenderQpsToRts: Set ECE: IbDev 0 Port 1 qp_num 9999 set_ece={supported=1, vendor_id=0x15b3, options=0x30000002, comp_mask=0x0}
spark2:209:239 [0] NCCL INFO NET/IB: ncclIbSenderQpsToRts: Set ECE: IbDev 0 Port 1 qp_num 10000 set_ece={supported=1, vendor_id=0x15b3, options=0x30000002, comp_mask=0x0}
spark2:209:239 [0] NCCL INFO NET/IB: ncclIbSenderQpsToRts: Set ECE: IbDev 0 Port 1 qp_num 10001 set_ece={supported=1, vendor_id=0x15b3, options=0x30000002, comp_mask=0x0}
spark2:209:239 [0] NCCL INFO NET/IB: ncclIbSenderQpsToRts: Set ECE: IbDev 0 Port 1 qp_num 10002 set_ece={supported=1, vendor_id=0x15b3, options=0x30000002, comp_mask=0x0}
spark2:209:239 [0] NCCL INFO NET/IB: ncclIbSenderQpsToRts: Set ECE: IbDev 0 Port 1 qp_num 10008 set_ece={supported=1, vendor_id=0x15b3, options=0x30000002, comp_mask=0x0}
spark2:209:239 [0] NCCL INFO NET/IB: ncclIbSenderQpsToRts: Set ECE: IbDev 0 Port 1 qp_num 10009 set_ece={supported=1, vendor_id=0x15b3, options=0x30000002, comp_mask=0x0}
spark2:209:239 [0] NCCL INFO NET/IB: ncclIbSenderQpsToRts: Set ECE: IbDev 0 Port 1 qp_num 10010 set_ece={supported=1, vendor_id=0x15b3, options=0x30000002, comp_mask=0x0}
spark2:209:239 [0] NCCL INFO NET/IB: ncclIbSenderQpsToRts: Set ECE: IbDev 0 Port 1 qp_num 10011 set_ece={supported=1, vendor_id=0x15b3, options=0x30000002, comp_mask=0x0}
spark2:209:239 [0] NCCL INFO NET/IB: ncclIbSenderQpsToRts: Set ECE: IbDev 0 Port 1 qp_num 10017 set_ece={supported=1, vendor_id=0x15b3, options=0x30000002, comp_mask=0x0}
spark2:209:239 [0] NCCL INFO NET/IB: ncclIbSenderQpsToRts: Set ECE: IbDev 0 Port 1 qp_num 10018 set_ece={supported=1, vendor_id=0x15b3, options=0x30000002, comp_mask=0x0}
spark2:209:239 [0] NCCL INFO NET/IB: ncclIbSenderQpsToRts: Set ECE: IbDev 0 Port 1 qp_num 10019 set_ece={supported=1, vendor_id=0x15b3, options=0x30000002, comp_mask=0x0}
spark2:209:239 [0] NCCL INFO NET/IB: ncclIbSenderQpsToRts: Set ECE: IbDev 0 Port 1 qp_num 10020 set_ece={supported=1, vendor_id=0x15b3, options=0x30000002, comp_mask=0x0}
spark2:209:239 [0] NCCL INFO NET/IB: ncclIbSenderQpsToRts: Set ECE: IbDev 0 Port 1 qp_num 10026 set_ece={supported=1, vendor_id=0x15b3, options=0x30000002, comp_mask=0x0}
spark2:209:239 [0] NCCL INFO NET/IB: ncclIbSenderQpsToRts: Set ECE: IbDev 0 Port 1 qp_num 10027 set_ece={supported=1, vendor_id=0x15b3, options=0x30000002, comp_mask=0x0}
spark2:209:239 [0] NCCL INFO NET/IB: ncclIbSenderQpsToRts: Set ECE: IbDev 0 Port 1 qp_num 10028 set_ece={supported=1, vendor_id=0x15b3, options=0x30000002, comp_mask=0x0}
spark2:209:239 [0] NCCL INFO NET/IB: ncclIbSenderQpsToRts: Set ECE: IbDev 0 Port 1 qp_num 10029 set_ece={supported=1, vendor_id=0x15b3, options=0x30000002, comp_mask=0x0}
spark2:209:239 [0] NCCL INFO NET/IB: ncclIbSenderQpsToRts: Set ECE: IbDev 0 Port 1 qp_num 10035 set_ece={supported=1, vendor_id=0x15b3, options=0x30000002, comp_mask=0x0}
spark2:209:239 [0] NCCL INFO NET/IB: ncclIbSenderQpsToRts: Set ECE: IbDev 0 Port 1 qp_num 10036 set_ece={supported=1, vendor_id=0x15b3, options=0x30000002, comp_mask=0x0}
spark2:209:239 [0] NCCL INFO NET/IB: ncclIbSenderQpsToRts: Set ECE: IbDev 0 Port 1 qp_num 10037 set_ece={supported=1, vendor_id=0x15b3, options=0x30000002, comp_mask=0x0}
spark2:209:239 [0] NCCL INFO NET/IB: ncclIbSenderQpsToRts: Set ECE: IbDev 0 Port 1 qp_num 10038 set_ece={supported=1, vendor_id=0x15b3, options=0x30000002, comp_mask=0x0}
spark2:209:239 [0] NCCL INFO NET/IB: ncclIbSenderQpsToRts: Set ECE: IbDev 0 Port 1 qp_num 10044 set_ece={supported=1, vendor_id=0x15b3, options=0x30000002, comp_mask=0x0}
spark2:209:239 [0] NCCL INFO NET/IB: ncclIbSenderQpsToRts: Set ECE: IbDev 0 Port 1 qp_num 10045 set_ece={supported=1, vendor_id=0x15b3, options=0x30000002, comp_mask=0x0}
spark2:209:239 [0] NCCL INFO NET/IB: ncclIbSenderQpsToRts: Set ECE: IbDev 0 Port 1 qp_num 10046 set_ece={supported=1, vendor_id=0x15b3, options=0x30000002, comp_mask=0x0}
spark2:209:239 [0] NCCL INFO NET/IB: ncclIbSenderQpsToRts: Set ECE: IbDev 0 Port 1 qp_num 10047 set_ece={supported=1, vendor_id=0x15b3, options=0x30000002, comp_mask=0x0}
spark2:209:239 [0] NCCL INFO NET/IB: ncclIbSenderQpsToRts: Set ECE: IbDev 0 Port 1 qp_num 10053 set_ece={supported=1, vendor_id=0x15b3, options=0x30000002, comp_mask=0x0}
spark2:209:239 [0] NCCL INFO NET/IB: ncclIbSenderQpsToRts: Set ECE: IbDev 0 Port 1 qp_num 10054 set_ece={supported=1, vendor_id=0x15b3, options=0x30000002, comp_mask=0x0}
spark2:209:239 [0] NCCL INFO NET/IB: ncclIbSenderQpsToRts: Set ECE: IbDev 0 Port 1 qp_num 10055 set_ece={supported=1, vendor_id=0x15b3, options=0x30000002, comp_mask=0x0}
spark2:209:239 [0] NCCL INFO NET/IB: ncclIbSenderQpsToRts: Set ECE: IbDev 0 Port 1 qp_num 10056 set_ece={supported=1, vendor_id=0x15b3, options=0x30000002, comp_mask=0x0}
spark2:209:239 [0] NCCL INFO NET/IB: ncclIbSenderQpsToRts: Set ECE: IbDev 0 Port 1 qp_num 10062 set_ece={supported=1, vendor_id=0x15b3, options=0x30000002, comp_mask=0x0}
spark2:209:239 [0] NCCL INFO NET/IB: ncclIbSenderQpsToRts: Set ECE: IbDev 0 Port 1 qp_num 10063 set_ece={supported=1, vendor_id=0x15b3, options=0x30000002, comp_mask=0x0}
spark2:209:239 [0] NCCL INFO NET/IB: ncclIbSenderQpsToRts: Set ECE: IbDev 0 Port 1 qp_num 10064 set_ece={supported=1, vendor_id=0x15b3, options=0x30000002, comp_mask=0x0}
spark2:209:239 [0] NCCL INFO NET/IB: ncclIbSenderQpsToRts: Set ECE: IbDev 0 Port 1 qp_num 10065 set_ece={supported=1, vendor_id=0x15b3, options=0x30000002, comp_mask=0x0}
spark2:209:239 [0] NCCL INFO NET/IB: ncclIbSenderQpsToRts: Set ECE: IbDev 0 Port 1 qp_num 10071 set_ece={supported=1, vendor_id=0x15b3, options=0x30000002, comp_mask=0x0}
spark2:209:239 [0] NCCL INFO NET/IB: ncclIbSenderQpsToRts: Set ECE: IbDev 0 Port 1 qp_num 10072 set_ece={supported=1, vendor_id=0x15b3, options=0x30000002, comp_mask=0x0}
spark2:209:239 [0] NCCL INFO NET/IB: ncclIbSenderQpsToRts: Set ECE: IbDev 0 Port 1 qp_num 10073 set_ece={supported=1, vendor_id=0x15b3, options=0x30000002, comp_mask=0x0}
spark2:209:239 [0] NCCL INFO NET/IB: ncclIbSenderQpsToRts: Set ECE: IbDev 0 Port 1 qp_num 10074 set_ece={supported=1, vendor_id=0x15b3, options=0x30000002, comp_mask=0x0}
spark2:209:239 [0] NCCL INFO NET/IB: ncclIbSenderQpsCreate: QP created: port=1 dev=0 devName=rocep1s0f1 ndevs=1 nmdevs=1 qp_num=10080 pkey=0 pd=0xf44760041f80 oooRq=0
spark2:209:239 [0] NCCL INFO NET/IB: ncclIbSenderQpsCreate: QP created: port=1 dev=0 devName=rocep1s0f1 ndevs=1 nmdevs=1 qp_num=10081 pkey=0 pd=0xf44760041f80 oooRq=0
spark2:209:239 [0] NCCL INFO NET/IB: ncclIbSenderQpsCreate: QP created: port=1 dev=0 devName=rocep1s0f1 ndevs=1 nmdevs=1 qp_num=10082 pkey=0 pd=0xf44760041f80 oooRq=0
spark2:209:239 [0] NCCL INFO NET/IB: ncclIbSenderQpsCreate: QP created: port=1 dev=0 devName=rocep1s0f1 ndevs=1 nmdevs=1 qp_num=10083 pkey=0 pd=0xf44760041f80 oooRq=0
spark2:209:239 [0] NCCL INFO NET/IB: ncclIbConnectImpl: NCCL Dev 0 IbDev 0 Port 1 qp_num 10080 mtu 5 GID 3 (0/264A8C0FFFF0000) ctsFifoRkey=0x1b8784 ctsFifoLkey=0x1b8784
spark2:209:239 [0] NCCL INFO NET/IB: ncclIbConnectImpl: IbDev 0 Port 1 qp_num 10080 query_ece={supported=1, vendor_id=0x15b3, options=0x30000002, comp_mask=0x0}
spark2:209:239 [0] NCCL INFO NET/IB: ncclIbConnectImpl: NCCL Dev 0 IbDev 0 Port 1 qp_num 10081 mtu 5 GID 3 (0/264A8C0FFFF0000) ctsFifoRkey=0x1b8784 ctsFifoLkey=0x1b8784
spark2:209:239 [0] NCCL INFO NET/IB: ncclIbConnectImpl: IbDev 0 Port 1 qp_num 10081 query_ece={supported=1, vendor_id=0x15b3, options=0x30000002, comp_mask=0x0}
spark2:209:239 [0] NCCL INFO NET/IB: ncclIbConnectImpl: NCCL Dev 0 IbDev 0 Port 1 qp_num 10082 mtu 5 GID 3 (0/264A8C0FFFF0000) ctsFifoRkey=0x1b8784 ctsFifoLkey=0x1b8784
spark2:209:239 [0] NCCL INFO NET/IB: ncclIbConnectImpl: IbDev 0 Port 1 qp_num 10082 query_ece={supported=1, vendor_id=0x15b3, options=0x30000002, comp_mask=0x0}
spark2:209:239 [0] NCCL INFO NET/IB: ncclIbConnectImpl: NCCL Dev 0 IbDev 0 Port 1 qp_num 10083 mtu 5 GID 3 (0/264A8C0FFFF0000) ctsFifoRkey=0x1b8784 ctsFifoLkey=0x1b8784
spark2:209:239 [0] NCCL INFO NET/IB: ncclIbConnectImpl: IbDev 0 Port 1 qp_num 10083 query_ece={supported=1, vendor_id=0x15b3, options=0x30000002, comp_mask=0x0}
spark2:209:239 [0] NCCL INFO NET/IB: ncclIbResiliencyInit: Resiliency is disabled on the recv communicator (comm=0xf44762f37000)
spark2:209:239 [0] NCCL INFO NET/IB: ncclIbRecvCommInit: Receive work requests will be posted on-demand
spark2:209:239 [0] NCCL INFO NET/IB: ncclIbResiliencyInit: Resiliency is disabled on the send communicator (comm=0xf44762f7c000)
spark2:209:239 [0] NCCL INFO NET/IB: ncclIbResiliencyInit: Resiliency is disabled on the recv communicator (comm=0xf44762fbd000)
spark2:209:239 [0] NCCL INFO NET/IB: ncclIbRecvCommInit: Receive work requests will be posted on-demand
spark2:209:239 [0] NCCL INFO NET/IB: ncclIbResiliencyInit: Resiliency is disabled on the send communicator (comm=0xf44763002000)
spark2:209:239 [0] NCCL INFO NET/IB: ncclIbResiliencyInit: Resiliency is disabled on the recv communicator (comm=0xf44763043000)
spark2:209:239 [0] NCCL INFO NET/IB: ncclIbRecvCommInit: Receive work requests will be posted on-demand
spark2:209:239 [0] NCCL INFO NET/IB: ncclIbResiliencyInit: Resiliency is disabled on the send communicator (comm=0xf44763088000)
spark2:209:239 [0] NCCL INFO NET/IB: ncclIbResiliencyInit: Resiliency is disabled on the recv communicator (comm=0xf447630c9000)
spark2:209:239 [0] NCCL INFO NET/IB: ncclIbRecvCommInit: Receive work requests will be posted on-demand
spark2:209:239 [0] NCCL INFO NET/IB: ncclIbResiliencyInit: Resiliency is disabled on the send communicator (comm=0xf4476310e000)
spark2:209:239 [0] NCCL INFO NET/IB: ncclIbResiliencyInit: Resiliency is disabled on the recv communicator (comm=0xf4476314f000)
spark2:209:239 [0] NCCL INFO NET/IB: ncclIbRecvCommInit: Receive work requests will be posted on-demand
spark2:209:239 [0] NCCL INFO NET/IB: ncclIbResiliencyInit: Resiliency is disabled on the send communicator (comm=0xf44763194000)
spark2:209:239 [0] NCCL INFO NET/IB: ncclIbResiliencyInit: Resiliency is disabled on the recv communicator (comm=0xf447631d5000)
spark2:209:239 [0] NCCL INFO NET/IB: ncclIbRecvCommInit: Receive work requests will be posted on-demand
spark2:209:239 [0] NCCL INFO NET/IB: ncclIbResiliencyInit: Resiliency is disabled on the send communicator (comm=0xf4476321d000)
spark2:209:239 [0] NCCL INFO NET/IB: ncclIbResiliencyInit: Resiliency is disabled on the recv communicator (comm=0xf44763261000)
spark2:209:239 [0] NCCL INFO NET/IB: ncclIbRecvCommInit: Receive work requests will be posted on-demand
spark2:209:239 [0] NCCL INFO NET/IB: ncclIbResiliencyInit: Resiliency is disabled on the send communicator (comm=0xf447632a9000)
spark2:209:239 [0] NCCL INFO NET/IB: ncclIbResiliencyInit: Resiliency is disabled on the recv communicator (comm=0xf447632ed000)
spark2:209:239 [0] NCCL INFO NET/IB: ncclIbRecvCommInit: Receive work requests will be posted on-demand
spark2:209:239 [0] NCCL INFO NET/IB: ncclIbResiliencyInit: Resiliency is disabled on the send communicator (comm=0xf44763335000)
spark2:209:239 [0] NCCL INFO NET/IB: ncclIbResiliencyInit: Resiliency is disabled on the recv communicator (comm=0xf44763379000)
spark2:209:239 [0] NCCL INFO NET/IB: ncclIbRecvCommInit: Receive work requests will be posted on-demand
spark2:209:239 [0] NCCL INFO NET/IB: ncclIbResiliencyInit: Resiliency is disabled on the send communicator (comm=0xf447633c1000)
spark2:209:239 [0] NCCL INFO NET/IB: ncclIbResiliencyInit: Resiliency is disabled on the recv communicator (comm=0xf44763405000)
spark2:209:239 [0] NCCL INFO NET/IB: ncclIbRecvCommInit: Receive work requests will be posted on-demand
spark2:209:239 [0] NCCL INFO NET/IB: ncclIbResiliencyInit: Resiliency is disabled on the send communicator (comm=0xf4476344d000)
spark2:209:239 [0] NCCL INFO NET/IB: ncclIbResiliencyInit: Resiliency is disabled on the recv communicator (comm=0xf44763491000)
spark2:209:239 [0] NCCL INFO NET/IB: ncclIbRecvCommInit: Receive work requests will be posted on-demand
spark2:209:239 [0] NCCL INFO NET/IB: ncclIbResiliencyInit: Resiliency is disabled on the send communicator (comm=0xf447634d9000)
spark2:209:239 [0] NCCL INFO NET/IB: ncclIbReceiverQpsCreateToRts: QP created: port=1 dev=0 devName=rocep1s0f1 ndevs=1 nmdevs=1 qp_num=10084 pkey=0 pd=0xf44760041f80 oooRq=0
spark2:209:239 [0] NCCL INFO NET/IB: ncclIbReceiverQpsCreateToRts: QP created: port=1 dev=0 devName=rocep1s0f1 ndevs=1 nmdevs=1 qp_num=10085 pkey=0 pd=0xf44760041f80 oooRq=0
spark2:209:239 [0] NCCL INFO NET/IB: ncclIbReceiverQpsCreateToRts: QP created: port=1 dev=0 devName=rocep1s0f1 ndevs=1 nmdevs=1 qp_num=10086 pkey=0 pd=0xf44760041f80 oooRq=0
spark2:209:239 [0] NCCL INFO NET/IB: ncclIbReceiverQpsCreateToRts: QP created: port=1 dev=0 devName=rocep1s0f1 ndevs=1 nmdevs=1 qp_num=10087 pkey=0 pd=0xf44760041f80 oooRq=0
spark2:209:239 [0] NCCL INFO NET/IB: ncclIbReceiverQpsCreateToRts: Flush QP created: port=1 dev=0 devName=rocep1s0f1 ndevs=1 nmdevs=1 qp_num=10088 pkey=0 pd=0xf44760041f80
spark2:209:239 [0] NCCL INFO NET/IB: ncclIbResiliencyInit: Resiliency is disabled on the recv communicator (comm=0xf44763619000)
spark2:209:239 [0] NCCL INFO NET/IB: ncclIbRecvCommInit: Receive work requests will be posted on-demand
spark2:209:239 [0] NCCL INFO NET/IB: ncclIbSenderQpsToRts: Set ECE: IbDev 0 Port 1 qp_num 10080 set_ece={supported=1, vendor_id=0x15b3, options=0x30000002, comp_mask=0x0}
spark2:209:239 [0] NCCL INFO NET/IB: ncclIbSenderQpsToRts: Set ECE: IbDev 0 Port 1 qp_num 10081 set_ece={supported=1, vendor_id=0x15b3, options=0x30000002, comp_mask=0x0}
spark2:209:239 [0] NCCL INFO NET/IB: ncclIbSenderQpsToRts: Set ECE: IbDev 0 Port 1 qp_num 10082 set_ece={supported=1, vendor_id=0x15b3, options=0x30000002, comp_mask=0x0}
spark2:209:239 [0] NCCL INFO NET/IB: ncclIbSenderQpsToRts: Set ECE: IbDev 0 Port 1 qp_num 10083 set_ece={supported=1, vendor_id=0x15b3, options=0x30000002, comp_mask=0x0}
spark2:209:239 [0] NCCL INFO NET/IB: ncclIbSenderQpsCreate: QP created: port=1 dev=0 devName=rocep1s0f1 ndevs=1 nmdevs=1 qp_num=10089 pkey=0 pd=0xf44760041f80 oooRq=0
spark2:209:239 [0] NCCL INFO NET/IB: ncclIbSenderQpsCreate: QP created: port=1 dev=0 devName=rocep1s0f1 ndevs=1 nmdevs=1 qp_num=10090 pkey=0 pd=0xf44760041f80 oooRq=0
spark2:209:239 [0] NCCL INFO NET/IB: ncclIbSenderQpsCreate: QP created: port=1 dev=0 devName=rocep1s0f1 ndevs=1 nmdevs=1 qp_num=10091 pkey=0 pd=0xf44760041f80 oooRq=0
spark2:209:239 [0] NCCL INFO NET/IB: ncclIbSenderQpsCreate: QP created: port=1 dev=0 devName=rocep1s0f1 ndevs=1 nmdevs=1 qp_num=10092 pkey=0 pd=0xf44760041f80 oooRq=0
spark2:209:239 [0] NCCL INFO NET/IB: ncclIbConnectImpl: NCCL Dev 0 IbDev 0 Port 1 qp_num 10089 mtu 5 GID 3 (0/264A8C0FFFF0000) ctsFifoRkey=0x233922 ctsFifoLkey=0x233922
spark2:209:239 [0] NCCL INFO NET/IB: ncclIbConnectImpl: IbDev 0 Port 1 qp_num 10089 query_ece={supported=1, vendor_id=0x15b3, options=0x30000002, comp_mask=0x0}
spark2:209:239 [0] NCCL INFO NET/IB: ncclIbConnectImpl: NCCL Dev 0 IbDev 0 Port 1 qp_num 10090 mtu 5 GID 3 (0/264A8C0FFFF0000) ctsFifoRkey=0x233922 ctsFifoLkey=0x233922
spark2:209:239 [0] NCCL INFO NET/IB: ncclIbConnectImpl: IbDev 0 Port 1 qp_num 10090 query_ece={supported=1, vendor_id=0x15b3, options=0x30000002, comp_mask=0x0}
spark2:209:239 [0] NCCL INFO NET/IB: ncclIbConnectImpl: NCCL Dev 0 IbDev 0 Port 1 qp_num 10091 mtu 5 GID 3 (0/264A8C0FFFF0000) ctsFifoRkey=0x233922 ctsFifoLkey=0x233922
spark2:209:239 [0] NCCL INFO NET/IB: ncclIbConnectImpl: IbDev 0 Port 1 qp_num 10091 query_ece={supported=1, vendor_id=0x15b3, options=0x30000002, comp_mask=0x0}
spark2:209:239 [0] NCCL INFO NET/IB: ncclIbConnectImpl: NCCL Dev 0 IbDev 0 Port 1 qp_num 10092 mtu 5 GID 3 (0/264A8C0FFFF0000) ctsFifoRkey=0x233922 ctsFifoLkey=0x233922
spark2:209:239 [0] NCCL INFO NET/IB: ncclIbConnectImpl: IbDev 0 Port 1 qp_num 10092 query_ece={supported=1, vendor_id=0x15b3, options=0x30000002, comp_mask=0x0}
spark2:209:239 [0] NCCL INFO NET/IB: ncclIbReceiverQpsCreateToRts: QP created: port=1 dev=0 devName=rocep1s0f1 ndevs=1 nmdevs=1 qp_num=10093 pkey=0 pd=0xf44760041f80 oooRq=0
spark2:209:239 [0] NCCL INFO NET/IB: ncclIbReceiverQpsCreateToRts: QP created: port=1 dev=0 devName=rocep1s0f1 ndevs=1 nmdevs=1 qp_num=10094 pkey=0 pd=0xf44760041f80 oooRq=0
spark2:209:239 [0] NCCL INFO NET/IB: ncclIbReceiverQpsCreateToRts: QP created: port=1 dev=0 devName=rocep1s0f1 ndevs=1 nmdevs=1 qp_num=10095 pkey=0 pd=0xf44760041f80 oooRq=0
spark2:209:239 [0] NCCL INFO NET/IB: ncclIbReceiverQpsCreateToRts: QP created: port=1 dev=0 devName=rocep1s0f1 ndevs=1 nmdevs=1 qp_num=10096 pkey=0 pd=0xf44760041f80 oooRq=0
spark2:209:239 [0] NCCL INFO NET/IB: ncclIbReceiverQpsCreateToRts: Flush QP created: port=1 dev=0 devName=rocep1s0f1 ndevs=1 nmdevs=1 qp_num=10097 pkey=0 pd=0xf44760041f80
spark2:209:239 [0] NCCL INFO NET/IB: ncclIbSenderQpsCreate: QP created: port=1 dev=0 devName=rocep1s0f1 ndevs=1 nmdevs=1 qp_num=10098 pkey=0 pd=0xf44760041f80 oooRq=0
spark2:209:239 [0] NCCL INFO NET/IB: ncclIbSenderQpsCreate: QP created: port=1 dev=0 devName=rocep1s0f1 ndevs=1 nmdevs=1 qp_num=10099 pkey=0 pd=0xf44760041f80 oooRq=0
spark2:209:239 [0] NCCL INFO NET/IB: ncclIbSenderQpsCreate: QP created: port=1 dev=0 devName=rocep1s0f1 ndevs=1 nmdevs=1 qp_num=10100 pkey=0 pd=0xf44760041f80 oooRq=0
spark2:209:239 [0] NCCL INFO NET/IB: ncclIbSenderQpsCreate: QP created: port=1 dev=0 devName=rocep1s0f1 ndevs=1 nmdevs=1 qp_num=10101 pkey=0 pd=0xf44760041f80 oooRq=0
spark2:209:239 [0] NCCL INFO NET/IB: ncclIbConnectImpl: NCCL Dev 0 IbDev 0 Port 1 qp_num 10098 mtu 5 GID 3 (0/264A8C0FFFF0000) ctsFifoRkey=0x233720 ctsFifoLkey=0x233720
spark2:209:239 [0] NCCL INFO NET/IB: ncclIbConnectImpl: IbDev 0 Port 1 qp_num 10098 query_ece={supported=1, vendor_id=0x15b3, options=0x30000002, comp_mask=0x0}
spark2:209:239 [0] NCCL INFO NET/IB: ncclIbConnectImpl: NCCL Dev 0 IbDev 0 Port 1 qp_num 10099 mtu 5 GID 3 (0/264A8C0FFFF0000) ctsFifoRkey=0x233720 ctsFifoLkey=0x233720
spark2:209:239 [0] NCCL INFO NET/IB: ncclIbConnectImpl: IbDev 0 Port 1 qp_num 10099 query_ece={supported=1, vendor_id=0x15b3, options=0x30000002, comp_mask=0x0}
spark2:209:239 [0] NCCL INFO NET/IB: ncclIbConnectImpl: NCCL Dev 0 IbDev 0 Port 1 qp_num 10100 mtu 5 GID 3 (0/264A8C0FFFF0000) ctsFifoRkey=0x233720 ctsFifoLkey=0x233720
spark2:209:239 [0] NCCL INFO NET/IB: ncclIbConnectImpl: IbDev 0 Port 1 qp_num 10100 query_ece={supported=1, vendor_id=0x15b3, options=0x30000002, comp_mask=0x0}
spark2:209:239 [0] NCCL INFO NET/IB: ncclIbConnectImpl: NCCL Dev 0 IbDev 0 Port 1 qp_num 10101 mtu 5 GID 3 (0/264A8C0FFFF0000) ctsFifoRkey=0x233720 ctsFifoLkey=0x233720
spark2:209:239 [0] NCCL INFO NET/IB: ncclIbConnectImpl: IbDev 0 Port 1 qp_num 10101 query_ece={supported=1, vendor_id=0x15b3, options=0x30000002, comp_mask=0x0}
spark2:209:239 [0] NCCL INFO NET/IB: ncclIbReceiverQpsCreateToRts: QP created: port=1 dev=0 devName=rocep1s0f1 ndevs=1 nmdevs=1 qp_num=10102 pkey=0 pd=0xf44760041f80 oooRq=0
spark2:209:239 [0] NCCL INFO NET/IB: ncclIbReceiverQpsCreateToRts: QP created: port=1 dev=0 devName=rocep1s0f1 ndevs=1 nmdevs=1 qp_num=10103 pkey=0 pd=0xf44760041f80 oooRq=0
spark2:209:239 [0] NCCL INFO NET/IB: ncclIbReceiverQpsCreateToRts: QP created: port=1 dev=0 devName=rocep1s0f1 ndevs=1 nmdevs=1 qp_num=10104 pkey=0 pd=0xf44760041f80 oooRq=0
spark2:209:239 [0] NCCL INFO NET/IB: ncclIbReceiverQpsCreateToRts: QP created: port=1 dev=0 devName=rocep1s0f1 ndevs=1 nmdevs=1 qp_num=10105 pkey=0 pd=0xf44760041f80 oooRq=0
spark2:209:239 [0] NCCL INFO NET/IB: ncclIbReceiverQpsCreateToRts: Flush QP created: port=1 dev=0 devName=rocep1s0f1 ndevs=1 nmdevs=1 qp_num=10106 pkey=0 pd=0xf44760041f80
spark2:209:239 [0] NCCL INFO NET/IB: ncclIbSenderQpsCreate: QP created: port=1 dev=0 devName=rocep1s0f1 ndevs=1 nmdevs=1 qp_num=10107 pkey=0 pd=0xf44760041f80 oooRq=0
spark2:209:239 [0] NCCL INFO NET/IB: ncclIbSenderQpsCreate: QP created: port=1 dev=0 devName=rocep1s0f1 ndevs=1 nmdevs=1 qp_num=10108 pkey=0 pd=0xf44760041f80 oooRq=0
spark2:209:239 [0] NCCL INFO NET/IB: ncclIbSenderQpsCreate: QP created: port=1 dev=0 devName=rocep1s0f1 ndevs=1 nmdevs=1 qp_num=10109 pkey=0 pd=0xf44760041f80 oooRq=0
spark2:209:239 [0] NCCL INFO NET/IB: ncclIbSenderQpsCreate: QP created: port=1 dev=0 devName=rocep1s0f1 ndevs=1 nmdevs=1 qp_num=10110 pkey=0 pd=0xf44760041f80 oooRq=0
spark2:209:239 [0] NCCL INFO NET/IB: ncclIbConnectImpl: NCCL Dev 0 IbDev 0 Port 1 qp_num 10107 mtu 5 GID 3 (0/264A8C0FFFF0000) ctsFifoRkey=0x23351e ctsFifoLkey=0x23351e
spark2:209:239 [0] NCCL INFO NET/IB: ncclIbConnectImpl: IbDev 0 Port 1 qp_num 10107 query_ece={supported=1, vendor_id=0x15b3, options=0x30000002, comp_mask=0x0}
spark2:209:239 [0] NCCL INFO NET/IB: ncclIbConnectImpl: NCCL Dev 0 IbDev 0 Port 1 qp_num 10108 mtu 5 GID 3 (0/264A8C0FFFF0000) ctsFifoRkey=0x23351e ctsFifoLkey=0x23351e
spark2:209:239 [0] NCCL INFO NET/IB: ncclIbConnectImpl: IbDev 0 Port 1 qp_num 10108 query_ece={supported=1, vendor_id=0x15b3, options=0x30000002, comp_mask=0x0}
spark2:209:239 [0] NCCL INFO NET/IB: ncclIbConnectImpl: NCCL Dev 0 IbDev 0 Port 1 qp_num 10109 mtu 5 GID 3 (0/264A8C0FFFF0000) ctsFifoRkey=0x23351e ctsFifoLkey=0x23351e
spark2:209:239 [0] NCCL INFO NET/IB: ncclIbConnectImpl: IbDev 0 Port 1 qp_num 10109 query_ece={supported=1, vendor_id=0x15b3, options=0x30000002, comp_mask=0x0}
spark2:209:239 [0] NCCL INFO NET/IB: ncclIbConnectImpl: NCCL Dev 0 IbDev 0 Port 1 qp_num 10110 mtu 5 GID 3 (0/264A8C0FFFF0000) ctsFifoRkey=0x23351e ctsFifoLkey=0x23351e
spark2:209:239 [0] NCCL INFO NET/IB: ncclIbConnectImpl: IbDev 0 Port 1 qp_num 10110 query_ece={supported=1, vendor_id=0x15b3, options=0x30000002, comp_mask=0x0}
spark2:209:239 [0] NCCL INFO NET/IB: ncclIbReceiverQpsCreateToRts: QP created: port=1 dev=0 devName=rocep1s0f1 ndevs=1 nmdevs=1 qp_num=10111 pkey=0 pd=0xf44760041f80 oooRq=0
spark2:209:239 [0] NCCL INFO NET/IB: ncclIbReceiverQpsCreateToRts: QP created: port=1 dev=0 devName=rocep1s0f1 ndevs=1 nmdevs=1 qp_num=10112 pkey=0 pd=0xf44760041f80 oooRq=0
spark2:209:239 [0] NCCL INFO NET/IB: ncclIbReceiverQpsCreateToRts: QP created: port=1 dev=0 devName=rocep1s0f1 ndevs=1 nmdevs=1 qp_num=10113 pkey=0 pd=0xf44760041f80 oooRq=0
spark2:209:239 [0] NCCL INFO NET/IB: ncclIbReceiverQpsCreateToRts: QP created: port=1 dev=0 devName=rocep1s0f1 ndevs=1 nmdevs=1 qp_num=10114 pkey=0 pd=0xf44760041f80 oooRq=0
spark2:209:239 [0] NCCL INFO NET/IB: ncclIbReceiverQpsCreateToRts: Flush QP created: port=1 dev=0 devName=rocep1s0f1 ndevs=1 nmdevs=1 qp_num=10115 pkey=0 pd=0xf44760041f80
spark2:209:239 [0] NCCL INFO NET/IB: ncclIbSenderQpsCreate: QP created: port=1 dev=0 devName=rocep1s0f1 ndevs=1 nmdevs=1 qp_num=10116 pkey=0 pd=0xf44760041f80 oooRq=0
spark2:209:239 [0] NCCL INFO NET/IB: ncclIbSenderQpsCreate: QP created: port=1 dev=0 devName=rocep1s0f1 ndevs=1 nmdevs=1 qp_num=10117 pkey=0 pd=0xf44760041f80 oooRq=0
spark2:209:239 [0] NCCL INFO NET/IB: ncclIbSenderQpsCreate: QP created: port=1 dev=0 devName=rocep1s0f1 ndevs=1 nmdevs=1 qp_num=10118 pkey=0 pd=0xf44760041f80 oooRq=0
spark2:209:239 [0] NCCL INFO NET/IB: ncclIbSenderQpsCreate: QP created: port=1 dev=0 devName=rocep1s0f1 ndevs=1 nmdevs=1 qp_num=10119 pkey=0 pd=0xf44760041f80 oooRq=0
spark2:209:239 [0] NCCL INFO NET/IB: ncclIbConnectImpl: NCCL Dev 0 IbDev 0 Port 1 qp_num 10116 mtu 5 GID 3 (0/264A8C0FFFF0000) ctsFifoRkey=0x1bc1be ctsFifoLkey=0x1bc1be
spark2:209:239 [0] NCCL INFO NET/IB: ncclIbConnectImpl: IbDev 0 Port 1 qp_num 10116 query_ece={supported=1, vendor_id=0x15b3, options=0x30000002, comp_mask=0x0}
spark2:209:239 [0] NCCL INFO NET/IB: ncclIbConnectImpl: NCCL Dev 0 IbDev 0 Port 1 qp_num 10117 mtu 5 GID 3 (0/264A8C0FFFF0000) ctsFifoRkey=0x1bc1be ctsFifoLkey=0x1bc1be
spark2:209:239 [0] NCCL INFO NET/IB: ncclIbConnectImpl: IbDev 0 Port 1 qp_num 10117 query_ece={supported=1, vendor_id=0x15b3, options=0x30000002, comp_mask=0x0}
spark2:209:239 [0] NCCL INFO NET/IB: ncclIbConnectImpl: NCCL Dev 0 IbDev 0 Port 1 qp_num 10118 mtu 5 GID 3 (0/264A8C0FFFF0000) ctsFifoRkey=0x1bc1be ctsFifoLkey=0x1bc1be
spark2:209:239 [0] NCCL INFO NET/IB: ncclIbConnectImpl: IbDev 0 Port 1 qp_num 10118 query_ece={supported=1, vendor_id=0x15b3, options=0x30000002, comp_mask=0x0}
spark2:209:239 [0] NCCL INFO NET/IB: ncclIbConnectImpl: NCCL Dev 0 IbDev 0 Port 1 qp_num 10119 mtu 5 GID 3 (0/264A8C0FFFF0000) ctsFifoRkey=0x1bc1be ctsFifoLkey=0x1bc1be
spark2:209:239 [0] NCCL INFO NET/IB: ncclIbConnectImpl: IbDev 0 Port 1 qp_num 10119 query_ece={supported=1, vendor_id=0x15b3, options=0x30000002, comp_mask=0x0}
spark2:209:239 [0] NCCL INFO NET/IB: ncclIbReceiverQpsCreateToRts: QP created: port=1 dev=0 devName=rocep1s0f1 ndevs=1 nmdevs=1 qp_num=10120 pkey=0 pd=0xf44760041f80 oooRq=0
spark2:209:239 [0] NCCL INFO NET/IB: ncclIbReceiverQpsCreateToRts: QP created: port=1 dev=0 devName=rocep1s0f1 ndevs=1 nmdevs=1 qp_num=10121 pkey=0 pd=0xf44760041f80 oooRq=0
spark2:209:239 [0] NCCL INFO NET/IB: ncclIbReceiverQpsCreateToRts: QP created: port=1 dev=0 devName=rocep1s0f1 ndevs=1 nmdevs=1 qp_num=10122 pkey=0 pd=0xf44760041f80 oooRq=0
spark2:209:239 [0] NCCL INFO NET/IB: ncclIbReceiverQpsCreateToRts: QP created: port=1 dev=0 devName=rocep1s0f1 ndevs=1 nmdevs=1 qp_num=10123 pkey=0 pd=0xf44760041f80 oooRq=0
spark2:209:239 [0] NCCL INFO NET/IB: ncclIbReceiverQpsCreateToRts: Flush QP created: port=1 dev=0 devName=rocep1s0f1 ndevs=1 nmdevs=1 qp_num=10124 pkey=0 pd=0xf44760041f80
spark2:209:239 [0] NCCL INFO NET/IB: ncclIbSenderQpsCreate: QP created: port=1 dev=0 devName=rocep1s0f1 ndevs=1 nmdevs=1 qp_num=10125 pkey=0 pd=0xf44760041f80 oooRq=0
spark2:209:239 [0] NCCL INFO NET/IB: ncclIbSenderQpsCreate: QP created: port=1 dev=0 devName=rocep1s0f1 ndevs=1 nmdevs=1 qp_num=10126 pkey=0 pd=0xf44760041f80 oooRq=0
spark2:209:239 [0] NCCL INFO NET/IB: ncclIbSenderQpsCreate: QP created: port=1 dev=0 devName=rocep1s0f1 ndevs=1 nmdevs=1 qp_num=10127 pkey=0 pd=0xf44760041f80 oooRq=0
spark2:209:239 [0] NCCL INFO NET/IB: ncclIbSenderQpsCreate: QP created: port=1 dev=0 devName=rocep1s0f1 ndevs=1 nmdevs=1 qp_num=10128 pkey=0 pd=0xf44760041f80 oooRq=0
spark2:209:239 [0] NCCL INFO NET/IB: ncclIbConnectImpl: NCCL Dev 0 IbDev 0 Port 1 qp_num 10125 mtu 5 GID 3 (0/264A8C0FFFF0000) ctsFifoRkey=0x23331c ctsFifoLkey=0x23331c
spark2:209:239 [0] NCCL INFO NET/IB: ncclIbConnectImpl: IbDev 0 Port 1 qp_num 10125 query_ece={supported=1, vendor_id=0x15b3, options=0x30000002, comp_mask=0x0}
spark2:209:239 [0] NCCL INFO NET/IB: ncclIbConnectImpl: NCCL Dev 0 IbDev 0 Port 1 qp_num 10126 mtu 5 GID 3 (0/264A8C0FFFF0000) ctsFifoRkey=0x23331c ctsFifoLkey=0x23331c
spark2:209:239 [0] NCCL INFO NET/IB: ncclIbConnectImpl: IbDev 0 Port 1 qp_num 10126 query_ece={supported=1, vendor_id=0x15b3, options=0x30000002, comp_mask=0x0}
spark2:209:239 [0] NCCL INFO NET/IB: ncclIbConnectImpl: NCCL Dev 0 IbDev 0 Port 1 qp_num 10127 mtu 5 GID 3 (0/264A8C0FFFF0000) ctsFifoRkey=0x23331c ctsFifoLkey=0x23331c
spark2:209:239 [0] NCCL INFO NET/IB: ncclIbConnectImpl: IbDev 0 Port 1 qp_num 10127 query_ece={supported=1, vendor_id=0x15b3, options=0x30000002, comp_mask=0x0}
spark2:209:239 [0] NCCL INFO NET/IB: ncclIbConnectImpl: NCCL Dev 0 IbDev 0 Port 1 qp_num 10128 mtu 5 GID 3 (0/264A8C0FFFF0000) ctsFifoRkey=0x23331c ctsFifoLkey=0x23331c
spark2:209:239 [0] NCCL INFO NET/IB: ncclIbConnectImpl: IbDev 0 Port 1 qp_num 10128 query_ece={supported=1, vendor_id=0x15b3, options=0x30000002, comp_mask=0x0}
spark2:209:239 [0] NCCL INFO NET/IB: ncclIbReceiverQpsCreateToRts: QP created: port=1 dev=0 devName=rocep1s0f1 ndevs=1 nmdevs=1 qp_num=10129 pkey=0 pd=0xf44760041f80 oooRq=0
spark2:209:239 [0] NCCL INFO NET/IB: ncclIbReceiverQpsCreateToRts: QP created: port=1 dev=0 devName=rocep1s0f1 ndevs=1 nmdevs=1 qp_num=10130 pkey=0 pd=0xf44760041f80 oooRq=0
spark2:209:239 [0] NCCL INFO NET/IB: ncclIbReceiverQpsCreateToRts: QP created: port=1 dev=0 devName=rocep1s0f1 ndevs=1 nmdevs=1 qp_num=10131 pkey=0 pd=0xf44760041f80 oooRq=0
spark2:209:239 [0] NCCL INFO NET/IB: ncclIbReceiverQpsCreateToRts: QP created: port=1 dev=0 devName=rocep1s0f1 ndevs=1 nmdevs=1 qp_num=10132 pkey=0 pd=0xf44760041f80 oooRq=0
spark2:209:239 [0] NCCL INFO NET/IB: ncclIbReceiverQpsCreateToRts: Flush QP created: port=1 dev=0 devName=rocep1s0f1 ndevs=1 nmdevs=1 qp_num=10133 pkey=0 pd=0xf44760041f80
spark2:209:239 [0] NCCL INFO NET/IB: ncclIbSenderQpsCreate: QP created: port=1 dev=0 devName=rocep1s0f1 ndevs=1 nmdevs=1 qp_num=10134 pkey=0 pd=0xf44760041f80 oooRq=0
spark2:209:239 [0] NCCL INFO NET/IB: ncclIbSenderQpsCreate: QP created: port=1 dev=0 devName=rocep1s0f1 ndevs=1 nmdevs=1 qp_num=10135 pkey=0 pd=0xf44760041f80 oooRq=0
spark2:209:239 [0] NCCL INFO NET/IB: ncclIbSenderQpsCreate: QP created: port=1 dev=0 devName=rocep1s0f1 ndevs=1 nmdevs=1 qp_num=10136 pkey=0 pd=0xf44760041f80 oooRq=0
spark2:209:239 [0] NCCL INFO NET/IB: ncclIbSenderQpsCreate: QP created: port=1 dev=0 devName=rocep1s0f1 ndevs=1 nmdevs=1 qp_num=10137 pkey=0 pd=0xf44760041f80 oooRq=0
spark2:209:239 [0] NCCL INFO NET/IB: ncclIbConnectImpl: NCCL Dev 0 IbDev 0 Port 1 qp_num 10134 mtu 5 GID 3 (0/264A8C0FFFF0000) ctsFifoRkey=0x1bb0a6 ctsFifoLkey=0x1bb0a6
spark2:209:239 [0] NCCL INFO NET/IB: ncclIbConnectImpl: IbDev 0 Port 1 qp_num 10134 query_ece={supported=1, vendor_id=0x15b3, options=0x30000002, comp_mask=0x0}
spark2:209:239 [0] NCCL INFO NET/IB: ncclIbConnectImpl: NCCL Dev 0 IbDev 0 Port 1 qp_num 10135 mtu 5 GID 3 (0/264A8C0FFFF0000) ctsFifoRkey=0x1bb0a6 ctsFifoLkey=0x1bb0a6
spark2:209:239 [0] NCCL INFO NET/IB: ncclIbConnectImpl: IbDev 0 Port 1 qp_num 10135 query_ece={supported=1, vendor_id=0x15b3, options=0x30000002, comp_mask=0x0}
spark2:209:239 [0] NCCL INFO NET/IB: ncclIbConnectImpl: NCCL Dev 0 IbDev 0 Port 1 qp_num 10136 mtu 5 GID 3 (0/264A8C0FFFF0000) ctsFifoRkey=0x1bb0a6 ctsFifoLkey=0x1bb0a6
spark2:209:239 [0] NCCL INFO NET/IB: ncclIbConnectImpl: IbDev 0 Port 1 qp_num 10136 query_ece={supported=1, vendor_id=0x15b3, options=0x30000002, comp_mask=0x0}
spark2:209:239 [0] NCCL INFO NET/IB: ncclIbConnectImpl: NCCL Dev 0 IbDev 0 Port 1 qp_num 10137 mtu 5 GID 3 (0/264A8C0FFFF0000) ctsFifoRkey=0x1bb0a6 ctsFifoLkey=0x1bb0a6
spark2:209:239 [0] NCCL INFO NET/IB: ncclIbConnectImpl: IbDev 0 Port 1 qp_num 10137 query_ece={supported=1, vendor_id=0x15b3, options=0x30000002, comp_mask=0x0}
spark2:209:239 [0] NCCL INFO NET/IB: ncclIbReceiverQpsCreateToRts: QP created: port=1 dev=0 devName=rocep1s0f1 ndevs=1 nmdevs=1 qp_num=10138 pkey=0 pd=0xf44760041f80 oooRq=0
spark2:209:239 [0] NCCL INFO NET/IB: ncclIbReceiverQpsCreateToRts: QP created: port=1 dev=0 devName=rocep1s0f1 ndevs=1 nmdevs=1 qp_num=10139 pkey=0 pd=0xf44760041f80 oooRq=0
spark2:209:239 [0] NCCL INFO NET/IB: ncclIbReceiverQpsCreateToRts: QP created: port=1 dev=0 devName=rocep1s0f1 ndevs=1 nmdevs=1 qp_num=10140 pkey=0 pd=0xf44760041f80 oooRq=0
spark2:209:239 [0] NCCL INFO NET/IB: ncclIbReceiverQpsCreateToRts: QP created: port=1 dev=0 devName=rocep1s0f1 ndevs=1 nmdevs=1 qp_num=10141 pkey=0 pd=0xf44760041f80 oooRq=0
spark2:209:239 [0] NCCL INFO NET/IB: ncclIbReceiverQpsCreateToRts: Flush QP created: port=1 dev=0 devName=rocep1s0f1 ndevs=1 nmdevs=1 qp_num=10142 pkey=0 pd=0xf44760041f80
spark2:209:239 [0] NCCL INFO NET/IB: ncclIbSenderQpsCreate: QP created: port=1 dev=0 devName=rocep1s0f1 ndevs=1 nmdevs=1 qp_num=10143 pkey=0 pd=0xf44760041f80 oooRq=0
spark2:209:239 [0] NCCL INFO NET/IB: ncclIbSenderQpsCreate: QP created: port=1 dev=0 devName=rocep1s0f1 ndevs=1 nmdevs=1 qp_num=10144 pkey=0 pd=0xf44760041f80 oooRq=0
spark2:209:239 [0] NCCL INFO NET/IB: ncclIbSenderQpsCreate: QP created: port=1 dev=0 devName=rocep1s0f1 ndevs=1 nmdevs=1 qp_num=10145 pkey=0 pd=0xf44760041f80 oooRq=0
spark2:209:239 [0] NCCL INFO NET/IB: ncclIbSenderQpsCreate: QP created: port=1 dev=0 devName=rocep1s0f1 ndevs=1 nmdevs=1 qp_num=10146 pkey=0 pd=0xf44760041f80 oooRq=0
spark2:209:239 [0] NCCL INFO NET/IB: ncclIbConnectImpl: NCCL Dev 0 IbDev 0 Port 1 qp_num 10143 mtu 5 GID 3 (0/264A8C0FFFF0000) ctsFifoRkey=0x1b9a98 ctsFifoLkey=0x1b9a98
spark2:209:239 [0] NCCL INFO NET/IB: ncclIbConnectImpl: IbDev 0 Port 1 qp_num 10143 query_ece={supported=1, vendor_id=0x15b3, options=0x30000002, comp_mask=0x0}
spark2:209:239 [0] NCCL INFO NET/IB: ncclIbConnectImpl: NCCL Dev 0 IbDev 0 Port 1 qp_num 10144 mtu 5 GID 3 (0/264A8C0FFFF0000) ctsFifoRkey=0x1b9a98 ctsFifoLkey=0x1b9a98
spark2:209:239 [0] NCCL INFO NET/IB: ncclIbConnectImpl: IbDev 0 Port 1 qp_num 10144 query_ece={supported=1, vendor_id=0x15b3, options=0x30000002, comp_mask=0x0}
spark2:209:239 [0] NCCL INFO NET/IB: ncclIbConnectImpl: NCCL Dev 0 IbDev 0 Port 1 qp_num 10145 mtu 5 GID 3 (0/264A8C0FFFF0000) ctsFifoRkey=0x1b9a98 ctsFifoLkey=0x1b9a98
spark2:209:239 [0] NCCL INFO NET/IB: ncclIbConnectImpl: IbDev 0 Port 1 qp_num 10145 query_ece={supported=1, vendor_id=0x15b3, options=0x30000002, comp_mask=0x0}
spark2:209:239 [0] NCCL INFO NET/IB: ncclIbConnectImpl: NCCL Dev 0 IbDev 0 Port 1 qp_num 10146 mtu 5 GID 3 (0/264A8C0FFFF0000) ctsFifoRkey=0x1b9a98 ctsFifoLkey=0x1b9a98
spark2:209:239 [0] NCCL INFO NET/IB: ncclIbConnectImpl: IbDev 0 Port 1 qp_num 10146 query_ece={supported=1, vendor_id=0x15b3, options=0x30000002, comp_mask=0x0}
spark2:209:239 [0] NCCL INFO NET/IB: ncclIbReceiverQpsCreateToRts: QP created: port=1 dev=0 devName=rocep1s0f1 ndevs=1 nmdevs=1 qp_num=10147 pkey=0 pd=0xf44760041f80 oooRq=0
spark2:209:239 [0] NCCL INFO NET/IB: ncclIbReceiverQpsCreateToRts: QP created: port=1 dev=0 devName=rocep1s0f1 ndevs=1 nmdevs=1 qp_num=10148 pkey=0 pd=0xf44760041f80 oooRq=0
spark2:209:239 [0] NCCL INFO NET/IB: ncclIbReceiverQpsCreateToRts: QP created: port=1 dev=0 devName=rocep1s0f1 ndevs=1 nmdevs=1 qp_num=10149 pkey=0 pd=0xf44760041f80 oooRq=0
spark2:209:239 [0] NCCL INFO NET/IB: ncclIbReceiverQpsCreateToRts: QP created: port=1 dev=0 devName=rocep1s0f1 ndevs=1 nmdevs=1 qp_num=10150 pkey=0 pd=0xf44760041f80 oooRq=0
spark2:209:239 [0] NCCL INFO NET/IB: ncclIbReceiverQpsCreateToRts: Flush QP created: port=1 dev=0 devName=rocep1s0f1 ndevs=1 nmdevs=1 qp_num=10151 pkey=0 pd=0xf44760041f80
spark2:209:239 [0] NCCL INFO NET/IB: ncclIbSenderQpsCreate: QP created: port=1 dev=0 devName=rocep1s0f1 ndevs=1 nmdevs=1 qp_num=10152 pkey=0 pd=0xf44760041f80 oooRq=0
spark2:209:239 [0] NCCL INFO NET/IB: ncclIbSenderQpsCreate: QP created: port=1 dev=0 devName=rocep1s0f1 ndevs=1 nmdevs=1 qp_num=10153 pkey=0 pd=0xf44760041f80 oooRq=0
spark2:209:239 [0] NCCL INFO NET/IB: ncclIbSenderQpsCreate: QP created: port=1 dev=0 devName=rocep1s0f1 ndevs=1 nmdevs=1 qp_num=10154 pkey=0 pd=0xf44760041f80 oooRq=0
spark2:209:239 [0] NCCL INFO NET/IB: ncclIbSenderQpsCreate: QP created: port=1 dev=0 devName=rocep1s0f1 ndevs=1 nmdevs=1 qp_num=10155 pkey=0 pd=0xf44760041f80 oooRq=0
spark2:209:239 [0] NCCL INFO NET/IB: ncclIbConnectImpl: NCCL Dev 0 IbDev 0 Port 1 qp_num 10152 mtu 5 GID 3 (0/264A8C0FFFF0000) ctsFifoRkey=0x1b8a87 ctsFifoLkey=0x1b8a87
spark2:209:239 [0] NCCL INFO NET/IB: ncclIbConnectImpl: IbDev 0 Port 1 qp_num 10152 query_ece={supported=1, vendor_id=0x15b3, options=0x30000002, comp_mask=0x0}
spark2:209:239 [0] NCCL INFO NET/IB: ncclIbConnectImpl: NCCL Dev 0 IbDev 0 Port 1 qp_num 10153 mtu 5 GID 3 (0/264A8C0FFFF0000) ctsFifoRkey=0x1b8a87 ctsFifoLkey=0x1b8a87
spark2:209:239 [0] NCCL INFO NET/IB: ncclIbConnectImpl: IbDev 0 Port 1 qp_num 10153 query_ece={supported=1, vendor_id=0x15b3, options=0x30000002, comp_mask=0x0}
spark2:209:239 [0] NCCL INFO NET/IB: ncclIbConnectImpl: NCCL Dev 0 IbDev 0 Port 1 qp_num 10154 mtu 5 GID 3 (0/264A8C0FFFF0000) ctsFifoRkey=0x1b8a87 ctsFifoLkey=0x1b8a87
spark2:209:239 [0] NCCL INFO NET/IB: ncclIbConnectImpl: IbDev 0 Port 1 qp_num 10154 query_ece={supported=1, vendor_id=0x15b3, options=0x30000002, comp_mask=0x0}
spark2:209:239 [0] NCCL INFO NET/IB: ncclIbConnectImpl: NCCL Dev 0 IbDev 0 Port 1 qp_num 10155 mtu 5 GID 3 (0/264A8C0FFFF0000) ctsFifoRkey=0x1b8a87 ctsFifoLkey=0x1b8a87
spark2:209:239 [0] NCCL INFO NET/IB: ncclIbConnectImpl: IbDev 0 Port 1 qp_num 10155 query_ece={supported=1, vendor_id=0x15b3, options=0x30000002, comp_mask=0x0}
spark2:209:239 [0] NCCL INFO NET/IB: ncclIbReceiverQpsCreateToRts: QP created: port=1 dev=0 devName=rocep1s0f1 ndevs=1 nmdevs=1 qp_num=10156 pkey=0 pd=0xf44760041f80 oooRq=0
spark2:209:239 [0] NCCL INFO NET/IB: ncclIbReceiverQpsCreateToRts: QP created: port=1 dev=0 devName=rocep1s0f1 ndevs=1 nmdevs=1 qp_num=10157 pkey=0 pd=0xf44760041f80 oooRq=0
spark2:209:239 [0] NCCL INFO NET/IB: ncclIbReceiverQpsCreateToRts: QP created: port=1 dev=0 devName=rocep1s0f1 ndevs=1 nmdevs=1 qp_num=10158 pkey=0 pd=0xf44760041f80 oooRq=0
spark2:209:239 [0] NCCL INFO NET/IB: ncclIbReceiverQpsCreateToRts: QP created: port=1 dev=0 devName=rocep1s0f1 ndevs=1 nmdevs=1 qp_num=10159 pkey=0 pd=0xf44760041f80 oooRq=0
spark2:209:239 [0] NCCL INFO NET/IB: ncclIbReceiverQpsCreateToRts: Flush QP created: port=1 dev=0 devName=rocep1s0f1 ndevs=1 nmdevs=1 qp_num=10160 pkey=0 pd=0xf44760041f80
spark2:209:239 [0] NCCL INFO NET/IB: ncclIbSenderQpsCreate: QP created: port=1 dev=0 devName=rocep1s0f1 ndevs=1 nmdevs=1 qp_num=10161 pkey=0 pd=0xf44760041f80 oooRq=0
spark2:209:239 [0] NCCL INFO NET/IB: ncclIbSenderQpsCreate: QP created: port=1 dev=0 devName=rocep1s0f1 ndevs=1 nmdevs=1 qp_num=10162 pkey=0 pd=0xf44760041f80 oooRq=0
spark2:209:239 [0] NCCL INFO NET/IB: ncclIbSenderQpsCreate: QP created: port=1 dev=0 devName=rocep1s0f1 ndevs=1 nmdevs=1 qp_num=10163 pkey=0 pd=0xf44760041f80 oooRq=0
spark2:209:239 [0] NCCL INFO NET/IB: ncclIbSenderQpsCreate: QP created: port=1 dev=0 devName=rocep1s0f1 ndevs=1 nmdevs=1 qp_num=10164 pkey=0 pd=0xf44760041f80 oooRq=0
spark2:209:239 [0] NCCL INFO NET/IB: ncclIbConnectImpl: NCCL Dev 0 IbDev 0 Port 1 qp_num 10161 mtu 5 GID 3 (0/264A8C0FFFF0000) ctsFifoRkey=0x1b7774 ctsFifoLkey=0x1b7774
spark2:209:239 [0] NCCL INFO NET/IB: ncclIbConnectImpl: IbDev 0 Port 1 qp_num 10161 query_ece={supported=1, vendor_id=0x15b3, options=0x30000002, comp_mask=0x0}
spark2:209:239 [0] NCCL INFO NET/IB: ncclIbConnectImpl: NCCL Dev 0 IbDev 0 Port 1 qp_num 10162 mtu 5 GID 3 (0/264A8C0FFFF0000) ctsFifoRkey=0x1b7774 ctsFifoLkey=0x1b7774
spark2:209:239 [0] NCCL INFO NET/IB: ncclIbConnectImpl: IbDev 0 Port 1 qp_num 10162 query_ece={supported=1, vendor_id=0x15b3, options=0x30000002, comp_mask=0x0}
spark2:209:239 [0] NCCL INFO NET/IB: ncclIbConnectImpl: NCCL Dev 0 IbDev 0 Port 1 qp_num 10163 mtu 5 GID 3 (0/264A8C0FFFF0000) ctsFifoRkey=0x1b7774 ctsFifoLkey=0x1b7774
spark2:209:239 [0] NCCL INFO NET/IB: ncclIbConnectImpl: IbDev 0 Port 1 qp_num 10163 query_ece={supported=1, vendor_id=0x15b3, options=0x30000002, comp_mask=0x0}
spark2:209:239 [0] NCCL INFO NET/IB: ncclIbConnectImpl: NCCL Dev 0 IbDev 0 Port 1 qp_num 10164 mtu 5 GID 3 (0/264A8C0FFFF0000) ctsFifoRkey=0x1b7774 ctsFifoLkey=0x1b7774
spark2:209:239 [0] NCCL INFO NET/IB: ncclIbConnectImpl: IbDev 0 Port 1 qp_num 10164 query_ece={supported=1, vendor_id=0x15b3, options=0x30000002, comp_mask=0x0}
spark2:209:239 [0] NCCL INFO NET/IB: ncclIbReceiverQpsCreateToRts: QP created: port=1 dev=0 devName=rocep1s0f1 ndevs=1 nmdevs=1 qp_num=10165 pkey=0 pd=0xf44760041f80 oooRq=0
spark2:209:239 [0] NCCL INFO NET/IB: ncclIbReceiverQpsCreateToRts: QP created: port=1 dev=0 devName=rocep1s0f1 ndevs=1 nmdevs=1 qp_num=10166 pkey=0 pd=0xf44760041f80 oooRq=0
spark2:209:239 [0] NCCL INFO NET/IB: ncclIbReceiverQpsCreateToRts: QP created: port=1 dev=0 devName=rocep1s0f1 ndevs=1 nmdevs=1 qp_num=10167 pkey=0 pd=0xf44760041f80 oooRq=0
spark2:209:239 [0] NCCL INFO NET/IB: ncclIbReceiverQpsCreateToRts: QP created: port=1 dev=0 devName=rocep1s0f1 ndevs=1 nmdevs=1 qp_num=10168 pkey=0 pd=0xf44760041f80 oooRq=0
spark2:209:239 [0] NCCL INFO NET/IB: ncclIbReceiverQpsCreateToRts: Flush QP created: port=1 dev=0 devName=rocep1s0f1 ndevs=1 nmdevs=1 qp_num=10169 pkey=0 pd=0xf44760041f80
spark2:209:239 [0] NCCL INFO NET/IB: ncclIbSenderQpsCreate: QP created: port=1 dev=0 devName=rocep1s0f1 ndevs=1 nmdevs=1 qp_num=10170 pkey=0 pd=0xf44760041f80 oooRq=0
spark2:209:239 [0] NCCL INFO NET/IB: ncclIbSenderQpsCreate: QP created: port=1 dev=0 devName=rocep1s0f1 ndevs=1 nmdevs=1 qp_num=10171 pkey=0 pd=0xf44760041f80 oooRq=0
spark2:209:239 [0] NCCL INFO NET/IB: ncclIbSenderQpsCreate: QP created: port=1 dev=0 devName=rocep1s0f1 ndevs=1 nmdevs=1 qp_num=10172 pkey=0 pd=0xf44760041f80 oooRq=0
spark2:209:239 [0] NCCL INFO NET/IB: ncclIbSenderQpsCreate: QP created: port=1 dev=0 devName=rocep1s0f1 ndevs=1 nmdevs=1 qp_num=10173 pkey=0 pd=0xf44760041f80 oooRq=0
spark2:209:239 [0] NCCL INFO NET/IB: ncclIbConnectImpl: NCCL Dev 0 IbDev 0 Port 1 qp_num 10170 mtu 5 GID 3 (0/264A8C0FFFF0000) ctsFifoRkey=0x23311a ctsFifoLkey=0x23311a
spark2:209:239 [0] NCCL INFO NET/IB: ncclIbConnectImpl: IbDev 0 Port 1 qp_num 10170 query_ece={supported=1, vendor_id=0x15b3, options=0x30000002, comp_mask=0x0}
spark2:209:239 [0] NCCL INFO NET/IB: ncclIbConnectImpl: NCCL Dev 0 IbDev 0 Port 1 qp_num 10171 mtu 5 GID 3 (0/264A8C0FFFF0000) ctsFifoRkey=0x23311a ctsFifoLkey=0x23311a
spark2:209:239 [0] NCCL INFO NET/IB: ncclIbConnectImpl: IbDev 0 Port 1 qp_num 10171 query_ece={supported=1, vendor_id=0x15b3, options=0x30000002, comp_mask=0x0}
spark2:209:239 [0] NCCL INFO NET/IB: ncclIbConnectImpl: NCCL Dev 0 IbDev 0 Port 1 qp_num 10172 mtu 5 GID 3 (0/264A8C0FFFF0000) ctsFifoRkey=0x23311a ctsFifoLkey=0x23311a
spark2:209:239 [0] NCCL INFO NET/IB: ncclIbConnectImpl: IbDev 0 Port 1 qp_num 10172 query_ece={supported=1, vendor_id=0x15b3, options=0x30000002, comp_mask=0x0}
spark2:209:239 [0] NCCL INFO NET/IB: ncclIbConnectImpl: NCCL Dev 0 IbDev 0 Port 1 qp_num 10173 mtu 5 GID 3 (0/264A8C0FFFF0000) ctsFifoRkey=0x23311a ctsFifoLkey=0x23311a
spark2:209:239 [0] NCCL INFO NET/IB: ncclIbConnectImpl: IbDev 0 Port 1 qp_num 10173 query_ece={supported=1, vendor_id=0x15b3, options=0x30000002, comp_mask=0x0}
spark2:209:239 [0] NCCL INFO NET/IB: ncclIbReceiverQpsCreateToRts: QP created: port=1 dev=0 devName=rocep1s0f1 ndevs=1 nmdevs=1 qp_num=10174 pkey=0 pd=0xf44760041f80 oooRq=0
spark2:209:239 [0] NCCL INFO NET/IB: ncclIbReceiverQpsCreateToRts: QP created: port=1 dev=0 devName=rocep1s0f1 ndevs=1 nmdevs=1 qp_num=10175 pkey=0 pd=0xf44760041f80 oooRq=0
spark2:209:239 [0] NCCL INFO NET/IB: ncclIbReceiverQpsCreateToRts: QP created: port=1 dev=0 devName=rocep1s0f1 ndevs=1 nmdevs=1 qp_num=10176 pkey=0 pd=0xf44760041f80 oooRq=0
spark2:209:239 [0] NCCL INFO NET/IB: ncclIbReceiverQpsCreateToRts: QP created: port=1 dev=0 devName=rocep1s0f1 ndevs=1 nmdevs=1 qp_num=10177 pkey=0 pd=0xf44760041f80 oooRq=0
spark2:209:239 [0] NCCL INFO NET/IB: ncclIbReceiverQpsCreateToRts: Flush QP created: port=1 dev=0 devName=rocep1s0f1 ndevs=1 nmdevs=1 qp_num=10178 pkey=0 pd=0xf44760041f80
spark2:209:239 [0] NCCL INFO NET/IB: ncclIbSenderQpsCreate: QP created: port=1 dev=0 devName=rocep1s0f1 ndevs=1 nmdevs=1 qp_num=10179 pkey=0 pd=0xf44760041f80 oooRq=0
spark2:209:239 [0] NCCL INFO NET/IB: ncclIbSenderQpsCreate: QP created: port=1 dev=0 devName=rocep1s0f1 ndevs=1 nmdevs=1 qp_num=10180 pkey=0 pd=0xf44760041f80 oooRq=0
spark2:209:239 [0] NCCL INFO NET/IB: ncclIbSenderQpsCreate: QP created: port=1 dev=0 devName=rocep1s0f1 ndevs=1 nmdevs=1 qp_num=10181 pkey=0 pd=0xf44760041f80 oooRq=0
spark2:209:239 [0] NCCL INFO NET/IB: ncclIbSenderQpsCreate: QP created: port=1 dev=0 devName=rocep1s0f1 ndevs=1 nmdevs=1 qp_num=10182 pkey=0 pd=0xf44760041f80 oooRq=0
spark2:209:239 [0] NCCL INFO NET/IB: ncclIbConnectImpl: NCCL Dev 0 IbDev 0 Port 1 qp_num 10179 mtu 5 GID 3 (0/264A8C0FFFF0000) ctsFifoRkey=0x22d5bf ctsFifoLkey=0x22d5bf
spark2:209:239 [0] NCCL INFO NET/IB: ncclIbConnectImpl: IbDev 0 Port 1 qp_num 10179 query_ece={supported=1, vendor_id=0x15b3, options=0x30000002, comp_mask=0x0}
spark2:209:239 [0] NCCL INFO NET/IB: ncclIbConnectImpl: NCCL Dev 0 IbDev 0 Port 1 qp_num 10180 mtu 5 GID 3 (0/264A8C0FFFF0000) ctsFifoRkey=0x22d5bf ctsFifoLkey=0x22d5bf
spark2:209:239 [0] NCCL INFO NET/IB: ncclIbConnectImpl: IbDev 0 Port 1 qp_num 10180 query_ece={supported=1, vendor_id=0x15b3, options=0x30000002, comp_mask=0x0}
spark2:209:239 [0] NCCL INFO NET/IB: ncclIbConnectImpl: NCCL Dev 0 IbDev 0 Port 1 qp_num 10181 mtu 5 GID 3 (0/264A8C0FFFF0000) ctsFifoRkey=0x22d5bf ctsFifoLkey=0x22d5bf
spark2:209:239 [0] NCCL INFO NET/IB: ncclIbConnectImpl: IbDev 0 Port 1 qp_num 10181 query_ece={supported=1, vendor_id=0x15b3, options=0x30000002, comp_mask=0x0}
spark2:209:239 [0] NCCL INFO NET/IB: ncclIbConnectImpl: NCCL Dev 0 IbDev 0 Port 1 qp_num 10182 mtu 5 GID 3 (0/264A8C0FFFF0000) ctsFifoRkey=0x22d5bf ctsFifoLkey=0x22d5bf
spark2:209:239 [0] NCCL INFO NET/IB: ncclIbConnectImpl: IbDev 0 Port 1 qp_num 10182 query_ece={supported=1, vendor_id=0x15b3, options=0x30000002, comp_mask=0x0}
spark2:209:239 [0] NCCL INFO NET/IB: ncclIbReceiverQpsCreateToRts: QP created: port=1 dev=0 devName=rocep1s0f1 ndevs=1 nmdevs=1 qp_num=10183 pkey=0 pd=0xf44760041f80 oooRq=0
spark2:209:239 [0] NCCL INFO NET/IB: ncclIbReceiverQpsCreateToRts: QP created: port=1 dev=0 devName=rocep1s0f1 ndevs=1 nmdevs=1 qp_num=10184 pkey=0 pd=0xf44760041f80 oooRq=0
spark2:209:239 [0] NCCL INFO NET/IB: ncclIbReceiverQpsCreateToRts: QP created: port=1 dev=0 devName=rocep1s0f1 ndevs=1 nmdevs=1 qp_num=10185 pkey=0 pd=0xf44760041f80 oooRq=0
spark2:209:239 [0] NCCL INFO NET/IB: ncclIbReceiverQpsCreateToRts: QP created: port=1 dev=0 devName=rocep1s0f1 ndevs=1 nmdevs=1 qp_num=10186 pkey=0 pd=0xf44760041f80 oooRq=0
spark2:209:239 [0] NCCL INFO NET/IB: ncclIbReceiverQpsCreateToRts: Flush QP created: port=1 dev=0 devName=rocep1s0f1 ndevs=1 nmdevs=1 qp_num=10187 pkey=0 pd=0xf44760041f80
spark2:209:239 [0] NCCL INFO NET/IB: ncclIbResiliencyInit: Resiliency is disabled on the send communicator (comm=0xf447449d0000)
spark2:209:239 [0] NCCL INFO NET/IB: ncclIbResiliencyInit: Resiliency is disabled on the recv communicator (comm=0xf44744a14000)
spark2:209:239 [0] NCCL INFO NET/IB: ncclIbRecvCommInit: Receive work requests will be posted on-demand
spark2:209:239 [0] NCCL INFO NET/IB: ncclIbResiliencyInit: Resiliency is disabled on the send communicator (comm=0xf44744a59000)
spark2:209:239 [0] NCCL INFO NET/IB: ncclIbResiliencyInit: Resiliency is disabled on the recv communicator (comm=0xf44744a9d000)
spark2:209:239 [0] NCCL INFO NET/IB: ncclIbRecvCommInit: Receive work requests will be posted on-demand
spark2:209:239 [0] NCCL INFO NET/IB: ncclIbResiliencyInit: Resiliency is disabled on the send communicator (comm=0xf44744ae5000)
spark2:209:239 [0] NCCL INFO NET/IB: ncclIbResiliencyInit: Resiliency is disabled on the recv communicator (comm=0xf44744b29000)
spark2:209:239 [0] NCCL INFO NET/IB: ncclIbRecvCommInit: Receive work requests will be posted on-demand
spark2:209:239 [0] NCCL INFO NET/IB: ncclIbResiliencyInit: Resiliency is disabled on the send communicator (comm=0xf44744b71000)
spark2:209:239 [0] NCCL INFO NET/IB: ncclIbResiliencyInit: Resiliency is disabled on the recv communicator (comm=0xf44744bb5000)
spark2:209:239 [0] NCCL INFO NET/IB: ncclIbRecvCommInit: Receive work requests will be posted on-demand
spark2:209:239 [0] NCCL INFO NET/IB: ncclIbResiliencyInit: Resiliency is disabled on the send communicator (comm=0xf44744bfd000)
spark2:209:239 [0] NCCL INFO NET/IB: ncclIbResiliencyInit: Resiliency is disabled on the recv communicator (comm=0xf44744c41000)
spark2:209:239 [0] NCCL INFO NET/IB: ncclIbRecvCommInit: Receive work requests will be posted on-demand
spark2:209:239 [0] NCCL INFO NET/IB: ncclIbResiliencyInit: Resiliency is disabled on the send communicator (comm=0xf44744c89000)
spark2:209:239 [0] NCCL INFO NET/IB: ncclIbResiliencyInit: Resiliency is disabled on the recv communicator (comm=0xf44744ccd000)
spark2:209:239 [0] NCCL INFO NET/IB: ncclIbRecvCommInit: Receive work requests will be posted on-demand
spark2:209:239 [0] NCCL INFO NET/IB: ncclIbResiliencyInit: Resiliency is disabled on the send communicator (comm=0xf44744d15000)
spark2:209:239 [0] NCCL INFO NET/IB: ncclIbResiliencyInit: Resiliency is disabled on the recv communicator (comm=0xf44744d59000)
spark2:209:239 [0] NCCL INFO NET/IB: ncclIbRecvCommInit: Receive work requests will be posted on-demand
spark2:209:239 [0] NCCL INFO NET/IB: ncclIbResiliencyInit: Resiliency is disabled on the send communicator (comm=0xf44744da1000)
spark2:209:239 [0] NCCL INFO NET/IB: ncclIbResiliencyInit: Resiliency is disabled on the recv communicator (comm=0xf44744de5000)
spark2:209:239 [0] NCCL INFO NET/IB: ncclIbRecvCommInit: Receive work requests will be posted on-demand
spark2:209:239 [0] NCCL INFO NET/IB: ncclIbResiliencyInit: Resiliency is disabled on the send communicator (comm=0xf44744e2d000)
spark2:209:239 [0] NCCL INFO NET/IB: ncclIbResiliencyInit: Resiliency is disabled on the recv communicator (comm=0xf44744e71000)
spark2:209:239 [0] NCCL INFO NET/IB: ncclIbRecvCommInit: Receive work requests will be posted on-demand
spark2:209:239 [0] NCCL INFO NET/IB: ncclIbResiliencyInit: Resiliency is disabled on the send communicator (comm=0xf44744eb9000)
spark2:209:239 [0] NCCL INFO NET/IB: ncclIbResiliencyInit: Resiliency is disabled on the recv communicator (comm=0xf44744efd000)
spark2:209:239 [0] NCCL INFO NET/IB: ncclIbRecvCommInit: Receive work requests will be posted on-demand
spark2:209:239 [0] NCCL INFO NET/IB: ncclIbResiliencyInit: Resiliency is disabled on the send communicator (comm=0xf44744f45000)
spark2:209:239 [0] NCCL INFO NET/IB: ncclIbResiliencyInit: Resiliency is disabled on the recv communicator (comm=0xf44744f89000)
spark2:209:239 [0] NCCL INFO NET/IB: ncclIbRecvCommInit: Receive work requests will be posted on-demand
spark2:209:239 [0] NCCL INFO NET/IB: ncclIbResiliencyInit: Resiliency is disabled on the send communicator (comm=0xf44744fd1000)
spark2:209:239 [0] NCCL INFO NET/IB: ncclIbResiliencyInit: Resiliency is disabled on the recv communicator (comm=0xf44745015000)
spark2:209:239 [0] NCCL INFO NET/IB: ncclIbRecvCommInit: Receive work requests will be posted on-demand
spark2:209:239 [0] NCCL INFO NET/IB: ncclIbResiliencyInit: Resiliency is disabled on the send communicator (comm=0xf4474505d000)
spark2:209:239 [0] NCCL INFO NET/IB: ncclIbResiliencyInit: Resiliency is disabled on the recv communicator (comm=0xf447450a1000)
spark2:209:239 [0] NCCL INFO NET/IB: ncclIbRecvCommInit: Receive work requests will be posted on-demand
spark2:209:239 [0] NCCL INFO NET/IB: ncclIbResiliencyInit: Resiliency is disabled on the send communicator (comm=0xf447450e9000)
spark2:209:239 [0] NCCL INFO NET/IB: ncclIbResiliencyInit: Resiliency is disabled on the recv communicator (comm=0xf4474512d000)
spark2:209:239 [0] NCCL INFO NET/IB: ncclIbRecvCommInit: Receive work requests will be posted on-demand
spark2:209:239 [0] NCCL INFO NET/IB: ncclIbResiliencyInit: Resiliency is disabled on the send communicator (comm=0xf44745175000)
spark2:209:239 [0] NCCL INFO NET/IB: ncclIbResiliencyInit: Resiliency is disabled on the recv communicator (comm=0xf447451b9000)
spark2:209:239 [0] NCCL INFO NET/IB: ncclIbRecvCommInit: Receive work requests will be posted on-demand
spark2:209:239 [0] NCCL INFO NET/IB: ncclIbResiliencyInit: Resiliency is disabled on the send communicator (comm=0xf44745201000)
spark2:209:239 [0] NCCL INFO NET/IB: ncclIbResiliencyInit: Resiliency is disabled on the recv communicator (comm=0xf44745245000)
spark2:209:239 [0] NCCL INFO NET/IB: ncclIbRecvCommInit: Receive work requests will be posted on-demand
spark2:209:239 [0] NCCL INFO NET/IB: ncclIbResiliencyInit: Resiliency is disabled on the send communicator (comm=0xf4474528d000)
spark2:209:239 [0] NCCL INFO NET/IB: ncclIbResiliencyInit: Resiliency is disabled on the recv communicator (comm=0xf447452d1000)
spark2:209:239 [0] NCCL INFO NET/IB: ncclIbRecvCommInit: Receive work requests will be posted on-demand
spark2:209:239 [0] NCCL INFO NET/IB: ncclIbResiliencyInit: Resiliency is disabled on the send communicator (comm=0xf44745319000)
spark2:209:239 [0] NCCL INFO NET/IB: ncclIbResiliencyInit: Resiliency is disabled on the recv communicator (comm=0xf4474535d000)
spark2:209:239 [0] NCCL INFO NET/IB: ncclIbRecvCommInit: Receive work requests will be posted on-demand
spark2:209:239 [0] NCCL INFO NET/IB: ncclIbResiliencyInit: Resiliency is disabled on the send communicator (comm=0xf447453a5000)
spark2:209:239 [0] NCCL INFO NET/IB: ncclIbResiliencyInit: Resiliency is disabled on the recv communicator (comm=0xf447453e9000)
spark2:209:239 [0] NCCL INFO NET/IB: ncclIbRecvCommInit: Receive work requests will be posted on-demand
spark2:209:239 [0] NCCL INFO NET/IB: ncclIbResiliencyInit: Resiliency is disabled on the send communicator (comm=0xf44745431000)
spark2:209:239 [0] NCCL INFO NET/IB: ncclIbResiliencyInit: Resiliency is disabled on the recv communicator (comm=0xf44745475000)
spark2:209:239 [0] NCCL INFO NET/IB: ncclIbRecvCommInit: Receive work requests will be posted on-demand
spark2:209:239 [0] NCCL INFO NET/IB: ncclIbResiliencyInit: Resiliency is disabled on the send communicator (comm=0xf447454bd000)
spark2:209:239 [0] NCCL INFO NET/IB: ncclIbResiliencyInit: Resiliency is disabled on the recv communicator (comm=0xf44745501000)
spark2:209:239 [0] NCCL INFO NET/IB: ncclIbRecvCommInit: Receive work requests will be posted on-demand
spark2:209:239 [0] NCCL INFO NET/IB: ncclIbResiliencyInit: Resiliency is disabled on the send communicator (comm=0xf44745549000)
spark2:209:239 [0] NCCL INFO NET/IB: ncclIbResiliencyInit: Resiliency is disabled on the recv communicator (comm=0xf4474558d000)
spark2:209:239 [0] NCCL INFO NET/IB: ncclIbRecvCommInit: Receive work requests will be posted on-demand
spark2:209:239 [0] NCCL INFO NET/IB: ncclIbResiliencyInit: Resiliency is disabled on the send communicator (comm=0xf447455d5000)
spark2:209:239 [0] NCCL INFO NET/IB: ncclIbResiliencyInit: Resiliency is disabled on the recv communicator (comm=0xf44745619000)
spark2:209:239 [0] NCCL INFO NET/IB: ncclIbRecvCommInit: Receive work requests will be posted on-demand
spark2:209:239 [0] NCCL INFO NET/IB: ncclIbResiliencyInit: Resiliency is disabled on the send communicator (comm=0xf44745661000)
spark2:209:239 [0] NCCL INFO NET/IB: ncclIbResiliencyInit: Resiliency is disabled on the recv communicator (comm=0xf447456a5000)
spark2:209:239 [0] NCCL INFO NET/IB: ncclIbRecvCommInit: Receive work requests will be posted on-demand
spark2:209:239 [0] NCCL INFO NET/IB: ncclIbResiliencyInit: Resiliency is disabled on the send communicator (comm=0xf447456ed000)
spark2:209:239 [0] NCCL INFO NET/IB: ncclIbResiliencyInit: Resiliency is disabled on the recv communicator (comm=0xf44745731000)
spark2:209:239 [0] NCCL INFO NET/IB: ncclIbRecvCommInit: Receive work requests will be posted on-demand
spark2:209:239 [0] NCCL INFO NET/IB: ncclIbResiliencyInit: Resiliency is disabled on the send communicator (comm=0xf44745779000)
spark2:209:239 [0] NCCL INFO NET/IB: ncclIbResiliencyInit: Resiliency is disabled on the recv communicator (comm=0xf447457bd000)
spark2:209:239 [0] NCCL INFO NET/IB: ncclIbRecvCommInit: Receive work requests will be posted on-demand
spark2:209:239 [0] NCCL INFO NET/IB: ncclIbResiliencyInit: Resiliency is disabled on the send communicator (comm=0xf44745805000)
spark2:209:239 [0] NCCL INFO NET/IB: ncclIbResiliencyInit: Resiliency is disabled on the recv communicator (comm=0xf44745849000)
spark2:209:239 [0] NCCL INFO NET/IB: ncclIbRecvCommInit: Receive work requests will be posted on-demand
spark2:209:239 [0] NCCL INFO NET/IB: ncclIbResiliencyInit: Resiliency is disabled on the send communicator (comm=0xf44745891000)
spark2:209:239 [0] NCCL INFO NET/IB: ncclIbResiliencyInit: Resiliency is disabled on the recv communicator (comm=0xf447458d5000)
spark2:209:239 [0] NCCL INFO NET/IB: ncclIbRecvCommInit: Receive work requests will be posted on-demand
spark2:209:239 [0] NCCL INFO NET/IB: ncclIbResiliencyInit: Resiliency is disabled on the send communicator (comm=0xf4474591d000)
spark2:209:239 [0] NCCL INFO NET/IB: ncclIbResiliencyInit: Resiliency is disabled on the recv communicator (comm=0xf44745961000)
spark2:209:239 [0] NCCL INFO NET/IB: ncclIbRecvCommInit: Receive work requests will be posted on-demand
spark2:209:239 [0] NCCL INFO NET/IB: ncclIbResiliencyInit: Resiliency is disabled on the send communicator (comm=0xf447459a9000)
spark2:209:239 [0] NCCL INFO NET/IB: ncclIbResiliencyInit: Resiliency is disabled on the recv communicator (comm=0xf447459ed000)
spark2:209:239 [0] NCCL INFO NET/IB: ncclIbRecvCommInit: Receive work requests will be posted on-demand
spark2:209:239 [0] NCCL INFO NET/IB: ncclIbResiliencyInit: Resiliency is disabled on the send communicator (comm=0xf44745a35000)
spark2:209:239 [0] NCCL INFO NET/IB: ncclIbResiliencyInit: Resiliency is disabled on the recv communicator (comm=0xf44745a79000)
spark2:209:239 [0] NCCL INFO NET/IB: ncclIbRecvCommInit: Receive work requests will be posted on-demand
spark2:209:239 [0] NCCL INFO NET/IB: ncclIbResiliencyInit: Resiliency is disabled on the send communicator (comm=0xf44745ac1000)
spark2:209:239 [0] NCCL INFO NET/IB: ncclIbResiliencyInit: Resiliency is disabled on the recv communicator (comm=0xf44745b05000)
spark2:209:239 [0] NCCL INFO NET/IB: ncclIbRecvCommInit: Receive work requests will be posted on-demand
spark2:209:239 [0] NCCL INFO NET/IB: ncclIbSenderQpsToRts: Set ECE: IbDev 0 Port 1 qp_num 10089 set_ece={supported=1, vendor_id=0x15b3, options=0x30000002, comp_mask=0x0}
spark2:209:239 [0] NCCL INFO NET/IB: ncclIbSenderQpsToRts: Set ECE: IbDev 0 Port 1 qp_num 10090 set_ece={supported=1, vendor_id=0x15b3, options=0x30000002, comp_mask=0x0}
spark2:209:239 [0] NCCL INFO NET/IB: ncclIbSenderQpsToRts: Set ECE: IbDev 0 Port 1 qp_num 10091 set_ece={supported=1, vendor_id=0x15b3, options=0x30000002, comp_mask=0x0}
spark2:209:239 [0] NCCL INFO NET/IB: ncclIbSenderQpsToRts: Set ECE: IbDev 0 Port 1 qp_num 10092 set_ece={supported=1, vendor_id=0x15b3, options=0x30000002, comp_mask=0x0}
spark2:209:239 [0] NCCL INFO NET/IB: ncclIbSenderQpsToRts: Set ECE: IbDev 0 Port 1 qp_num 10098 set_ece={supported=1, vendor_id=0x15b3, options=0x30000002, comp_mask=0x0}
spark2:209:239 [0] NCCL INFO NET/IB: ncclIbSenderQpsToRts: Set ECE: IbDev 0 Port 1 qp_num 10099 set_ece={supported=1, vendor_id=0x15b3, options=0x30000002, comp_mask=0x0}
spark2:209:239 [0] NCCL INFO NET/IB: ncclIbSenderQpsToRts: Set ECE: IbDev 0 Port 1 qp_num 10100 set_ece={supported=1, vendor_id=0x15b3, options=0x30000002, comp_mask=0x0}
spark2:209:239 [0] NCCL INFO NET/IB: ncclIbSenderQpsToRts: Set ECE: IbDev 0 Port 1 qp_num 10101 set_ece={supported=1, vendor_id=0x15b3, options=0x30000002, comp_mask=0x0}
spark2:209:239 [0] NCCL INFO NET/IB: ncclIbSenderQpsToRts: Set ECE: IbDev 0 Port 1 qp_num 10107 set_ece={supported=1, vendor_id=0x15b3, options=0x30000002, comp_mask=0x0}
spark2:209:239 [0] NCCL INFO NET/IB: ncclIbSenderQpsToRts: Set ECE: IbDev 0 Port 1 qp_num 10108 set_ece={supported=1, vendor_id=0x15b3, options=0x30000002, comp_mask=0x0}
spark2:209:239 [0] NCCL INFO NET/IB: ncclIbSenderQpsToRts: Set ECE: IbDev 0 Port 1 qp_num 10109 set_ece={supported=1, vendor_id=0x15b3, options=0x30000002, comp_mask=0x0}
spark2:209:239 [0] NCCL INFO NET/IB: ncclIbSenderQpsToRts: Set ECE: IbDev 0 Port 1 qp_num 10110 set_ece={supported=1, vendor_id=0x15b3, options=0x30000002, comp_mask=0x0}
spark2:209:239 [0] NCCL INFO NET/IB: ncclIbSenderQpsToRts: Set ECE: IbDev 0 Port 1 qp_num 10116 set_ece={supported=1, vendor_id=0x15b3, options=0x30000002, comp_mask=0x0}
spark2:209:239 [0] NCCL INFO NET/IB: ncclIbSenderQpsToRts: Set ECE: IbDev 0 Port 1 qp_num 10117 set_ece={supported=1, vendor_id=0x15b3, options=0x30000002, comp_mask=0x0}
spark2:209:239 [0] NCCL INFO NET/IB: ncclIbSenderQpsToRts: Set ECE: IbDev 0 Port 1 qp_num 10118 set_ece={supported=1, vendor_id=0x15b3, options=0x30000002, comp_mask=0x0}
spark2:209:239 [0] NCCL INFO NET/IB: ncclIbSenderQpsToRts: Set ECE: IbDev 0 Port 1 qp_num 10119 set_ece={supported=1, vendor_id=0x15b3, options=0x30000002, comp_mask=0x0}
spark2:209:239 [0] NCCL INFO NET/IB: ncclIbSenderQpsToRts: Set ECE: IbDev 0 Port 1 qp_num 10125 set_ece={supported=1, vendor_id=0x15b3, options=0x30000002, comp_mask=0x0}
spark2:209:239 [0] NCCL INFO NET/IB: ncclIbSenderQpsToRts: Set ECE: IbDev 0 Port 1 qp_num 10126 set_ece={supported=1, vendor_id=0x15b3, options=0x30000002, comp_mask=0x0}
spark2:209:239 [0] NCCL INFO NET/IB: ncclIbSenderQpsToRts: Set ECE: IbDev 0 Port 1 qp_num 10127 set_ece={supported=1, vendor_id=0x15b3, options=0x30000002, comp_mask=0x0}
spark2:209:239 [0] NCCL INFO NET/IB: ncclIbSenderQpsToRts: Set ECE: IbDev 0 Port 1 qp_num 10128 set_ece={supported=1, vendor_id=0x15b3, options=0x30000002, comp_mask=0x0}
spark2:209:239 [0] NCCL INFO NET/IB: ncclIbSenderQpsToRts: Set ECE: IbDev 0 Port 1 qp_num 10134 set_ece={supported=1, vendor_id=0x15b3, options=0x30000002, comp_mask=0x0}
spark2:209:239 [0] NCCL INFO NET/IB: ncclIbSenderQpsToRts: Set ECE: IbDev 0 Port 1 qp_num 10135 set_ece={supported=1, vendor_id=0x15b3, options=0x30000002, comp_mask=0x0}
spark2:209:239 [0] NCCL INFO NET/IB: ncclIbSenderQpsToRts: Set ECE: IbDev 0 Port 1 qp_num 10136 set_ece={supported=1, vendor_id=0x15b3, options=0x30000002, comp_mask=0x0}
spark2:209:239 [0] NCCL INFO NET/IB: ncclIbSenderQpsToRts: Set ECE: IbDev 0 Port 1 qp_num 10137 set_ece={supported=1, vendor_id=0x15b3, options=0x30000002, comp_mask=0x0}
spark2:209:239 [0] NCCL INFO NET/IB: ncclIbSenderQpsToRts: Set ECE: IbDev 0 Port 1 qp_num 10143 set_ece={supported=1, vendor_id=0x15b3, options=0x30000002, comp_mask=0x0}
spark2:209:239 [0] NCCL INFO NET/IB: ncclIbSenderQpsToRts: Set ECE: IbDev 0 Port 1 qp_num 10144 set_ece={supported=1, vendor_id=0x15b3, options=0x30000002, comp_mask=0x0}
spark2:209:239 [0] NCCL INFO NET/IB: ncclIbSenderQpsToRts: Set ECE: IbDev 0 Port 1 qp_num 10145 set_ece={supported=1, vendor_id=0x15b3, options=0x30000002, comp_mask=0x0}
spark2:209:239 [0] NCCL INFO NET/IB: ncclIbSenderQpsToRts: Set ECE: IbDev 0 Port 1 qp_num 10146 set_ece={supported=1, vendor_id=0x15b3, options=0x30000002, comp_mask=0x0}
spark2:209:239 [0] NCCL INFO NET/IB: ncclIbSenderQpsToRts: Set ECE: IbDev 0 Port 1 qp_num 10152 set_ece={supported=1, vendor_id=0x15b3, options=0x30000002, comp_mask=0x0}
spark2:209:239 [0] NCCL INFO NET/IB: ncclIbSenderQpsToRts: Set ECE: IbDev 0 Port 1 qp_num 10153 set_ece={supported=1, vendor_id=0x15b3, options=0x30000002, comp_mask=0x0}
spark2:209:239 [0] NCCL INFO NET/IB: ncclIbSenderQpsToRts: Set ECE: IbDev 0 Port 1 qp_num 10154 set_ece={supported=1, vendor_id=0x15b3, options=0x30000002, comp_mask=0x0}
spark2:209:239 [0] NCCL INFO NET/IB: ncclIbSenderQpsToRts: Set ECE: IbDev 0 Port 1 qp_num 10155 set_ece={supported=1, vendor_id=0x15b3, options=0x30000002, comp_mask=0x0}
spark2:209:239 [0] NCCL INFO NET/IB: ncclIbSenderQpsToRts: Set ECE: IbDev 0 Port 1 qp_num 10161 set_ece={supported=1, vendor_id=0x15b3, options=0x30000002, comp_mask=0x0}
spark2:209:239 [0] NCCL INFO NET/IB: ncclIbSenderQpsToRts: Set ECE: IbDev 0 Port 1 qp_num 10162 set_ece={supported=1, vendor_id=0x15b3, options=0x30000002, comp_mask=0x0}
spark2:209:239 [0] NCCL INFO NET/IB: ncclIbSenderQpsToRts: Set ECE: IbDev 0 Port 1 qp_num 10163 set_ece={supported=1, vendor_id=0x15b3, options=0x30000002, comp_mask=0x0}
spark2:209:239 [0] NCCL INFO NET/IB: ncclIbSenderQpsToRts: Set ECE: IbDev 0 Port 1 qp_num 10164 set_ece={supported=1, vendor_id=0x15b3, options=0x30000002, comp_mask=0x0}
spark2:209:239 [0] NCCL INFO NET/IB: ncclIbSenderQpsToRts: Set ECE: IbDev 0 Port 1 qp_num 10170 set_ece={supported=1, vendor_id=0x15b3, options=0x30000002, comp_mask=0x0}
spark2:209:239 [0] NCCL INFO NET/IB: ncclIbSenderQpsToRts: Set ECE: IbDev 0 Port 1 qp_num 10171 set_ece={supported=1, vendor_id=0x15b3, options=0x30000002, comp_mask=0x0}
spark2:209:239 [0] NCCL INFO NET/IB: ncclIbSenderQpsToRts: Set ECE: IbDev 0 Port 1 qp_num 10172 set_ece={supported=1, vendor_id=0x15b3, options=0x30000002, comp_mask=0x0}
spark2:209:239 [0] NCCL INFO NET/IB: ncclIbSenderQpsToRts: Set ECE: IbDev 0 Port 1 qp_num 10173 set_ece={supported=1, vendor_id=0x15b3, options=0x30000002, comp_mask=0x0}
spark2:209:239 [0] NCCL INFO NET/IB: ncclIbSenderQpsToRts: Set ECE: IbDev 0 Port 1 qp_num 10179 set_ece={supported=1, vendor_id=0x15b3, options=0x30000002, comp_mask=0x0}
spark2:209:239 [0] NCCL INFO NET/IB: ncclIbSenderQpsToRts: Set ECE: IbDev 0 Port 1 qp_num 10180 set_ece={supported=1, vendor_id=0x15b3, options=0x30000002, comp_mask=0x0}
spark2:209:239 [0] NCCL INFO NET/IB: ncclIbSenderQpsToRts: Set ECE: IbDev 0 Port 1 qp_num 10181 set_ece={supported=1, vendor_id=0x15b3, options=0x30000002, comp_mask=0x0}
spark2:209:239 [0] NCCL INFO NET/IB: ncclIbSenderQpsToRts: Set ECE: IbDev 0 Port 1 qp_num 10182 set_ece={supported=1, vendor_id=0x15b3, options=0x30000002, comp_mask=0x0}
spark2:209:239 [0] NCCL INFO NET/IB: ncclIbSenderQpsCreate: QP created: port=1 dev=0 devName=rocep1s0f1 ndevs=1 nmdevs=1 qp_num=10188 pkey=0 pd=0xf44760041f80 oooRq=0
spark2:209:239 [0] NCCL INFO NET/IB: ncclIbSenderQpsCreate: QP created: port=1 dev=0 devName=rocep1s0f1 ndevs=1 nmdevs=1 qp_num=10189 pkey=0 pd=0xf44760041f80 oooRq=0
spark2:209:239 [0] NCCL INFO NET/IB: ncclIbSenderQpsCreate: QP created: port=1 dev=0 devName=rocep1s0f1 ndevs=1 nmdevs=1 qp_num=10190 pkey=0 pd=0xf44760041f80 oooRq=0
spark2:209:239 [0] NCCL INFO NET/IB: ncclIbSenderQpsCreate: QP created: port=1 dev=0 devName=rocep1s0f1 ndevs=1 nmdevs=1 qp_num=10191 pkey=0 pd=0xf44760041f80 oooRq=0
spark2:209:239 [0] NCCL INFO NET/IB: ncclIbConnectImpl: NCCL Dev 0 IbDev 0 Port 1 qp_num 10188 mtu 5 GID 3 (0/264A8C0FFFF0000) ctsFifoRkey=0x1b6e6b ctsFifoLkey=0x1b6e6b
spark2:209:239 [0] NCCL INFO NET/IB: ncclIbConnectImpl: IbDev 0 Port 1 qp_num 10188 query_ece={supported=1, vendor_id=0x15b3, options=0x30000002, comp_mask=0x0}
spark2:209:239 [0] NCCL INFO NET/IB: ncclIbConnectImpl: NCCL Dev 0 IbDev 0 Port 1 qp_num 10189 mtu 5 GID 3 (0/264A8C0FFFF0000) ctsFifoRkey=0x1b6e6b ctsFifoLkey=0x1b6e6b
spark2:209:239 [0] NCCL INFO NET/IB: ncclIbConnectImpl: IbDev 0 Port 1 qp_num 10189 query_ece={supported=1, vendor_id=0x15b3, options=0x30000002, comp_mask=0x0}
spark2:209:239 [0] NCCL INFO NET/IB: ncclIbConnectImpl: NCCL Dev 0 IbDev 0 Port 1 qp_num 10190 mtu 5 GID 3 (0/264A8C0FFFF0000) ctsFifoRkey=0x1b6e6b ctsFifoLkey=0x1b6e6b
spark2:209:239 [0] NCCL INFO NET/IB: ncclIbConnectImpl: IbDev 0 Port 1 qp_num 10190 query_ece={supported=1, vendor_id=0x15b3, options=0x30000002, comp_mask=0x0}
spark2:209:239 [0] NCCL INFO NET/IB: ncclIbConnectImpl: NCCL Dev 0 IbDev 0 Port 1 qp_num 10191 mtu 5 GID 3 (0/264A8C0FFFF0000) ctsFifoRkey=0x1b6e6b ctsFifoLkey=0x1b6e6b
spark2:209:239 [0] NCCL INFO NET/IB: ncclIbConnectImpl: IbDev 0 Port 1 qp_num 10191 query_ece={supported=1, vendor_id=0x15b3, options=0x30000002, comp_mask=0x0}
spark2:209:239 [0] NCCL INFO NET/IB: ncclIbReceiverQpsCreateToRts: QP created: port=1 dev=0 devName=rocep1s0f1 ndevs=1 nmdevs=1 qp_num=10192 pkey=0 pd=0xf44760041f80 oooRq=0
spark2:209:239 [0] NCCL INFO NET/IB: ncclIbReceiverQpsCreateToRts: QP created: port=1 dev=0 devName=rocep1s0f1 ndevs=1 nmdevs=1 qp_num=10193 pkey=0 pd=0xf44760041f80 oooRq=0
spark2:209:239 [0] NCCL INFO NET/IB: ncclIbReceiverQpsCreateToRts: QP created: port=1 dev=0 devName=rocep1s0f1 ndevs=1 nmdevs=1 qp_num=10194 pkey=0 pd=0xf44760041f80 oooRq=0
spark2:209:239 [0] NCCL INFO NET/IB: ncclIbReceiverQpsCreateToRts: QP created: port=1 dev=0 devName=rocep1s0f1 ndevs=1 nmdevs=1 qp_num=10195 pkey=0 pd=0xf44760041f80 oooRq=0
spark2:209:239 [0] NCCL INFO NET/IB: ncclIbReceiverQpsCreateToRts: Flush QP created: port=1 dev=0 devName=rocep1s0f1 ndevs=1 nmdevs=1 qp_num=10196 pkey=0 pd=0xf44760041f80
spark2:209:239 [0] NCCL INFO NET/IB: ncclIbSenderQpsCreate: QP created: port=1 dev=0 devName=rocep1s0f1 ndevs=1 nmdevs=1 qp_num=10197 pkey=0 pd=0xf44760041f80 oooRq=0
spark2:209:239 [0] NCCL INFO NET/IB: ncclIbSenderQpsCreate: QP created: port=1 dev=0 devName=rocep1s0f1 ndevs=1 nmdevs=1 qp_num=10198 pkey=0 pd=0xf44760041f80 oooRq=0
spark2:209:239 [0] NCCL INFO NET/IB: ncclIbSenderQpsCreate: QP created: port=1 dev=0 devName=rocep1s0f1 ndevs=1 nmdevs=1 qp_num=10199 pkey=0 pd=0xf44760041f80 oooRq=0
spark2:209:239 [0] NCCL INFO NET/IB: ncclIbSenderQpsCreate: QP created: port=1 dev=0 devName=rocep1s0f1 ndevs=1 nmdevs=1 qp_num=10200 pkey=0 pd=0xf44760041f80 oooRq=0
spark2:209:239 [0] NCCL INFO NET/IB: ncclIbConnectImpl: NCCL Dev 0 IbDev 0 Port 1 qp_num 10197 mtu 5 GID 3 (0/264A8C0FFFF0000) ctsFifoRkey=0x1b4a47 ctsFifoLkey=0x1b4a47
spark2:209:239 [0] NCCL INFO NET/IB: ncclIbConnectImpl: IbDev 0 Port 1 qp_num 10197 query_ece={supported=1, vendor_id=0x15b3, options=0x30000002, comp_mask=0x0}
spark2:209:239 [0] NCCL INFO NET/IB: ncclIbConnectImpl: NCCL Dev 0 IbDev 0 Port 1 qp_num 10198 mtu 5 GID 3 (0/264A8C0FFFF0000) ctsFifoRkey=0x1b4a47 ctsFifoLkey=0x1b4a47
spark2:209:239 [0] NCCL INFO NET/IB: ncclIbConnectImpl: IbDev 0 Port 1 qp_num 10198 query_ece={supported=1, vendor_id=0x15b3, options=0x30000002, comp_mask=0x0}
spark2:209:239 [0] NCCL INFO NET/IB: ncclIbConnectImpl: NCCL Dev 0 IbDev 0 Port 1 qp_num 10199 mtu 5 GID 3 (0/264A8C0FFFF0000) ctsFifoRkey=0x1b4a47 ctsFifoLkey=0x1b4a47
spark2:209:239 [0] NCCL INFO NET/IB: ncclIbConnectImpl: IbDev 0 Port 1 qp_num 10199 query_ece={supported=1, vendor_id=0x15b3, options=0x30000002, comp_mask=0x0}
spark2:209:239 [0] NCCL INFO NET/IB: ncclIbConnectImpl: NCCL Dev 0 IbDev 0 Port 1 qp_num 10200 mtu 5 GID 3 (0/264A8C0FFFF0000) ctsFifoRkey=0x1b4a47 ctsFifoLkey=0x1b4a47
spark2:209:239 [0] NCCL INFO NET/IB: ncclIbConnectImpl: IbDev 0 Port 1 qp_num 10200 query_ece={supported=1, vendor_id=0x15b3, options=0x30000002, comp_mask=0x0}
spark2:209:239 [0] NCCL INFO NET/IB: ncclIbReceiverQpsCreateToRts: QP created: port=1 dev=0 devName=rocep1s0f1 ndevs=1 nmdevs=1 qp_num=10201 pkey=0 pd=0xf44760041f80 oooRq=0
spark2:209:239 [0] NCCL INFO NET/IB: ncclIbReceiverQpsCreateToRts: QP created: port=1 dev=0 devName=rocep1s0f1 ndevs=1 nmdevs=1 qp_num=10202 pkey=0 pd=0xf44760041f80 oooRq=0
spark2:209:239 [0] NCCL INFO NET/IB: ncclIbReceiverQpsCreateToRts: QP created: port=1 dev=0 devName=rocep1s0f1 ndevs=1 nmdevs=1 qp_num=10203 pkey=0 pd=0xf44760041f80 oooRq=0
spark2:209:239 [0] NCCL INFO NET/IB: ncclIbReceiverQpsCreateToRts: QP created: port=1 dev=0 devName=rocep1s0f1 ndevs=1 nmdevs=1 qp_num=10204 pkey=0 pd=0xf44760041f80 oooRq=0
spark2:209:239 [0] NCCL INFO NET/IB: ncclIbReceiverQpsCreateToRts: Flush QP created: port=1 dev=0 devName=rocep1s0f1 ndevs=1 nmdevs=1 qp_num=10205 pkey=0 pd=0xf44760041f80
spark2:209:239 [0] NCCL INFO NET/IB: ncclIbSenderQpsCreate: QP created: port=1 dev=0 devName=rocep1s0f1 ndevs=1 nmdevs=1 qp_num=10206 pkey=0 pd=0xf44760041f80 oooRq=0
spark2:209:239 [0] NCCL INFO NET/IB: ncclIbSenderQpsCreate: QP created: port=1 dev=0 devName=rocep1s0f1 ndevs=1 nmdevs=1 qp_num=10207 pkey=0 pd=0xf44760041f80 oooRq=0
spark2:209:239 [0] NCCL INFO NET/IB: ncclIbSenderQpsCreate: QP created: port=1 dev=0 devName=rocep1s0f1 ndevs=1 nmdevs=1 qp_num=10208 pkey=0 pd=0xf44760041f80 oooRq=0
spark2:209:239 [0] NCCL INFO NET/IB: ncclIbSenderQpsCreate: QP created: port=1 dev=0 devName=rocep1s0f1 ndevs=1 nmdevs=1 qp_num=10209 pkey=0 pd=0xf44760041f80 oooRq=0
spark2:209:239 [0] NCCL INFO NET/IB: ncclIbConnectImpl: NCCL Dev 0 IbDev 0 Port 1 qp_num 10206 mtu 5 GID 3 (0/264A8C0FFFF0000) ctsFifoRkey=0x1b3639 ctsFifoLkey=0x1b3639
spark2:209:239 [0] NCCL INFO NET/IB: ncclIbConnectImpl: IbDev 0 Port 1 qp_num 10206 query_ece={supported=1, vendor_id=0x15b3, options=0x30000002, comp_mask=0x0}
spark2:209:239 [0] NCCL INFO NET/IB: ncclIbConnectImpl: NCCL Dev 0 IbDev 0 Port 1 qp_num 10207 mtu 5 GID 3 (0/264A8C0FFFF0000) ctsFifoRkey=0x1b3639 ctsFifoLkey=0x1b3639
spark2:209:239 [0] NCCL INFO NET/IB: ncclIbConnectImpl: IbDev 0 Port 1 qp_num 10207 query_ece={supported=1, vendor_id=0x15b3, options=0x30000002, comp_mask=0x0}
spark2:209:239 [0] NCCL INFO NET/IB: ncclIbConnectImpl: NCCL Dev 0 IbDev 0 Port 1 qp_num 10208 mtu 5 GID 3 (0/264A8C0FFFF0000) ctsFifoRkey=0x1b3639 ctsFifoLkey=0x1b3639
spark2:209:239 [0] NCCL INFO NET/IB: ncclIbConnectImpl: IbDev 0 Port 1 qp_num 10208 query_ece={supported=1, vendor_id=0x15b3, options=0x30000002, comp_mask=0x0}
spark2:209:239 [0] NCCL INFO NET/IB: ncclIbConnectImpl: NCCL Dev 0 IbDev 0 Port 1 qp_num 10209 mtu 5 GID 3 (0/264A8C0FFFF0000) ctsFifoRkey=0x1b3639 ctsFifoLkey=0x1b3639
spark2:209:239 [0] NCCL INFO NET/IB: ncclIbConnectImpl: IbDev 0 Port 1 qp_num 10209 query_ece={supported=1, vendor_id=0x15b3, options=0x30000002, comp_mask=0x0}
spark2:209:239 [0] NCCL INFO NET/IB: ncclIbReceiverQpsCreateToRts: QP created: port=1 dev=0 devName=rocep1s0f1 ndevs=1 nmdevs=1 qp_num=10210 pkey=0 pd=0xf44760041f80 oooRq=0
spark2:209:239 [0] NCCL INFO NET/IB: ncclIbReceiverQpsCreateToRts: QP created: port=1 dev=0 devName=rocep1s0f1 ndevs=1 nmdevs=1 qp_num=10211 pkey=0 pd=0xf44760041f80 oooRq=0
spark2:209:239 [0] NCCL INFO NET/IB: ncclIbReceiverQpsCreateToRts: QP created: port=1 dev=0 devName=rocep1s0f1 ndevs=1 nmdevs=1 qp_num=10212 pkey=0 pd=0xf44760041f80 oooRq=0
spark2:209:239 [0] NCCL INFO NET/IB: ncclIbReceiverQpsCreateToRts: QP created: port=1 dev=0 devName=rocep1s0f1 ndevs=1 nmdevs=1 qp_num=10213 pkey=0 pd=0xf44760041f80 oooRq=0
spark2:209:239 [0] NCCL INFO NET/IB: ncclIbReceiverQpsCreateToRts: Flush QP created: port=1 dev=0 devName=rocep1s0f1 ndevs=1 nmdevs=1 qp_num=10214 pkey=0 pd=0xf44760041f80
spark2:209:239 [0] NCCL INFO NET/IB: ncclIbSenderQpsCreate: QP created: port=1 dev=0 devName=rocep1s0f1 ndevs=1 nmdevs=1 qp_num=10215 pkey=0 pd=0xf44760041f80 oooRq=0
spark2:209:239 [0] NCCL INFO NET/IB: ncclIbSenderQpsCreate: QP created: port=1 dev=0 devName=rocep1s0f1 ndevs=1 nmdevs=1 qp_num=10216 pkey=0 pd=0xf44760041f80 oooRq=0
spark2:209:239 [0] NCCL INFO NET/IB: ncclIbSenderQpsCreate: QP created: port=1 dev=0 devName=rocep1s0f1 ndevs=1 nmdevs=1 qp_num=10217 pkey=0 pd=0xf44760041f80 oooRq=0
spark2:209:239 [0] NCCL INFO NET/IB: ncclIbSenderQpsCreate: QP created: port=1 dev=0 devName=rocep1s0f1 ndevs=1 nmdevs=1 qp_num=10218 pkey=0 pd=0xf44760041f80 oooRq=0
spark2:209:239 [0] NCCL INFO NET/IB: ncclIbConnectImpl: NCCL Dev 0 IbDev 0 Port 1 qp_num 10215 mtu 5 GID 3 (0/264A8C0FFFF0000) ctsFifoRkey=0x1b2522 ctsFifoLkey=0x1b2522
spark2:209:239 [0] NCCL INFO NET/IB: ncclIbConnectImpl: IbDev 0 Port 1 qp_num 10215 query_ece={supported=1, vendor_id=0x15b3, options=0x30000002, comp_mask=0x0}
spark2:209:239 [0] NCCL INFO NET/IB: ncclIbConnectImpl: NCCL Dev 0 IbDev 0 Port 1 qp_num 10216 mtu 5 GID 3 (0/264A8C0FFFF0000) ctsFifoRkey=0x1b2522 ctsFifoLkey=0x1b2522
spark2:209:239 [0] NCCL INFO NET/IB: ncclIbConnectImpl: IbDev 0 Port 1 qp_num 10216 query_ece={supported=1, vendor_id=0x15b3, options=0x30000002, comp_mask=0x0}
spark2:209:239 [0] NCCL INFO NET/IB: ncclIbConnectImpl: NCCL Dev 0 IbDev 0 Port 1 qp_num 10217 mtu 5 GID 3 (0/264A8C0FFFF0000) ctsFifoRkey=0x1b2522 ctsFifoLkey=0x1b2522
spark2:209:239 [0] NCCL INFO NET/IB: ncclIbConnectImpl: IbDev 0 Port 1 qp_num 10217 query_ece={supported=1, vendor_id=0x15b3, options=0x30000002, comp_mask=0x0}
spark2:209:239 [0] NCCL INFO NET/IB: ncclIbConnectImpl: NCCL Dev 0 IbDev 0 Port 1 qp_num 10218 mtu 5 GID 3 (0/264A8C0FFFF0000) ctsFifoRkey=0x1b2522 ctsFifoLkey=0x1b2522
spark2:209:239 [0] NCCL INFO NET/IB: ncclIbConnectImpl: IbDev 0 Port 1 qp_num 10218 query_ece={supported=1, vendor_id=0x15b3, options=0x30000002, comp_mask=0x0}
spark2:209:239 [0] NCCL INFO NET/IB: ncclIbReceiverQpsCreateToRts: QP created: port=1 dev=0 devName=rocep1s0f1 ndevs=1 nmdevs=1 qp_num=10219 pkey=0 pd=0xf44760041f80 oooRq=0
spark2:209:239 [0] NCCL INFO NET/IB: ncclIbReceiverQpsCreateToRts: QP created: port=1 dev=0 devName=rocep1s0f1 ndevs=1 nmdevs=1 qp_num=10220 pkey=0 pd=0xf44760041f80 oooRq=0
spark2:209:239 [0] NCCL INFO NET/IB: ncclIbReceiverQpsCreateToRts: QP created: port=1 dev=0 devName=rocep1s0f1 ndevs=1 nmdevs=1 qp_num=10221 pkey=0 pd=0xf44760041f80 oooRq=0
spark2:209:239 [0] NCCL INFO NET/IB: ncclIbReceiverQpsCreateToRts: QP created: port=1 dev=0 devName=rocep1s0f1 ndevs=1 nmdevs=1 qp_num=10222 pkey=0 pd=0xf44760041f80 oooRq=0
spark2:209:239 [0] NCCL INFO NET/IB: ncclIbReceiverQpsCreateToRts: Flush QP created: port=1 dev=0 devName=rocep1s0f1 ndevs=1 nmdevs=1 qp_num=10223 pkey=0 pd=0xf44760041f80
spark2:209:239 [0] NCCL INFO NET/IB: ncclIbSenderQpsCreate: QP created: port=1 dev=0 devName=rocep1s0f1 ndevs=1 nmdevs=1 qp_num=10224 pkey=0 pd=0xf44760041f80 oooRq=0
spark2:209:239 [0] NCCL INFO NET/IB: ncclIbSenderQpsCreate: QP created: port=1 dev=0 devName=rocep1s0f1 ndevs=1 nmdevs=1 qp_num=10225 pkey=0 pd=0xf44760041f80 oooRq=0
spark2:209:239 [0] NCCL INFO NET/IB: ncclIbSenderQpsCreate: QP created: port=1 dev=0 devName=rocep1s0f1 ndevs=1 nmdevs=1 qp_num=10226 pkey=0 pd=0xf44760041f80 oooRq=0
spark2:209:239 [0] NCCL INFO NET/IB: ncclIbSenderQpsCreate: QP created: port=1 dev=0 devName=rocep1s0f1 ndevs=1 nmdevs=1 qp_num=10227 pkey=0 pd=0xf44760041f80 oooRq=0
spark2:209:239 [0] NCCL INFO NET/IB: ncclIbConnectImpl: NCCL Dev 0 IbDev 0 Port 1 qp_num 10224 mtu 5 GID 3 (0/264A8C0FFFF0000) ctsFifoRkey=0x1b100e ctsFifoLkey=0x1b100e
spark2:209:239 [0] NCCL INFO NET/IB: ncclIbConnectImpl: IbDev 0 Port 1 qp_num 10224 query_ece={supported=1, vendor_id=0x15b3, options=0x30000002, comp_mask=0x0}
spark2:209:239 [0] NCCL INFO NET/IB: ncclIbConnectImpl: NCCL Dev 0 IbDev 0 Port 1 qp_num 10225 mtu 5 GID 3 (0/264A8C0FFFF0000) ctsFifoRkey=0x1b100e ctsFifoLkey=0x1b100e
spark2:209:239 [0] NCCL INFO NET/IB: ncclIbConnectImpl: IbDev 0 Port 1 qp_num 10225 query_ece={supported=1, vendor_id=0x15b3, options=0x30000002, comp_mask=0x0}
spark2:209:239 [0] NCCL INFO NET/IB: ncclIbConnectImpl: NCCL Dev 0 IbDev 0 Port 1 qp_num 10226 mtu 5 GID 3 (0/264A8C0FFFF0000) ctsFifoRkey=0x1b100e ctsFifoLkey=0x1b100e
spark2:209:239 [0] NCCL INFO NET/IB: ncclIbConnectImpl: IbDev 0 Port 1 qp_num 10226 query_ece={supported=1, vendor_id=0x15b3, options=0x30000002, comp_mask=0x0}
spark2:209:239 [0] NCCL INFO NET/IB: ncclIbConnectImpl: NCCL Dev 0 IbDev 0 Port 1 qp_num 10227 mtu 5 GID 3 (0/264A8C0FFFF0000) ctsFifoRkey=0x1b100e ctsFifoLkey=0x1b100e
spark2:209:239 [0] NCCL INFO NET/IB: ncclIbConnectImpl: IbDev 0 Port 1 qp_num 10227 query_ece={supported=1, vendor_id=0x15b3, options=0x30000002, comp_mask=0x0}
spark2:209:239 [0] NCCL INFO NET/IB: ncclIbReceiverQpsCreateToRts: QP created: port=1 dev=0 devName=rocep1s0f1 ndevs=1 nmdevs=1 qp_num=10228 pkey=0 pd=0xf44760041f80 oooRq=0
spark2:209:239 [0] NCCL INFO NET/IB: ncclIbReceiverQpsCreateToRts: QP created: port=1 dev=0 devName=rocep1s0f1 ndevs=1 nmdevs=1 qp_num=10229 pkey=0 pd=0xf44760041f80 oooRq=0
spark2:209:239 [0] NCCL INFO NET/IB: ncclIbReceiverQpsCreateToRts: QP created: port=1 dev=0 devName=rocep1s0f1 ndevs=1 nmdevs=1 qp_num=10230 pkey=0 pd=0xf44760041f80 oooRq=0
spark2:209:239 [0] NCCL INFO NET/IB: ncclIbReceiverQpsCreateToRts: QP created: port=1 dev=0 devName=rocep1s0f1 ndevs=1 nmdevs=1 qp_num=10231 pkey=0 pd=0xf44760041f80 oooRq=0
spark2:209:239 [0] NCCL INFO NET/IB: ncclIbReceiverQpsCreateToRts: Flush QP created: port=1 dev=0 devName=rocep1s0f1 ndevs=1 nmdevs=1 qp_num=10232 pkey=0 pd=0xf44760041f80
spark2:209:239 [0] NCCL INFO NET/IB: ncclIbSenderQpsCreate: QP created: port=1 dev=0 devName=rocep1s0f1 ndevs=1 nmdevs=1 qp_num=10233 pkey=0 pd=0xf44760041f80 oooRq=0
spark2:209:239 [0] NCCL INFO NET/IB: ncclIbSenderQpsCreate: QP created: port=1 dev=0 devName=rocep1s0f1 ndevs=1 nmdevs=1 qp_num=10234 pkey=0 pd=0xf44760041f80 oooRq=0
spark2:209:239 [0] NCCL INFO NET/IB: ncclIbSenderQpsCreate: QP created: port=1 dev=0 devName=rocep1s0f1 ndevs=1 nmdevs=1 qp_num=10235 pkey=0 pd=0xf44760041f80 oooRq=0
spark2:209:239 [0] NCCL INFO NET/IB: ncclIbSenderQpsCreate: QP created: port=1 dev=0 devName=rocep1s0f1 ndevs=1 nmdevs=1 qp_num=10236 pkey=0 pd=0xf44760041f80 oooRq=0
spark2:209:239 [0] NCCL INFO NET/IB: ncclIbConnectImpl: NCCL Dev 0 IbDev 0 Port 1 qp_num 10233 mtu 5 GID 3 (0/264A8C0FFFF0000) ctsFifoRkey=0x1af8f5 ctsFifoLkey=0x1af8f5
spark2:209:239 [0] NCCL INFO NET/IB: ncclIbConnectImpl: IbDev 0 Port 1 qp_num 10233 query_ece={supported=1, vendor_id=0x15b3, options=0x30000002, comp_mask=0x0}
spark2:209:239 [0] NCCL INFO NET/IB: ncclIbConnectImpl: NCCL Dev 0 IbDev 0 Port 1 qp_num 10234 mtu 5 GID 3 (0/264A8C0FFFF0000) ctsFifoRkey=0x1af8f5 ctsFifoLkey=0x1af8f5
spark2:209:239 [0] NCCL INFO NET/IB: ncclIbConnectImpl: IbDev 0 Port 1 qp_num 10234 query_ece={supported=1, vendor_id=0x15b3, options=0x30000002, comp_mask=0x0}
spark2:209:239 [0] NCCL INFO NET/IB: ncclIbConnectImpl: NCCL Dev 0 IbDev 0 Port 1 qp_num 10235 mtu 5 GID 3 (0/264A8C0FFFF0000) ctsFifoRkey=0x1af8f5 ctsFifoLkey=0x1af8f5
spark2:209:239 [0] NCCL INFO NET/IB: ncclIbConnectImpl: IbDev 0 Port 1 qp_num 10235 query_ece={supported=1, vendor_id=0x15b3, options=0x30000002, comp_mask=0x0}
spark2:209:239 [0] NCCL INFO NET/IB: ncclIbConnectImpl: NCCL Dev 0 IbDev 0 Port 1 qp_num 10236 mtu 5 GID 3 (0/264A8C0FFFF0000) ctsFifoRkey=0x1af8f5 ctsFifoLkey=0x1af8f5
spark2:209:239 [0] NCCL INFO NET/IB: ncclIbConnectImpl: IbDev 0 Port 1 qp_num 10236 query_ece={supported=1, vendor_id=0x15b3, options=0x30000002, comp_mask=0x0}
spark2:209:239 [0] NCCL INFO NET/IB: ncclIbReceiverQpsCreateToRts: QP created: port=1 dev=0 devName=rocep1s0f1 ndevs=1 nmdevs=1 qp_num=10237 pkey=0 pd=0xf44760041f80 oooRq=0
spark2:209:239 [0] NCCL INFO NET/IB: ncclIbReceiverQpsCreateToRts: QP created: port=1 dev=0 devName=rocep1s0f1 ndevs=1 nmdevs=1 qp_num=10238 pkey=0 pd=0xf44760041f80 oooRq=0
spark2:209:239 [0] NCCL INFO NET/IB: ncclIbReceiverQpsCreateToRts: QP created: port=1 dev=0 devName=rocep1s0f1 ndevs=1 nmdevs=1 qp_num=10239 pkey=0 pd=0xf44760041f80 oooRq=0
spark2:209:239 [0] NCCL INFO NET/IB: ncclIbReceiverQpsCreateToRts: QP created: port=1 dev=0 devName=rocep1s0f1 ndevs=1 nmdevs=1 qp_num=10240 pkey=0 pd=0xf44760041f80 oooRq=0
spark2:209:239 [0] NCCL INFO NET/IB: ncclIbReceiverQpsCreateToRts: Flush QP created: port=1 dev=0 devName=rocep1s0f1 ndevs=1 nmdevs=1 qp_num=10241 pkey=0 pd=0xf44760041f80
spark2:209:239 [0] NCCL INFO NET/IB: ncclIbSenderQpsCreate: QP created: port=1 dev=0 devName=rocep1s0f1 ndevs=1 nmdevs=1 qp_num=10242 pkey=0 pd=0xf44760041f80 oooRq=0
spark2:209:239 [0] NCCL INFO NET/IB: ncclIbSenderQpsCreate: QP created: port=1 dev=0 devName=rocep1s0f1 ndevs=1 nmdevs=1 qp_num=10243 pkey=0 pd=0xf44760041f80 oooRq=0
spark2:209:239 [0] NCCL INFO NET/IB: ncclIbSenderQpsCreate: QP created: port=1 dev=0 devName=rocep1s0f1 ndevs=1 nmdevs=1 qp_num=10244 pkey=0 pd=0xf44760041f80 oooRq=0
spark2:209:239 [0] NCCL INFO NET/IB: ncclIbSenderQpsCreate: QP created: port=1 dev=0 devName=rocep1s0f1 ndevs=1 nmdevs=1 qp_num=10245 pkey=0 pd=0xf44760041f80 oooRq=0
spark2:209:239 [0] NCCL INFO NET/IB: ncclIbConnectImpl: NCCL Dev 0 IbDev 0 Port 1 qp_num 10242 mtu 5 GID 3 (0/264A8C0FFFF0000) ctsFifoRkey=0x1aded9 ctsFifoLkey=0x1aded9
spark2:209:239 [0] NCCL INFO NET/IB: ncclIbConnectImpl: IbDev 0 Port 1 qp_num 10242 query_ece={supported=1, vendor_id=0x15b3, options=0x30000002, comp_mask=0x0}
spark2:209:239 [0] NCCL INFO NET/IB: ncclIbConnectImpl: NCCL Dev 0 IbDev 0 Port 1 qp_num 10243 mtu 5 GID 3 (0/264A8C0FFFF0000) ctsFifoRkey=0x1aded9 ctsFifoLkey=0x1aded9
spark2:209:239 [0] NCCL INFO NET/IB: ncclIbConnectImpl: IbDev 0 Port 1 qp_num 10243 query_ece={supported=1, vendor_id=0x15b3, options=0x30000002, comp_mask=0x0}
spark2:209:239 [0] NCCL INFO NET/IB: ncclIbConnectImpl: NCCL Dev 0 IbDev 0 Port 1 qp_num 10244 mtu 5 GID 3 (0/264A8C0FFFF0000) ctsFifoRkey=0x1aded9 ctsFifoLkey=0x1aded9
spark2:209:239 [0] NCCL INFO NET/IB: ncclIbConnectImpl: IbDev 0 Port 1 qp_num 10244 query_ece={supported=1, vendor_id=0x15b3, options=0x30000002, comp_mask=0x0}
spark2:209:239 [0] NCCL INFO NET/IB: ncclIbConnectImpl: NCCL Dev 0 IbDev 0 Port 1 qp_num 10245 mtu 5 GID 3 (0/264A8C0FFFF0000) ctsFifoRkey=0x1aded9 ctsFifoLkey=0x1aded9
spark2:209:239 [0] NCCL INFO NET/IB: ncclIbConnectImpl: IbDev 0 Port 1 qp_num 10245 query_ece={supported=1, vendor_id=0x15b3, options=0x30000002, comp_mask=0x0}
spark2:209:239 [0] NCCL INFO NET/IB: ncclIbReceiverQpsCreateToRts: QP created: port=1 dev=0 devName=rocep1s0f1 ndevs=1 nmdevs=1 qp_num=10246 pkey=0 pd=0xf44760041f80 oooRq=0
spark2:209:239 [0] NCCL INFO NET/IB: ncclIbReceiverQpsCreateToRts: QP created: port=1 dev=0 devName=rocep1s0f1 ndevs=1 nmdevs=1 qp_num=10247 pkey=0 pd=0xf44760041f80 oooRq=0
spark2:209:239 [0] NCCL INFO NET/IB: ncclIbReceiverQpsCreateToRts: QP created: port=1 dev=0 devName=rocep1s0f1 ndevs=1 nmdevs=1 qp_num=10248 pkey=0 pd=0xf44760041f80 oooRq=0
spark2:209:239 [0] NCCL INFO NET/IB: ncclIbReceiverQpsCreateToRts: QP created: port=1 dev=0 devName=rocep1s0f1 ndevs=1 nmdevs=1 qp_num=10249 pkey=0 pd=0xf44760041f80 oooRq=0
spark2:209:239 [0] NCCL INFO NET/IB: ncclIbReceiverQpsCreateToRts: Flush QP created: port=1 dev=0 devName=rocep1s0f1 ndevs=1 nmdevs=1 qp_num=10250 pkey=0 pd=0xf44760041f80
spark2:209:239 [0] NCCL INFO NET/IB: ncclIbSenderQpsCreate: QP created: port=1 dev=0 devName=rocep1s0f1 ndevs=1 nmdevs=1 qp_num=10251 pkey=0 pd=0xf44760041f80 oooRq=0
spark2:209:239 [0] NCCL INFO NET/IB: ncclIbSenderQpsCreate: QP created: port=1 dev=0 devName=rocep1s0f1 ndevs=1 nmdevs=1 qp_num=10252 pkey=0 pd=0xf44760041f80 oooRq=0
spark2:209:239 [0] NCCL INFO NET/IB: ncclIbSenderQpsCreate: QP created: port=1 dev=0 devName=rocep1s0f1 ndevs=1 nmdevs=1 qp_num=10253 pkey=0 pd=0xf44760041f80 oooRq=0
spark2:209:239 [0] NCCL INFO NET/IB: ncclIbSenderQpsCreate: QP created: port=1 dev=0 devName=rocep1s0f1 ndevs=1 nmdevs=1 qp_num=10254 pkey=0 pd=0xf44760041f80 oooRq=0
spark2:209:239 [0] NCCL INFO NET/IB: ncclIbConnectImpl: NCCL Dev 0 IbDev 0 Port 1 qp_num 10251 mtu 5 GID 3 (0/264A8C0FFFF0000) ctsFifoRkey=0x1accc1 ctsFifoLkey=0x1accc1
spark2:209:239 [0] NCCL INFO NET/IB: ncclIbConnectImpl: IbDev 0 Port 1 qp_num 10251 query_ece={supported=1, vendor_id=0x15b3, options=0x30000002, comp_mask=0x0}
spark2:209:239 [0] NCCL INFO NET/IB: ncclIbConnectImpl: NCCL Dev 0 IbDev 0 Port 1 qp_num 10252 mtu 5 GID 3 (0/264A8C0FFFF0000) ctsFifoRkey=0x1accc1 ctsFifoLkey=0x1accc1
spark2:209:239 [0] NCCL INFO NET/IB: ncclIbConnectImpl: IbDev 0 Port 1 qp_num 10252 query_ece={supported=1, vendor_id=0x15b3, options=0x30000002, comp_mask=0x0}
spark2:209:239 [0] NCCL INFO NET/IB: ncclIbConnectImpl: NCCL Dev 0 IbDev 0 Port 1 qp_num 10253 mtu 5 GID 3 (0/264A8C0FFFF0000) ctsFifoRkey=0x1accc1 ctsFifoLkey=0x1accc1
spark2:209:239 [0] NCCL INFO NET/IB: ncclIbConnectImpl: IbDev 0 Port 1 qp_num 10253 query_ece={supported=1, vendor_id=0x15b3, options=0x30000002, comp_mask=0x0}
spark2:209:239 [0] NCCL INFO NET/IB: ncclIbConnectImpl: NCCL Dev 0 IbDev 0 Port 1 qp_num 10254 mtu 5 GID 3 (0/264A8C0FFFF0000) ctsFifoRkey=0x1accc1 ctsFifoLkey=0x1accc1
spark2:209:239 [0] NCCL INFO NET/IB: ncclIbConnectImpl: IbDev 0 Port 1 qp_num 10254 query_ece={supported=1, vendor_id=0x15b3, options=0x30000002, comp_mask=0x0}
spark2:209:239 [0] NCCL INFO NET/IB: ncclIbReceiverQpsCreateToRts: QP created: port=1 dev=0 devName=rocep1s0f1 ndevs=1 nmdevs=1 qp_num=10255 pkey=0 pd=0xf44760041f80 oooRq=0
spark2:209:239 [0] NCCL INFO NET/IB: ncclIbReceiverQpsCreateToRts: QP created: port=1 dev=0 devName=rocep1s0f1 ndevs=1 nmdevs=1 qp_num=10256 pkey=0 pd=0xf44760041f80 oooRq=0
spark2:209:239 [0] NCCL INFO NET/IB: ncclIbReceiverQpsCreateToRts: QP created: port=1 dev=0 devName=rocep1s0f1 ndevs=1 nmdevs=1 qp_num=10257 pkey=0 pd=0xf44760041f80 oooRq=0
spark2:209:239 [0] NCCL INFO NET/IB: ncclIbReceiverQpsCreateToRts: QP created: port=1 dev=0 devName=rocep1s0f1 ndevs=1 nmdevs=1 qp_num=10258 pkey=0 pd=0xf44760041f80 oooRq=0
spark2:209:239 [0] NCCL INFO NET/IB: ncclIbReceiverQpsCreateToRts: Flush QP created: port=1 dev=0 devName=rocep1s0f1 ndevs=1 nmdevs=1 qp_num=10259 pkey=0 pd=0xf44760041f80
spark2:209:239 [0] NCCL INFO NET/IB: ncclIbSenderQpsCreate: QP created: port=1 dev=0 devName=rocep1s0f1 ndevs=1 nmdevs=1 qp_num=10260 pkey=0 pd=0xf44760041f80 oooRq=0
spark2:209:239 [0] NCCL INFO NET/IB: ncclIbSenderQpsCreate: QP created: port=1 dev=0 devName=rocep1s0f1 ndevs=1 nmdevs=1 qp_num=10261 pkey=0 pd=0xf44760041f80 oooRq=0
spark2:209:239 [0] NCCL INFO NET/IB: ncclIbSenderQpsCreate: QP created: port=1 dev=0 devName=rocep1s0f1 ndevs=1 nmdevs=1 qp_num=10262 pkey=0 pd=0xf44760041f80 oooRq=0
spark2:209:239 [0] NCCL INFO NET/IB: ncclIbSenderQpsCreate: QP created: port=1 dev=0 devName=rocep1s0f1 ndevs=1 nmdevs=1 qp_num=10263 pkey=0 pd=0xf44760041f80 oooRq=0
spark2:209:239 [0] NCCL INFO NET/IB: ncclIbConnectImpl: NCCL Dev 0 IbDev 0 Port 1 qp_num 10260 mtu 5 GID 3 (0/264A8C0FFFF0000) ctsFifoRkey=0x22d7c0 ctsFifoLkey=0x22d7c0
spark2:209:239 [0] NCCL INFO NET/IB: ncclIbConnectImpl: IbDev 0 Port 1 qp_num 10260 query_ece={supported=1, vendor_id=0x15b3, options=0x30000002, comp_mask=0x0}
spark2:209:239 [0] NCCL INFO NET/IB: ncclIbConnectImpl: NCCL Dev 0 IbDev 0 Port 1 qp_num 10261 mtu 5 GID 3 (0/264A8C0FFFF0000) ctsFifoRkey=0x22d7c0 ctsFifoLkey=0x22d7c0
spark2:209:239 [0] NCCL INFO NET/IB: ncclIbConnectImpl: IbDev 0 Port 1 qp_num 10261 query_ece={supported=1, vendor_id=0x15b3, options=0x30000002, comp_mask=0x0}
spark2:209:239 [0] NCCL INFO NET/IB: ncclIbConnectImpl: NCCL Dev 0 IbDev 0 Port 1 qp_num 10262 mtu 5 GID 3 (0/264A8C0FFFF0000) ctsFifoRkey=0x22d7c0 ctsFifoLkey=0x22d7c0
spark2:209:239 [0] NCCL INFO NET/IB: ncclIbConnectImpl: IbDev 0 Port 1 qp_num 10262 query_ece={supported=1, vendor_id=0x15b3, options=0x30000002, comp_mask=0x0}
spark2:209:239 [0] NCCL INFO NET/IB: ncclIbConnectImpl: NCCL Dev 0 IbDev 0 Port 1 qp_num 10263 mtu 5 GID 3 (0/264A8C0FFFF0000) ctsFifoRkey=0x22d7c0 ctsFifoLkey=0x22d7c0
spark2:209:239 [0] NCCL INFO NET/IB: ncclIbConnectImpl: IbDev 0 Port 1 qp_num 10263 query_ece={supported=1, vendor_id=0x15b3, options=0x30000002, comp_mask=0x0}
spark2:209:239 [0] NCCL INFO NET/IB: ncclIbReceiverQpsCreateToRts: QP created: port=1 dev=0 devName=rocep1s0f1 ndevs=1 nmdevs=1 qp_num=10264 pkey=0 pd=0xf44760041f80 oooRq=0
spark2:209:239 [0] NCCL INFO NET/IB: ncclIbReceiverQpsCreateToRts: QP created: port=1 dev=0 devName=rocep1s0f1 ndevs=1 nmdevs=1 qp_num=10265 pkey=0 pd=0xf44760041f80 oooRq=0
spark2:209:239 [0] NCCL INFO NET/IB: ncclIbReceiverQpsCreateToRts: QP created: port=1 dev=0 devName=rocep1s0f1 ndevs=1 nmdevs=1 qp_num=10266 pkey=0 pd=0xf44760041f80 oooRq=0
spark2:209:239 [0] NCCL INFO NET/IB: ncclIbReceiverQpsCreateToRts: QP created: port=1 dev=0 devName=rocep1s0f1 ndevs=1 nmdevs=1 qp_num=10267 pkey=0 pd=0xf44760041f80 oooRq=0
spark2:209:239 [0] NCCL INFO NET/IB: ncclIbReceiverQpsCreateToRts: Flush QP created: port=1 dev=0 devName=rocep1s0f1 ndevs=1 nmdevs=1 qp_num=10268 pkey=0 pd=0xf44760041f80
spark2:209:239 [0] NCCL INFO NET/IB: ncclIbSenderQpsCreate: QP created: port=1 dev=0 devName=rocep1s0f1 ndevs=1 nmdevs=1 qp_num=10269 pkey=0 pd=0xf44760041f80 oooRq=0
spark2:209:239 [0] NCCL INFO NET/IB: ncclIbSenderQpsCreate: QP created: port=1 dev=0 devName=rocep1s0f1 ndevs=1 nmdevs=1 qp_num=10270 pkey=0 pd=0xf44760041f80 oooRq=0
spark2:209:239 [0] NCCL INFO NET/IB: ncclIbSenderQpsCreate: QP created: port=1 dev=0 devName=rocep1s0f1 ndevs=1 nmdevs=1 qp_num=10271 pkey=0 pd=0xf44760041f80 oooRq=0
spark2:209:239 [0] NCCL INFO NET/IB: ncclIbSenderQpsCreate: QP created: port=1 dev=0 devName=rocep1s0f1 ndevs=1 nmdevs=1 qp_num=10272 pkey=0 pd=0xf44760041f80 oooRq=0
spark2:209:239 [0] NCCL INFO NET/IB: ncclIbConnectImpl: NCCL Dev 0 IbDev 0 Port 1 qp_num 10269 mtu 5 GID 3 (0/264A8C0FFFF0000) ctsFifoRkey=0x22dcc5 ctsFifoLkey=0x22dcc5
spark2:209:239 [0] NCCL INFO NET/IB: ncclIbConnectImpl: IbDev 0 Port 1 qp_num 10269 query_ece={supported=1, vendor_id=0x15b3, options=0x30000002, comp_mask=0x0}
spark2:209:239 [0] NCCL INFO NET/IB: ncclIbConnectImpl: NCCL Dev 0 IbDev 0 Port 1 qp_num 10270 mtu 5 GID 3 (0/264A8C0FFFF0000) ctsFifoRkey=0x22dcc5 ctsFifoLkey=0x22dcc5
spark2:209:239 [0] NCCL INFO NET/IB: ncclIbConnectImpl: IbDev 0 Port 1 qp_num 10270 query_ece={supported=1, vendor_id=0x15b3, options=0x30000002, comp_mask=0x0}
spark2:209:239 [0] NCCL INFO NET/IB: ncclIbConnectImpl: NCCL Dev 0 IbDev 0 Port 1 qp_num 10271 mtu 5 GID 3 (0/264A8C0FFFF0000) ctsFifoRkey=0x22dcc5 ctsFifoLkey=0x22dcc5
spark2:209:239 [0] NCCL INFO NET/IB: ncclIbConnectImpl: IbDev 0 Port 1 qp_num 10271 query_ece={supported=1, vendor_id=0x15b3, options=0x30000002, comp_mask=0x0}
spark2:209:239 [0] NCCL INFO NET/IB: ncclIbConnectImpl: NCCL Dev 0 IbDev 0 Port 1 qp_num 10272 mtu 5 GID 3 (0/264A8C0FFFF0000) ctsFifoRkey=0x22dcc5 ctsFifoLkey=0x22dcc5
spark2:209:239 [0] NCCL INFO NET/IB: ncclIbConnectImpl: IbDev 0 Port 1 qp_num 10272 query_ece={supported=1, vendor_id=0x15b3, options=0x30000002, comp_mask=0x0}
spark2:209:239 [0] NCCL INFO NET/IB: ncclIbReceiverQpsCreateToRts: QP created: port=1 dev=0 devName=rocep1s0f1 ndevs=1 nmdevs=1 qp_num=10273 pkey=0 pd=0xf44760041f80 oooRq=0
spark2:209:239 [0] NCCL INFO NET/IB: ncclIbReceiverQpsCreateToRts: QP created: port=1 dev=0 devName=rocep1s0f1 ndevs=1 nmdevs=1 qp_num=10274 pkey=0 pd=0xf44760041f80 oooRq=0
spark2:209:239 [0] NCCL INFO NET/IB: ncclIbReceiverQpsCreateToRts: QP created: port=1 dev=0 devName=rocep1s0f1 ndevs=1 nmdevs=1 qp_num=10275 pkey=0 pd=0xf44760041f80 oooRq=0
spark2:209:239 [0] NCCL INFO NET/IB: ncclIbReceiverQpsCreateToRts: QP created: port=1 dev=0 devName=rocep1s0f1 ndevs=1 nmdevs=1 qp_num=10276 pkey=0 pd=0xf44760041f80 oooRq=0
spark2:209:239 [0] NCCL INFO NET/IB: ncclIbReceiverQpsCreateToRts: Flush QP created: port=1 dev=0 devName=rocep1s0f1 ndevs=1 nmdevs=1 qp_num=10277 pkey=0 pd=0xf44760041f80
spark2:209:239 [0] NCCL INFO NET/IB: ncclIbSenderQpsCreate: QP created: port=1 dev=0 devName=rocep1s0f1 ndevs=1 nmdevs=1 qp_num=10278 pkey=0 pd=0xf44760041f80 oooRq=0
spark2:209:239 [0] NCCL INFO NET/IB: ncclIbSenderQpsCreate: QP created: port=1 dev=0 devName=rocep1s0f1 ndevs=1 nmdevs=1 qp_num=10279 pkey=0 pd=0xf44760041f80 oooRq=0
spark2:209:239 [0] NCCL INFO NET/IB: ncclIbSenderQpsCreate: QP created: port=1 dev=0 devName=rocep1s0f1 ndevs=1 nmdevs=1 qp_num=10280 pkey=0 pd=0xf44760041f80 oooRq=0
spark2:209:239 [0] NCCL INFO NET/IB: ncclIbSenderQpsCreate: QP created: port=1 dev=0 devName=rocep1s0f1 ndevs=1 nmdevs=1 qp_num=10281 pkey=0 pd=0xf44760041f80 oooRq=0
spark2:209:239 [0] NCCL INFO NET/IB: ncclIbConnectImpl: NCCL Dev 0 IbDev 0 Port 1 qp_num 10278 mtu 5 GID 3 (0/264A8C0FFFF0000) ctsFifoRkey=0x22dfc8 ctsFifoLkey=0x22dfc8
spark2:209:239 [0] NCCL INFO NET/IB: ncclIbConnectImpl: IbDev 0 Port 1 qp_num 10278 query_ece={supported=1, vendor_id=0x15b3, options=0x30000002, comp_mask=0x0}
spark2:209:239 [0] NCCL INFO NET/IB: ncclIbConnectImpl: NCCL Dev 0 IbDev 0 Port 1 qp_num 10279 mtu 5 GID 3 (0/264A8C0FFFF0000) ctsFifoRkey=0x22dfc8 ctsFifoLkey=0x22dfc8
spark2:209:239 [0] NCCL INFO NET/IB: ncclIbConnectImpl: IbDev 0 Port 1 qp_num 10279 query_ece={supported=1, vendor_id=0x15b3, options=0x30000002, comp_mask=0x0}
spark2:209:239 [0] NCCL INFO NET/IB: ncclIbConnectImpl: NCCL Dev 0 IbDev 0 Port 1 qp_num 10280 mtu 5 GID 3 (0/264A8C0FFFF0000) ctsFifoRkey=0x22dfc8 ctsFifoLkey=0x22dfc8
spark2:209:239 [0] NCCL INFO NET/IB: ncclIbConnectImpl: IbDev 0 Port 1 qp_num 10280 query_ece={supported=1, vendor_id=0x15b3, options=0x30000002, comp_mask=0x0}
spark2:209:239 [0] NCCL INFO NET/IB: ncclIbConnectImpl: NCCL Dev 0 IbDev 0 Port 1 qp_num 10281 mtu 5 GID 3 (0/264A8C0FFFF0000) ctsFifoRkey=0x22dfc8 ctsFifoLkey=0x22dfc8
spark2:209:239 [0] NCCL INFO NET/IB: ncclIbConnectImpl: IbDev 0 Port 1 qp_num 10281 query_ece={supported=1, vendor_id=0x15b3, options=0x30000002, comp_mask=0x0}
spark2:209:239 [0] NCCL INFO NET/IB: ncclIbReceiverQpsCreateToRts: QP created: port=1 dev=0 devName=rocep1s0f1 ndevs=1 nmdevs=1 qp_num=10282 pkey=0 pd=0xf44760041f80 oooRq=0
spark2:209:239 [0] NCCL INFO NET/IB: ncclIbReceiverQpsCreateToRts: QP created: port=1 dev=0 devName=rocep1s0f1 ndevs=1 nmdevs=1 qp_num=10283 pkey=0 pd=0xf44760041f80 oooRq=0
spark2:209:239 [0] NCCL INFO NET/IB: ncclIbReceiverQpsCreateToRts: QP created: port=1 dev=0 devName=rocep1s0f1 ndevs=1 nmdevs=1 qp_num=10284 pkey=0 pd=0xf44760041f80 oooRq=0
spark2:209:239 [0] NCCL INFO NET/IB: ncclIbReceiverQpsCreateToRts: QP created: port=1 dev=0 devName=rocep1s0f1 ndevs=1 nmdevs=1 qp_num=10285 pkey=0 pd=0xf44760041f80 oooRq=0
spark2:209:239 [0] NCCL INFO NET/IB: ncclIbReceiverQpsCreateToRts: Flush QP created: port=1 dev=0 devName=rocep1s0f1 ndevs=1 nmdevs=1 qp_num=10286 pkey=0 pd=0xf44760041f80
spark2:209:239 [0] NCCL INFO NET/IB: ncclIbSenderQpsCreate: QP created: port=1 dev=0 devName=rocep1s0f1 ndevs=1 nmdevs=1 qp_num=10287 pkey=0 pd=0xf44760041f80 oooRq=0
spark2:209:239 [0] NCCL INFO NET/IB: ncclIbSenderQpsCreate: QP created: port=1 dev=0 devName=rocep1s0f1 ndevs=1 nmdevs=1 qp_num=10288 pkey=0 pd=0xf44760041f80 oooRq=0
spark2:209:239 [0] NCCL INFO NET/IB: ncclIbSenderQpsCreate: QP created: port=1 dev=0 devName=rocep1s0f1 ndevs=1 nmdevs=1 qp_num=10289 pkey=0 pd=0xf44760041f80 oooRq=0
spark2:209:239 [0] NCCL INFO NET/IB: ncclIbSenderQpsCreate: QP created: port=1 dev=0 devName=rocep1s0f1 ndevs=1 nmdevs=1 qp_num=10290 pkey=0 pd=0xf44760041f80 oooRq=0
spark2:209:239 [0] NCCL INFO NET/IB: ncclIbConnectImpl: NCCL Dev 0 IbDev 0 Port 1 qp_num 10287 mtu 5 GID 3 (0/264A8C0FFFF0000) ctsFifoRkey=0x22e9d2 ctsFifoLkey=0x22e9d2
spark2:209:239 [0] NCCL INFO NET/IB: ncclIbConnectImpl: IbDev 0 Port 1 qp_num 10287 query_ece={supported=1, vendor_id=0x15b3, options=0x30000002, comp_mask=0x0}
spark2:209:239 [0] NCCL INFO NET/IB: ncclIbConnectImpl: NCCL Dev 0 IbDev 0 Port 1 qp_num 10288 mtu 5 GID 3 (0/264A8C0FFFF0000) ctsFifoRkey=0x22e9d2 ctsFifoLkey=0x22e9d2
spark2:209:239 [0] NCCL INFO NET/IB: ncclIbConnectImpl: IbDev 0 Port 1 qp_num 10288 query_ece={supported=1, vendor_id=0x15b3, options=0x30000002, comp_mask=0x0}
spark2:209:239 [0] NCCL INFO NET/IB: ncclIbConnectImpl: NCCL Dev 0 IbDev 0 Port 1 qp_num 10289 mtu 5 GID 3 (0/264A8C0FFFF0000) ctsFifoRkey=0x22e9d2 ctsFifoLkey=0x22e9d2
spark2:209:239 [0] NCCL INFO NET/IB: ncclIbConnectImpl: IbDev 0 Port 1 qp_num 10289 query_ece={supported=1, vendor_id=0x15b3, options=0x30000002, comp_mask=0x0}
spark2:209:239 [0] NCCL INFO NET/IB: ncclIbConnectImpl: NCCL Dev 0 IbDev 0 Port 1 qp_num 10290 mtu 5 GID 3 (0/264A8C0FFFF0000) ctsFifoRkey=0x22e9d2 ctsFifoLkey=0x22e9d2
spark2:209:239 [0] NCCL INFO NET/IB: ncclIbConnectImpl: IbDev 0 Port 1 qp_num 10290 query_ece={supported=1, vendor_id=0x15b3, options=0x30000002, comp_mask=0x0}
spark2:209:239 [0] NCCL INFO NET/IB: ncclIbReceiverQpsCreateToRts: QP created: port=1 dev=0 devName=rocep1s0f1 ndevs=1 nmdevs=1 qp_num=10291 pkey=0 pd=0xf44760041f80 oooRq=0
spark2:209:239 [0] NCCL INFO NET/IB: ncclIbReceiverQpsCreateToRts: QP created: port=1 dev=0 devName=rocep1s0f1 ndevs=1 nmdevs=1 qp_num=10292 pkey=0 pd=0xf44760041f80 oooRq=0
spark2:209:239 [0] NCCL INFO NET/IB: ncclIbReceiverQpsCreateToRts: QP created: port=1 dev=0 devName=rocep1s0f1 ndevs=1 nmdevs=1 qp_num=10293 pkey=0 pd=0xf44760041f80 oooRq=0
spark2:209:239 [0] NCCL INFO NET/IB: ncclIbReceiverQpsCreateToRts: QP created: port=1 dev=0 devName=rocep1s0f1 ndevs=1 nmdevs=1 qp_num=10294 pkey=0 pd=0xf44760041f80 oooRq=0
spark2:209:239 [0] NCCL INFO NET/IB: ncclIbReceiverQpsCreateToRts: Flush QP created: port=1 dev=0 devName=rocep1s0f1 ndevs=1 nmdevs=1 qp_num=10295 pkey=0 pd=0xf44760041f80
spark2:209:239 [0] NCCL INFO NET/IB: ncclIbSenderQpsCreate: QP created: port=1 dev=0 devName=rocep1s0f1 ndevs=1 nmdevs=1 qp_num=10296 pkey=0 pd=0xf44760041f80 oooRq=0
spark2:209:239 [0] NCCL INFO NET/IB: ncclIbSenderQpsCreate: QP created: port=1 dev=0 devName=rocep1s0f1 ndevs=1 nmdevs=1 qp_num=10297 pkey=0 pd=0xf44760041f80 oooRq=0
spark2:209:239 [0] NCCL INFO NET/IB: ncclIbSenderQpsCreate: QP created: port=1 dev=0 devName=rocep1s0f1 ndevs=1 nmdevs=1 qp_num=10298 pkey=0 pd=0xf44760041f80 oooRq=0
spark2:209:239 [0] NCCL INFO NET/IB: ncclIbSenderQpsCreate: QP created: port=1 dev=0 devName=rocep1s0f1 ndevs=1 nmdevs=1 qp_num=10299 pkey=0 pd=0xf44760041f80 oooRq=0
spark2:209:239 [0] NCCL INFO NET/IB: ncclIbConnectImpl: NCCL Dev 0 IbDev 0 Port 1 qp_num 10296 mtu 5 GID 3 (0/264A8C0FFFF0000) ctsFifoRkey=0x22ebd4 ctsFifoLkey=0x22ebd4
spark2:209:239 [0] NCCL INFO NET/IB: ncclIbConnectImpl: IbDev 0 Port 1 qp_num 10296 query_ece={supported=1, vendor_id=0x15b3, options=0x30000002, comp_mask=0x0}
spark2:209:239 [0] NCCL INFO NET/IB: ncclIbConnectImpl: NCCL Dev 0 IbDev 0 Port 1 qp_num 10297 mtu 5 GID 3 (0/264A8C0FFFF0000) ctsFifoRkey=0x22ebd4 ctsFifoLkey=0x22ebd4
spark2:209:239 [0] NCCL INFO NET/IB: ncclIbConnectImpl: IbDev 0 Port 1 qp_num 10297 query_ece={supported=1, vendor_id=0x15b3, options=0x30000002, comp_mask=0x0}
spark2:209:239 [0] NCCL INFO NET/IB: ncclIbConnectImpl: NCCL Dev 0 IbDev 0 Port 1 qp_num 10298 mtu 5 GID 3 (0/264A8C0FFFF0000) ctsFifoRkey=0x22ebd4 ctsFifoLkey=0x22ebd4
spark2:209:239 [0] NCCL INFO NET/IB: ncclIbConnectImpl: IbDev 0 Port 1 qp_num 10298 query_ece={supported=1, vendor_id=0x15b3, options=0x30000002, comp_mask=0x0}
spark2:209:239 [0] NCCL INFO NET/IB: ncclIbConnectImpl: NCCL Dev 0 IbDev 0 Port 1 qp_num 10299 mtu 5 GID 3 (0/264A8C0FFFF0000) ctsFifoRkey=0x22ebd4 ctsFifoLkey=0x22ebd4
spark2:209:239 [0] NCCL INFO NET/IB: ncclIbConnectImpl: IbDev 0 Port 1 qp_num 10299 query_ece={supported=1, vendor_id=0x15b3, options=0x30000002, comp_mask=0x0}
spark2:209:239 [0] NCCL INFO NET/IB: ncclIbReceiverQpsCreateToRts: QP created: port=1 dev=0 devName=rocep1s0f1 ndevs=1 nmdevs=1 qp_num=10300 pkey=0 pd=0xf44760041f80 oooRq=0
spark2:209:239 [0] NCCL INFO NET/IB: ncclIbReceiverQpsCreateToRts: QP created: port=1 dev=0 devName=rocep1s0f1 ndevs=1 nmdevs=1 qp_num=10301 pkey=0 pd=0xf44760041f80 oooRq=0
spark2:209:239 [0] NCCL INFO NET/IB: ncclIbReceiverQpsCreateToRts: QP created: port=1 dev=0 devName=rocep1s0f1 ndevs=1 nmdevs=1 qp_num=10302 pkey=0 pd=0xf44760041f80 oooRq=0
spark2:209:239 [0] NCCL INFO NET/IB: ncclIbReceiverQpsCreateToRts: QP created: port=1 dev=0 devName=rocep1s0f1 ndevs=1 nmdevs=1 qp_num=10303 pkey=0 pd=0xf44760041f80 oooRq=0
spark2:209:239 [0] NCCL INFO NET/IB: ncclIbReceiverQpsCreateToRts: Flush QP created: port=1 dev=0 devName=rocep1s0f1 ndevs=1 nmdevs=1 qp_num=10304 pkey=0 pd=0xf44760041f80
spark2:209:239 [0] NCCL INFO NET/IB: ncclIbSenderQpsCreate: QP created: port=1 dev=0 devName=rocep1s0f1 ndevs=1 nmdevs=1 qp_num=10305 pkey=0 pd=0xf44760041f80 oooRq=0
spark2:209:239 [0] NCCL INFO NET/IB: ncclIbSenderQpsCreate: QP created: port=1 dev=0 devName=rocep1s0f1 ndevs=1 nmdevs=1 qp_num=10306 pkey=0 pd=0xf44760041f80 oooRq=0
spark2:209:239 [0] NCCL INFO NET/IB: ncclIbSenderQpsCreate: QP created: port=1 dev=0 devName=rocep1s0f1 ndevs=1 nmdevs=1 qp_num=10307 pkey=0 pd=0xf44760041f80 oooRq=0
spark2:209:239 [0] NCCL INFO NET/IB: ncclIbSenderQpsCreate: QP created: port=1 dev=0 devName=rocep1s0f1 ndevs=1 nmdevs=1 qp_num=10308 pkey=0 pd=0xf44760041f80 oooRq=0
spark2:209:239 [0] NCCL INFO NET/IB: ncclIbConnectImpl: NCCL Dev 0 IbDev 0 Port 1 qp_num 10305 mtu 5 GID 3 (0/264A8C0FFFF0000) ctsFifoRkey=0x22eed7 ctsFifoLkey=0x22eed7
spark2:209:239 [0] NCCL INFO NET/IB: ncclIbConnectImpl: IbDev 0 Port 1 qp_num 10305 query_ece={supported=1, vendor_id=0x15b3, options=0x30000002, comp_mask=0x0}
spark2:209:239 [0] NCCL INFO NET/IB: ncclIbConnectImpl: NCCL Dev 0 IbDev 0 Port 1 qp_num 10306 mtu 5 GID 3 (0/264A8C0FFFF0000) ctsFifoRkey=0x22eed7 ctsFifoLkey=0x22eed7
spark2:209:239 [0] NCCL INFO NET/IB: ncclIbConnectImpl: IbDev 0 Port 1 qp_num 10306 query_ece={supported=1, vendor_id=0x15b3, options=0x30000002, comp_mask=0x0}
spark2:209:239 [0] NCCL INFO NET/IB: ncclIbConnectImpl: NCCL Dev 0 IbDev 0 Port 1 qp_num 10307 mtu 5 GID 3 (0/264A8C0FFFF0000) ctsFifoRkey=0x22eed7 ctsFifoLkey=0x22eed7
spark2:209:239 [0] NCCL INFO NET/IB: ncclIbConnectImpl: IbDev 0 Port 1 qp_num 10307 query_ece={supported=1, vendor_id=0x15b3, options=0x30000002, comp_mask=0x0}
spark2:209:239 [0] NCCL INFO NET/IB: ncclIbConnectImpl: NCCL Dev 0 IbDev 0 Port 1 qp_num 10308 mtu 5 GID 3 (0/264A8C0FFFF0000) ctsFifoRkey=0x22eed7 ctsFifoLkey=0x22eed7
spark2:209:239 [0] NCCL INFO NET/IB: ncclIbConnectImpl: IbDev 0 Port 1 qp_num 10308 query_ece={supported=1, vendor_id=0x15b3, options=0x30000002, comp_mask=0x0}
spark2:209:239 [0] NCCL INFO NET/IB: ncclIbReceiverQpsCreateToRts: QP created: port=1 dev=0 devName=rocep1s0f1 ndevs=1 nmdevs=1 qp_num=10309 pkey=0 pd=0xf44760041f80 oooRq=0
spark2:209:239 [0] NCCL INFO NET/IB: ncclIbReceiverQpsCreateToRts: QP created: port=1 dev=0 devName=rocep1s0f1 ndevs=1 nmdevs=1 qp_num=10310 pkey=0 pd=0xf44760041f80 oooRq=0
spark2:209:239 [0] NCCL INFO NET/IB: ncclIbReceiverQpsCreateToRts: QP created: port=1 dev=0 devName=rocep1s0f1 ndevs=1 nmdevs=1 qp_num=10311 pkey=0 pd=0xf44760041f80 oooRq=0
spark2:209:239 [0] NCCL INFO NET/IB: ncclIbReceiverQpsCreateToRts: QP created: port=1 dev=0 devName=rocep1s0f1 ndevs=1 nmdevs=1 qp_num=10312 pkey=0 pd=0xf44760041f80 oooRq=0
spark2:209:239 [0] NCCL INFO NET/IB: ncclIbReceiverQpsCreateToRts: Flush QP created: port=1 dev=0 devName=rocep1s0f1 ndevs=1 nmdevs=1 qp_num=10313 pkey=0 pd=0xf44760041f80
spark2:209:239 [0] NCCL INFO NET/IB: ncclIbSenderQpsCreate: QP created: port=1 dev=0 devName=rocep1s0f1 ndevs=1 nmdevs=1 qp_num=10314 pkey=0 pd=0xf44760041f80 oooRq=0
spark2:209:239 [0] NCCL INFO NET/IB: ncclIbSenderQpsCreate: QP created: port=1 dev=0 devName=rocep1s0f1 ndevs=1 nmdevs=1 qp_num=10315 pkey=0 pd=0xf44760041f80 oooRq=0
spark2:209:239 [0] NCCL INFO NET/IB: ncclIbSenderQpsCreate: QP created: port=1 dev=0 devName=rocep1s0f1 ndevs=1 nmdevs=1 qp_num=10316 pkey=0 pd=0xf44760041f80 oooRq=0
spark2:209:239 [0] NCCL INFO NET/IB: ncclIbSenderQpsCreate: QP created: port=1 dev=0 devName=rocep1s0f1 ndevs=1 nmdevs=1 qp_num=10317 pkey=0 pd=0xf44760041f80 oooRq=0
spark2:209:239 [0] NCCL INFO NET/IB: ncclIbConnectImpl: NCCL Dev 0 IbDev 0 Port 1 qp_num 10314 mtu 5 GID 3 (0/264A8C0FFFF0000) ctsFifoRkey=0x22f2db ctsFifoLkey=0x22f2db
spark2:209:239 [0] NCCL INFO NET/IB: ncclIbConnectImpl: IbDev 0 Port 1 qp_num 10314 query_ece={supported=1, vendor_id=0x15b3, options=0x30000002, comp_mask=0x0}
spark2:209:239 [0] NCCL INFO NET/IB: ncclIbConnectImpl: NCCL Dev 0 IbDev 0 Port 1 qp_num 10315 mtu 5 GID 3 (0/264A8C0FFFF0000) ctsFifoRkey=0x22f2db ctsFifoLkey=0x22f2db
spark2:209:239 [0] NCCL INFO NET/IB: ncclIbConnectImpl: IbDev 0 Port 1 qp_num 10315 query_ece={supported=1, vendor_id=0x15b3, options=0x30000002, comp_mask=0x0}
spark2:209:239 [0] NCCL INFO NET/IB: ncclIbConnectImpl: NCCL Dev 0 IbDev 0 Port 1 qp_num 10316 mtu 5 GID 3 (0/264A8C0FFFF0000) ctsFifoRkey=0x22f2db ctsFifoLkey=0x22f2db
spark2:209:239 [0] NCCL INFO NET/IB: ncclIbConnectImpl: IbDev 0 Port 1 qp_num 10316 query_ece={supported=1, vendor_id=0x15b3, options=0x30000002, comp_mask=0x0}
spark2:209:239 [0] NCCL INFO NET/IB: ncclIbConnectImpl: NCCL Dev 0 IbDev 0 Port 1 qp_num 10317 mtu 5 GID 3 (0/264A8C0FFFF0000) ctsFifoRkey=0x22f2db ctsFifoLkey=0x22f2db
spark2:209:239 [0] NCCL INFO NET/IB: ncclIbConnectImpl: IbDev 0 Port 1 qp_num 10317 query_ece={supported=1, vendor_id=0x15b3, options=0x30000002, comp_mask=0x0}
spark2:209:239 [0] NCCL INFO NET/IB: ncclIbReceiverQpsCreateToRts: QP created: port=1 dev=0 devName=rocep1s0f1 ndevs=1 nmdevs=1 qp_num=10318 pkey=0 pd=0xf44760041f80 oooRq=0
spark2:209:239 [0] NCCL INFO NET/IB: ncclIbReceiverQpsCreateToRts: QP created: port=1 dev=0 devName=rocep1s0f1 ndevs=1 nmdevs=1 qp_num=10319 pkey=0 pd=0xf44760041f80 oooRq=0
spark2:209:239 [0] NCCL INFO NET/IB: ncclIbReceiverQpsCreateToRts: QP created: port=1 dev=0 devName=rocep1s0f1 ndevs=1 nmdevs=1 qp_num=10320 pkey=0 pd=0xf44760041f80 oooRq=0
spark2:209:239 [0] NCCL INFO NET/IB: ncclIbReceiverQpsCreateToRts: QP created: port=1 dev=0 devName=rocep1s0f1 ndevs=1 nmdevs=1 qp_num=10321 pkey=0 pd=0xf44760041f80 oooRq=0
spark2:209:239 [0] NCCL INFO NET/IB: ncclIbReceiverQpsCreateToRts: Flush QP created: port=1 dev=0 devName=rocep1s0f1 ndevs=1 nmdevs=1 qp_num=10322 pkey=0 pd=0xf44760041f80
spark2:209:239 [0] NCCL INFO NET/IB: ncclIbSenderQpsToRts: Set ECE: IbDev 0 Port 1 qp_num 10188 set_ece={supported=1, vendor_id=0x15b3, options=0x30000002, comp_mask=0x0}
spark2:209:239 [0] NCCL INFO NET/IB: ncclIbSenderQpsToRts: Set ECE: IbDev 0 Port 1 qp_num 10189 set_ece={supported=1, vendor_id=0x15b3, options=0x30000002, comp_mask=0x0}
spark2:209:239 [0] NCCL INFO NET/IB: ncclIbSenderQpsToRts: Set ECE: IbDev 0 Port 1 qp_num 10190 set_ece={supported=1, vendor_id=0x15b3, options=0x30000002, comp_mask=0x0}
spark2:209:239 [0] NCCL INFO NET/IB: ncclIbSenderQpsToRts: Set ECE: IbDev 0 Port 1 qp_num 10191 set_ece={supported=1, vendor_id=0x15b3, options=0x30000002, comp_mask=0x0}
spark2:209:239 [0] NCCL INFO NET/IB: ncclIbSenderQpsToRts: Set ECE: IbDev 0 Port 1 qp_num 10197 set_ece={supported=1, vendor_id=0x15b3, options=0x30000002, comp_mask=0x0}
spark2:209:239 [0] NCCL INFO NET/IB: ncclIbSenderQpsToRts: Set ECE: IbDev 0 Port 1 qp_num 10198 set_ece={supported=1, vendor_id=0x15b3, options=0x30000002, comp_mask=0x0}
spark2:209:239 [0] NCCL INFO NET/IB: ncclIbSenderQpsToRts: Set ECE: IbDev 0 Port 1 qp_num 10199 set_ece={supported=1, vendor_id=0x15b3, options=0x30000002, comp_mask=0x0}
spark2:209:239 [0] NCCL INFO NET/IB: ncclIbSenderQpsToRts: Set ECE: IbDev 0 Port 1 qp_num 10200 set_ece={supported=1, vendor_id=0x15b3, options=0x30000002, comp_mask=0x0}
spark2:209:239 [0] NCCL INFO NET/IB: ncclIbSenderQpsToRts: Set ECE: IbDev 0 Port 1 qp_num 10206 set_ece={supported=1, vendor_id=0x15b3, options=0x30000002, comp_mask=0x0}
spark2:209:239 [0] NCCL INFO NET/IB: ncclIbSenderQpsToRts: Set ECE: IbDev 0 Port 1 qp_num 10207 set_ece={supported=1, vendor_id=0x15b3, options=0x30000002, comp_mask=0x0}
spark2:209:239 [0] NCCL INFO NET/IB: ncclIbSenderQpsToRts: Set ECE: IbDev 0 Port 1 qp_num 10208 set_ece={supported=1, vendor_id=0x15b3, options=0x30000002, comp_mask=0x0}
spark2:209:239 [0] NCCL INFO NET/IB: ncclIbSenderQpsToRts: Set ECE: IbDev 0 Port 1 qp_num 10209 set_ece={supported=1, vendor_id=0x15b3, options=0x30000002, comp_mask=0x0}
spark2:209:239 [0] NCCL INFO NET/IB: ncclIbSenderQpsToRts: Set ECE: IbDev 0 Port 1 qp_num 10215 set_ece={supported=1, vendor_id=0x15b3, options=0x30000002, comp_mask=0x0}
spark2:209:239 [0] NCCL INFO NET/IB: ncclIbSenderQpsToRts: Set ECE: IbDev 0 Port 1 qp_num 10216 set_ece={supported=1, vendor_id=0x15b3, options=0x30000002, comp_mask=0x0}
spark2:209:239 [0] NCCL INFO NET/IB: ncclIbSenderQpsToRts: Set ECE: IbDev 0 Port 1 qp_num 10217 set_ece={supported=1, vendor_id=0x15b3, options=0x30000002, comp_mask=0x0}
spark2:209:239 [0] NCCL INFO NET/IB: ncclIbSenderQpsToRts: Set ECE: IbDev 0 Port 1 qp_num 10218 set_ece={supported=1, vendor_id=0x15b3, options=0x30000002, comp_mask=0x0}
spark2:209:239 [0] NCCL INFO NET/IB: ncclIbSenderQpsToRts: Set ECE: IbDev 0 Port 1 qp_num 10224 set_ece={supported=1, vendor_id=0x15b3, options=0x30000002, comp_mask=0x0}
spark2:209:239 [0] NCCL INFO NET/IB: ncclIbSenderQpsToRts: Set ECE: IbDev 0 Port 1 qp_num 10225 set_ece={supported=1, vendor_id=0x15b3, options=0x30000002, comp_mask=0x0}
spark2:209:239 [0] NCCL INFO NET/IB: ncclIbSenderQpsToRts: Set ECE: IbDev 0 Port 1 qp_num 10226 set_ece={supported=1, vendor_id=0x15b3, options=0x30000002, comp_mask=0x0}
spark2:209:239 [0] NCCL INFO NET/IB: ncclIbSenderQpsToRts: Set ECE: IbDev 0 Port 1 qp_num 10227 set_ece={supported=1, vendor_id=0x15b3, options=0x30000002, comp_mask=0x0}
spark2:209:239 [0] NCCL INFO NET/IB: ncclIbSenderQpsToRts: Set ECE: IbDev 0 Port 1 qp_num 10233 set_ece={supported=1, vendor_id=0x15b3, options=0x30000002, comp_mask=0x0}
spark2:209:239 [0] NCCL INFO NET/IB: ncclIbSenderQpsToRts: Set ECE: IbDev 0 Port 1 qp_num 10234 set_ece={supported=1, vendor_id=0x15b3, options=0x30000002, comp_mask=0x0}
spark2:209:239 [0] NCCL INFO NET/IB: ncclIbSenderQpsToRts: Set ECE: IbDev 0 Port 1 qp_num 10235 set_ece={supported=1, vendor_id=0x15b3, options=0x30000002, comp_mask=0x0}
spark2:209:239 [0] NCCL INFO NET/IB: ncclIbSenderQpsToRts: Set ECE: IbDev 0 Port 1 qp_num 10236 set_ece={supported=1, vendor_id=0x15b3, options=0x30000002, comp_mask=0x0}
spark2:209:239 [0] NCCL INFO NET/IB: ncclIbSenderQpsToRts: Set ECE: IbDev 0 Port 1 qp_num 10242 set_ece={supported=1, vendor_id=0x15b3, options=0x30000002, comp_mask=0x0}
spark2:209:239 [0] NCCL INFO NET/IB: ncclIbSenderQpsToRts: Set ECE: IbDev 0 Port 1 qp_num 10243 set_ece={supported=1, vendor_id=0x15b3, options=0x30000002, comp_mask=0x0}
spark2:209:239 [0] NCCL INFO NET/IB: ncclIbSenderQpsToRts: Set ECE: IbDev 0 Port 1 qp_num 10244 set_ece={supported=1, vendor_id=0x15b3, options=0x30000002, comp_mask=0x0}
spark2:209:239 [0] NCCL INFO NET/IB: ncclIbSenderQpsToRts: Set ECE: IbDev 0 Port 1 qp_num 10245 set_ece={supported=1, vendor_id=0x15b3, options=0x30000002, comp_mask=0x0}
spark2:209:239 [0] NCCL INFO NET/IB: ncclIbSenderQpsToRts: Set ECE: IbDev 0 Port 1 qp_num 10251 set_ece={supported=1, vendor_id=0x15b3, options=0x30000002, comp_mask=0x0}
spark2:209:239 [0] NCCL INFO NET/IB: ncclIbSenderQpsToRts: Set ECE: IbDev 0 Port 1 qp_num 10252 set_ece={supported=1, vendor_id=0x15b3, options=0x30000002, comp_mask=0x0}
spark2:209:239 [0] NCCL INFO NET/IB: ncclIbSenderQpsToRts: Set ECE: IbDev 0 Port 1 qp_num 10253 set_ece={supported=1, vendor_id=0x15b3, options=0x30000002, comp_mask=0x0}
spark2:209:239 [0] NCCL INFO NET/IB: ncclIbSenderQpsToRts: Set ECE: IbDev 0 Port 1 qp_num 10254 set_ece={supported=1, vendor_id=0x15b3, options=0x30000002, comp_mask=0x0}
spark2:209:239 [0] NCCL INFO NET/IB: ncclIbSenderQpsToRts: Set ECE: IbDev 0 Port 1 qp_num 10260 set_ece={supported=1, vendor_id=0x15b3, options=0x30000002, comp_mask=0x0}
spark2:209:239 [0] NCCL INFO NET/IB: ncclIbSenderQpsToRts: Set ECE: IbDev 0 Port 1 qp_num 10261 set_ece={supported=1, vendor_id=0x15b3, options=0x30000002, comp_mask=0x0}
spark2:209:239 [0] NCCL INFO NET/IB: ncclIbSenderQpsToRts: Set ECE: IbDev 0 Port 1 qp_num 10262 set_ece={supported=1, vendor_id=0x15b3, options=0x30000002, comp_mask=0x0}
spark2:209:239 [0] NCCL INFO NET/IB: ncclIbSenderQpsToRts: Set ECE: IbDev 0 Port 1 qp_num 10263 set_ece={supported=1, vendor_id=0x15b3, options=0x30000002, comp_mask=0x0}
spark2:209:239 [0] NCCL INFO NET/IB: ncclIbSenderQpsToRts: Set ECE: IbDev 0 Port 1 qp_num 10269 set_ece={supported=1, vendor_id=0x15b3, options=0x30000002, comp_mask=0x0}
spark2:209:239 [0] NCCL INFO NET/IB: ncclIbSenderQpsToRts: Set ECE: IbDev 0 Port 1 qp_num 10270 set_ece={supported=1, vendor_id=0x15b3, options=0x30000002, comp_mask=0x0}
spark2:209:239 [0] NCCL INFO NET/IB: ncclIbSenderQpsToRts: Set ECE: IbDev 0 Port 1 qp_num 10271 set_ece={supported=1, vendor_id=0x15b3, options=0x30000002, comp_mask=0x0}
spark2:209:239 [0] NCCL INFO NET/IB: ncclIbSenderQpsToRts: Set ECE: IbDev 0 Port 1 qp_num 10272 set_ece={supported=1, vendor_id=0x15b3, options=0x30000002, comp_mask=0x0}
spark2:209:239 [0] NCCL INFO NET/IB: ncclIbSenderQpsToRts: Set ECE: IbDev 0 Port 1 qp_num 10278 set_ece={supported=1, vendor_id=0x15b3, options=0x30000002, comp_mask=0x0}
spark2:209:239 [0] NCCL INFO NET/IB: ncclIbSenderQpsToRts: Set ECE: IbDev 0 Port 1 qp_num 10279 set_ece={supported=1, vendor_id=0x15b3, options=0x30000002, comp_mask=0x0}
spark2:209:239 [0] NCCL INFO NET/IB: ncclIbSenderQpsToRts: Set ECE: IbDev 0 Port 1 qp_num 10280 set_ece={supported=1, vendor_id=0x15b3, options=0x30000002, comp_mask=0x0}
spark2:209:239 [0] NCCL INFO NET/IB: ncclIbSenderQpsToRts: Set ECE: IbDev 0 Port 1 qp_num 10281 set_ece={supported=1, vendor_id=0x15b3, options=0x30000002, comp_mask=0x0}
spark2:209:239 [0] NCCL INFO NET/IB: ncclIbSenderQpsToRts: Set ECE: IbDev 0 Port 1 qp_num 10287 set_ece={supported=1, vendor_id=0x15b3, options=0x30000002, comp_mask=0x0}
spark2:209:239 [0] NCCL INFO NET/IB: ncclIbSenderQpsToRts: Set ECE: IbDev 0 Port 1 qp_num 10288 set_ece={supported=1, vendor_id=0x15b3, options=0x30000002, comp_mask=0x0}
spark2:209:239 [0] NCCL INFO NET/IB: ncclIbSenderQpsToRts: Set ECE: IbDev 0 Port 1 qp_num 10289 set_ece={supported=1, vendor_id=0x15b3, options=0x30000002, comp_mask=0x0}
spark2:209:239 [0] NCCL INFO NET/IB: ncclIbSenderQpsToRts: Set ECE: IbDev 0 Port 1 qp_num 10290 set_ece={supported=1, vendor_id=0x15b3, options=0x30000002, comp_mask=0x0}
spark2:209:239 [0] NCCL INFO NET/IB: ncclIbSenderQpsToRts: Set ECE: IbDev 0 Port 1 qp_num 10296 set_ece={supported=1, vendor_id=0x15b3, options=0x30000002, comp_mask=0x0}
spark2:209:239 [0] NCCL INFO NET/IB: ncclIbSenderQpsToRts: Set ECE: IbDev 0 Port 1 qp_num 10297 set_ece={supported=1, vendor_id=0x15b3, options=0x30000002, comp_mask=0x0}
spark2:209:239 [0] NCCL INFO NET/IB: ncclIbSenderQpsToRts: Set ECE: IbDev 0 Port 1 qp_num 10298 set_ece={supported=1, vendor_id=0x15b3, options=0x30000002, comp_mask=0x0}
spark2:209:239 [0] NCCL INFO NET/IB: ncclIbSenderQpsToRts: Set ECE: IbDev 0 Port 1 qp_num 10299 set_ece={supported=1, vendor_id=0x15b3, options=0x30000002, comp_mask=0x0}
spark2:209:239 [0] NCCL INFO NET/IB: ncclIbSenderQpsToRts: Set ECE: IbDev 0 Port 1 qp_num 10305 set_ece={supported=1, vendor_id=0x15b3, options=0x30000002, comp_mask=0x0}
spark2:209:239 [0] NCCL INFO NET/IB: ncclIbSenderQpsToRts: Set ECE: IbDev 0 Port 1 qp_num 10306 set_ece={supported=1, vendor_id=0x15b3, options=0x30000002, comp_mask=0x0}
spark2:209:239 [0] NCCL INFO NET/IB: ncclIbSenderQpsToRts: Set ECE: IbDev 0 Port 1 qp_num 10307 set_ece={supported=1, vendor_id=0x15b3, options=0x30000002, comp_mask=0x0}
spark2:209:239 [0] NCCL INFO NET/IB: ncclIbSenderQpsToRts: Set ECE: IbDev 0 Port 1 qp_num 10308 set_ece={supported=1, vendor_id=0x15b3, options=0x30000002, comp_mask=0x0}
spark2:209:239 [0] NCCL INFO NET/IB: ncclIbSenderQpsToRts: Set ECE: IbDev 0 Port 1 qp_num 10314 set_ece={supported=1, vendor_id=0x15b3, options=0x30000002, comp_mask=0x0}
spark2:209:239 [0] NCCL INFO NET/IB: ncclIbSenderQpsToRts: Set ECE: IbDev 0 Port 1 qp_num 10315 set_ece={supported=1, vendor_id=0x15b3, options=0x30000002, comp_mask=0x0}
spark2:209:239 [0] NCCL INFO NET/IB: ncclIbSenderQpsToRts: Set ECE: IbDev 0 Port 1 qp_num 10316 set_ece={supported=1, vendor_id=0x15b3, options=0x30000002, comp_mask=0x0}
spark2:209:239 [0] NCCL INFO NET/IB: ncclIbSenderQpsToRts: Set ECE: IbDev 0 Port 1 qp_num 10317 set_ece={supported=1, vendor_id=0x15b3, options=0x30000002, comp_mask=0x0}
spark2:209:239 [0] NCCL INFO NET/IB: ncclIbReceiverQpsCreateToRts: QP created: port=1 dev=0 devName=rocep1s0f1 ndevs=1 nmdevs=1 qp_num=10323 pkey=0 pd=0xf44760041f80 oooRq=0
spark2:209:239 [0] NCCL INFO NET/IB: ncclIbReceiverQpsCreateToRts: QP created: port=1 dev=0 devName=rocep1s0f1 ndevs=1 nmdevs=1 qp_num=10324 pkey=0 pd=0xf44760041f80 oooRq=0
spark2:209:239 [0] NCCL INFO NET/IB: ncclIbReceiverQpsCreateToRts: QP created: port=1 dev=0 devName=rocep1s0f1 ndevs=1 nmdevs=1 qp_num=10325 pkey=0 pd=0xf44760041f80 oooRq=0
spark2:209:239 [0] NCCL INFO NET/IB: ncclIbReceiverQpsCreateToRts: QP created: port=1 dev=0 devName=rocep1s0f1 ndevs=1 nmdevs=1 qp_num=10326 pkey=0 pd=0xf44760041f80 oooRq=0
spark2:209:239 [0] NCCL INFO NET/IB: ncclIbReceiverQpsCreateToRts: Flush QP created: port=1 dev=0 devName=rocep1s0f1 ndevs=1 nmdevs=1 qp_num=10327 pkey=0 pd=0xf44760041f80
spark2:209:239 [0] NCCL INFO NET/IB: ncclIbSenderQpsCreate: QP created: port=1 dev=0 devName=rocep1s0f1 ndevs=1 nmdevs=1 qp_num=10328 pkey=0 pd=0xf44760041f80 oooRq=0
spark2:209:239 [0] NCCL INFO NET/IB: ncclIbSenderQpsCreate: QP created: port=1 dev=0 devName=rocep1s0f1 ndevs=1 nmdevs=1 qp_num=10329 pkey=0 pd=0xf44760041f80 oooRq=0
spark2:209:239 [0] NCCL INFO NET/IB: ncclIbSenderQpsCreate: QP created: port=1 dev=0 devName=rocep1s0f1 ndevs=1 nmdevs=1 qp_num=10330 pkey=0 pd=0xf44760041f80 oooRq=0
spark2:209:239 [0] NCCL INFO NET/IB: ncclIbSenderQpsCreate: QP created: port=1 dev=0 devName=rocep1s0f1 ndevs=1 nmdevs=1 qp_num=10331 pkey=0 pd=0xf44760041f80 oooRq=0
spark2:209:239 [0] NCCL INFO NET/IB: ncclIbConnectImpl: NCCL Dev 0 IbDev 0 Port 1 qp_num 10328 mtu 5 GID 3 (0/264A8C0FFFF0000) ctsFifoRkey=0x22fde6 ctsFifoLkey=0x22fde6
spark2:209:239 [0] NCCL INFO NET/IB: ncclIbConnectImpl: IbDev 0 Port 1 qp_num 10328 query_ece={supported=1, vendor_id=0x15b3, options=0x30000002, comp_mask=0x0}
spark2:209:239 [0] NCCL INFO NET/IB: ncclIbConnectImpl: NCCL Dev 0 IbDev 0 Port 1 qp_num 10329 mtu 5 GID 3 (0/264A8C0FFFF0000) ctsFifoRkey=0x22fde6 ctsFifoLkey=0x22fde6
spark2:209:239 [0] NCCL INFO NET/IB: ncclIbConnectImpl: IbDev 0 Port 1 qp_num 10329 query_ece={supported=1, vendor_id=0x15b3, options=0x30000002, comp_mask=0x0}
spark2:209:239 [0] NCCL INFO NET/IB: ncclIbConnectImpl: NCCL Dev 0 IbDev 0 Port 1 qp_num 10330 mtu 5 GID 3 (0/264A8C0FFFF0000) ctsFifoRkey=0x22fde6 ctsFifoLkey=0x22fde6
spark2:209:239 [0] NCCL INFO NET/IB: ncclIbConnectImpl: IbDev 0 Port 1 qp_num 10330 query_ece={supported=1, vendor_id=0x15b3, options=0x30000002, comp_mask=0x0}
spark2:209:239 [0] NCCL INFO NET/IB: ncclIbConnectImpl: NCCL Dev 0 IbDev 0 Port 1 qp_num 10331 mtu 5 GID 3 (0/264A8C0FFFF0000) ctsFifoRkey=0x22fde6 ctsFifoLkey=0x22fde6
spark2:209:239 [0] NCCL INFO NET/IB: ncclIbConnectImpl: IbDev 0 Port 1 qp_num 10331 query_ece={supported=1, vendor_id=0x15b3, options=0x30000002, comp_mask=0x0}
spark2:209:239 [0] NCCL INFO NET/IB: ncclIbSenderQpsCreate: QP created: port=1 dev=0 devName=rocep1s0f1 ndevs=1 nmdevs=1 qp_num=10332 pkey=0 pd=0xf44760041f80 oooRq=0
spark2:209:239 [0] NCCL INFO NET/IB: ncclIbSenderQpsCreate: QP created: port=1 dev=0 devName=rocep1s0f1 ndevs=1 nmdevs=1 qp_num=10333 pkey=0 pd=0xf44760041f80 oooRq=0
spark2:209:239 [0] NCCL INFO NET/IB: ncclIbSenderQpsCreate: QP created: port=1 dev=0 devName=rocep1s0f1 ndevs=1 nmdevs=1 qp_num=10334 pkey=0 pd=0xf44760041f80 oooRq=0
spark2:209:239 [0] NCCL INFO NET/IB: ncclIbSenderQpsCreate: QP created: port=1 dev=0 devName=rocep1s0f1 ndevs=1 nmdevs=1 qp_num=10335 pkey=0 pd=0xf44760041f80 oooRq=0
spark2:209:239 [0] NCCL INFO NET/IB: ncclIbConnectImpl: NCCL Dev 0 IbDev 0 Port 1 qp_num 10332 mtu 5 GID 3 (0/264A8C0FFFF0000) ctsFifoRkey=0x22fee7 ctsFifoLkey=0x22fee7
spark2:209:239 [0] NCCL INFO NET/IB: ncclIbConnectImpl: IbDev 0 Port 1 qp_num 10332 query_ece={supported=1, vendor_id=0x15b3, options=0x30000002, comp_mask=0x0}
spark2:209:239 [0] NCCL INFO NET/IB: ncclIbConnectImpl: NCCL Dev 0 IbDev 0 Port 1 qp_num 10333 mtu 5 GID 3 (0/264A8C0FFFF0000) ctsFifoRkey=0x22fee7 ctsFifoLkey=0x22fee7
spark2:209:239 [0] NCCL INFO NET/IB: ncclIbConnectImpl: IbDev 0 Port 1 qp_num 10333 query_ece={supported=1, vendor_id=0x15b3, options=0x30000002, comp_mask=0x0}
spark2:209:239 [0] NCCL INFO NET/IB: ncclIbConnectImpl: NCCL Dev 0 IbDev 0 Port 1 qp_num 10334 mtu 5 GID 3 (0/264A8C0FFFF0000) ctsFifoRkey=0x22fee7 ctsFifoLkey=0x22fee7
spark2:209:239 [0] NCCL INFO NET/IB: ncclIbConnectImpl: IbDev 0 Port 1 qp_num 10334 query_ece={supported=1, vendor_id=0x15b3, options=0x30000002, comp_mask=0x0}
spark2:209:239 [0] NCCL INFO NET/IB: ncclIbConnectImpl: NCCL Dev 0 IbDev 0 Port 1 qp_num 10335 mtu 5 GID 3 (0/264A8C0FFFF0000) ctsFifoRkey=0x22fee7 ctsFifoLkey=0x22fee7
spark2:209:239 [0] NCCL INFO NET/IB: ncclIbConnectImpl: IbDev 0 Port 1 qp_num 10335 query_ece={supported=1, vendor_id=0x15b3, options=0x30000002, comp_mask=0x0}
spark2:209:239 [0] NCCL INFO NET/IB: ncclIbSenderQpsCreate: QP created: port=1 dev=0 devName=rocep1s0f1 ndevs=1 nmdevs=1 qp_num=10336 pkey=0 pd=0xf44760041f80 oooRq=0
spark2:209:239 [0] NCCL INFO NET/IB: ncclIbSenderQpsCreate: QP created: port=1 dev=0 devName=rocep1s0f1 ndevs=1 nmdevs=1 qp_num=10337 pkey=0 pd=0xf44760041f80 oooRq=0
spark2:209:239 [0] NCCL INFO NET/IB: ncclIbSenderQpsCreate: QP created: port=1 dev=0 devName=rocep1s0f1 ndevs=1 nmdevs=1 qp_num=10338 pkey=0 pd=0xf44760041f80 oooRq=0
spark2:209:239 [0] NCCL INFO NET/IB: ncclIbSenderQpsCreate: QP created: port=1 dev=0 devName=rocep1s0f1 ndevs=1 nmdevs=1 qp_num=10339 pkey=0 pd=0xf44760041f80 oooRq=0
spark2:209:239 [0] NCCL INFO NET/IB: ncclIbConnectImpl: NCCL Dev 0 IbDev 0 Port 1 qp_num 10336 mtu 5 GID 3 (0/264A8C0FFFF0000) ctsFifoRkey=0x22ffe8 ctsFifoLkey=0x22ffe8
spark2:209:239 [0] NCCL INFO NET/IB: ncclIbConnectImpl: IbDev 0 Port 1 qp_num 10336 query_ece={supported=1, vendor_id=0x15b3, options=0x30000002, comp_mask=0x0}
spark2:209:239 [0] NCCL INFO NET/IB: ncclIbConnectImpl: NCCL Dev 0 IbDev 0 Port 1 qp_num 10337 mtu 5 GID 3 (0/264A8C0FFFF0000) ctsFifoRkey=0x22ffe8 ctsFifoLkey=0x22ffe8
spark2:209:239 [0] NCCL INFO NET/IB: ncclIbConnectImpl: IbDev 0 Port 1 qp_num 10337 query_ece={supported=1, vendor_id=0x15b3, options=0x30000002, comp_mask=0x0}
spark2:209:239 [0] NCCL INFO NET/IB: ncclIbConnectImpl: NCCL Dev 0 IbDev 0 Port 1 qp_num 10338 mtu 5 GID 3 (0/264A8C0FFFF0000) ctsFifoRkey=0x22ffe8 ctsFifoLkey=0x22ffe8
spark2:209:239 [0] NCCL INFO NET/IB: ncclIbConnectImpl: IbDev 0 Port 1 qp_num 10338 query_ece={supported=1, vendor_id=0x15b3, options=0x30000002, comp_mask=0x0}
spark2:209:239 [0] NCCL INFO NET/IB: ncclIbConnectImpl: NCCL Dev 0 IbDev 0 Port 1 qp_num 10339 mtu 5 GID 3 (0/264A8C0FFFF0000) ctsFifoRkey=0x22ffe8 ctsFifoLkey=0x22ffe8
spark2:209:239 [0] NCCL INFO NET/IB: ncclIbConnectImpl: IbDev 0 Port 1 qp_num 10339 query_ece={supported=1, vendor_id=0x15b3, options=0x30000002, comp_mask=0x0}
spark2:209:239 [0] NCCL INFO NET/IB: ncclIbSenderQpsCreate: QP created: port=1 dev=0 devName=rocep1s0f1 ndevs=1 nmdevs=1 qp_num=10340 pkey=0 pd=0xf44760041f80 oooRq=0
spark2:209:239 [0] NCCL INFO NET/IB: ncclIbSenderQpsCreate: QP created: port=1 dev=0 devName=rocep1s0f1 ndevs=1 nmdevs=1 qp_num=10341 pkey=0 pd=0xf44760041f80 oooRq=0
spark2:209:239 [0] NCCL INFO NET/IB: ncclIbSenderQpsCreate: QP created: port=1 dev=0 devName=rocep1s0f1 ndevs=1 nmdevs=1 qp_num=10342 pkey=0 pd=0xf44760041f80 oooRq=0
spark2:209:239 [0] NCCL INFO NET/IB: ncclIbSenderQpsCreate: QP created: port=1 dev=0 devName=rocep1s0f1 ndevs=1 nmdevs=1 qp_num=10343 pkey=0 pd=0xf44760041f80 oooRq=0
spark2:209:239 [0] NCCL INFO NET/IB: ncclIbConnectImpl: NCCL Dev 0 IbDev 0 Port 1 qp_num 10340 mtu 5 GID 3 (0/264A8C0FFFF0000) ctsFifoRkey=0x2301ea ctsFifoLkey=0x2301ea
spark2:209:239 [0] NCCL INFO NET/IB: ncclIbConnectImpl: IbDev 0 Port 1 qp_num 10340 query_ece={supported=1, vendor_id=0x15b3, options=0x30000002, comp_mask=0x0}
spark2:209:239 [0] NCCL INFO NET/IB: ncclIbConnectImpl: NCCL Dev 0 IbDev 0 Port 1 qp_num 10341 mtu 5 GID 3 (0/264A8C0FFFF0000) ctsFifoRkey=0x2301ea ctsFifoLkey=0x2301ea
spark2:209:239 [0] NCCL INFO NET/IB: ncclIbConnectImpl: IbDev 0 Port 1 qp_num 10341 query_ece={supported=1, vendor_id=0x15b3, options=0x30000002, comp_mask=0x0}
spark2:209:239 [0] NCCL INFO NET/IB: ncclIbConnectImpl: NCCL Dev 0 IbDev 0 Port 1 qp_num 10342 mtu 5 GID 3 (0/264A8C0FFFF0000) ctsFifoRkey=0x2301ea ctsFifoLkey=0x2301ea
spark2:209:239 [0] NCCL INFO NET/IB: ncclIbConnectImpl: IbDev 0 Port 1 qp_num 10342 query_ece={supported=1, vendor_id=0x15b3, options=0x30000002, comp_mask=0x0}
spark2:209:239 [0] NCCL INFO NET/IB: ncclIbConnectImpl: NCCL Dev 0 IbDev 0 Port 1 qp_num 10343 mtu 5 GID 3 (0/264A8C0FFFF0000) ctsFifoRkey=0x2301ea ctsFifoLkey=0x2301ea
spark2:209:239 [0] NCCL INFO NET/IB: ncclIbConnectImpl: IbDev 0 Port 1 qp_num 10343 query_ece={supported=1, vendor_id=0x15b3, options=0x30000002, comp_mask=0x0}
spark2:209:239 [0] NCCL INFO NET/IB: ncclIbSenderQpsCreate: QP created: port=1 dev=0 devName=rocep1s0f1 ndevs=1 nmdevs=1 qp_num=10344 pkey=0 pd=0xf44760041f80 oooRq=0
spark2:209:239 [0] NCCL INFO NET/IB: ncclIbSenderQpsCreate: QP created: port=1 dev=0 devName=rocep1s0f1 ndevs=1 nmdevs=1 qp_num=10345 pkey=0 pd=0xf44760041f80 oooRq=0
spark2:209:239 [0] NCCL INFO NET/IB: ncclIbSenderQpsCreate: QP created: port=1 dev=0 devName=rocep1s0f1 ndevs=1 nmdevs=1 qp_num=10346 pkey=0 pd=0xf44760041f80 oooRq=0
spark2:209:239 [0] NCCL INFO NET/IB: ncclIbSenderQpsCreate: QP created: port=1 dev=0 devName=rocep1s0f1 ndevs=1 nmdevs=1 qp_num=10347 pkey=0 pd=0xf44760041f80 oooRq=0
spark2:209:239 [0] NCCL INFO NET/IB: ncclIbConnectImpl: NCCL Dev 0 IbDev 0 Port 1 qp_num 10344 mtu 5 GID 3 (0/264A8C0FFFF0000) ctsFifoRkey=0x1b7e7b ctsFifoLkey=0x1b7e7b
spark2:209:239 [0] NCCL INFO NET/IB: ncclIbConnectImpl: IbDev 0 Port 1 qp_num 10344 query_ece={supported=1, vendor_id=0x15b3, options=0x30000002, comp_mask=0x0}
spark2:209:239 [0] NCCL INFO NET/IB: ncclIbConnectImpl: NCCL Dev 0 IbDev 0 Port 1 qp_num 10345 mtu 5 GID 3 (0/264A8C0FFFF0000) ctsFifoRkey=0x1b7e7b ctsFifoLkey=0x1b7e7b
spark2:209:239 [0] NCCL INFO NET/IB: ncclIbConnectImpl: IbDev 0 Port 1 qp_num 10345 query_ece={supported=1, vendor_id=0x15b3, options=0x30000002, comp_mask=0x0}
spark2:209:239 [0] NCCL INFO NET/IB: ncclIbConnectImpl: NCCL Dev 0 IbDev 0 Port 1 qp_num 10346 mtu 5 GID 3 (0/264A8C0FFFF0000) ctsFifoRkey=0x1b7e7b ctsFifoLkey=0x1b7e7b
spark2:209:239 [0] NCCL INFO NET/IB: ncclIbConnectImpl: IbDev 0 Port 1 qp_num 10346 query_ece={supported=1, vendor_id=0x15b3, options=0x30000002, comp_mask=0x0}
spark2:209:239 [0] NCCL INFO NET/IB: ncclIbConnectImpl: NCCL Dev 0 IbDev 0 Port 1 qp_num 10347 mtu 5 GID 3 (0/264A8C0FFFF0000) ctsFifoRkey=0x1b7e7b ctsFifoLkey=0x1b7e7b
spark2:209:239 [0] NCCL INFO NET/IB: ncclIbConnectImpl: IbDev 0 Port 1 qp_num 10347 query_ece={supported=1, vendor_id=0x15b3, options=0x30000002, comp_mask=0x0}
spark2:209:239 [0] NCCL INFO NET/IB: ncclIbSenderQpsCreate: QP created: port=1 dev=0 devName=rocep1s0f1 ndevs=1 nmdevs=1 qp_num=10348 pkey=0 pd=0xf44760041f80 oooRq=0
spark2:209:239 [0] NCCL INFO NET/IB: ncclIbSenderQpsCreate: QP created: port=1 dev=0 devName=rocep1s0f1 ndevs=1 nmdevs=1 qp_num=10349 pkey=0 pd=0xf44760041f80 oooRq=0
spark2:209:239 [0] NCCL INFO NET/IB: ncclIbSenderQpsCreate: QP created: port=1 dev=0 devName=rocep1s0f1 ndevs=1 nmdevs=1 qp_num=10350 pkey=0 pd=0xf44760041f80 oooRq=0
spark2:209:239 [0] NCCL INFO NET/IB: ncclIbSenderQpsCreate: QP created: port=1 dev=0 devName=rocep1s0f1 ndevs=1 nmdevs=1 qp_num=10351 pkey=0 pd=0xf44760041f80 oooRq=0
spark2:209:239 [0] NCCL INFO NET/IB: ncclIbConnectImpl: NCCL Dev 0 IbDev 0 Port 1 qp_num 10348 mtu 5 GID 3 (0/264A8C0FFFF0000) ctsFifoRkey=0x1b7572 ctsFifoLkey=0x1b7572
spark2:209:239 [0] NCCL INFO NET/IB: ncclIbConnectImpl: IbDev 0 Port 1 qp_num 10348 query_ece={supported=1, vendor_id=0x15b3, options=0x30000002, comp_mask=0x0}
spark2:209:239 [0] NCCL INFO NET/IB: ncclIbConnectImpl: NCCL Dev 0 IbDev 0 Port 1 qp_num 10349 mtu 5 GID 3 (0/264A8C0FFFF0000) ctsFifoRkey=0x1b7572 ctsFifoLkey=0x1b7572
spark2:209:239 [0] NCCL INFO NET/IB: ncclIbConnectImpl: IbDev 0 Port 1 qp_num 10349 query_ece={supported=1, vendor_id=0x15b3, options=0x30000002, comp_mask=0x0}
spark2:209:239 [0] NCCL INFO NET/IB: ncclIbConnectImpl: NCCL Dev 0 IbDev 0 Port 1 qp_num 10350 mtu 5 GID 3 (0/264A8C0FFFF0000) ctsFifoRkey=0x1b7572 ctsFifoLkey=0x1b7572
spark2:209:239 [0] NCCL INFO NET/IB: ncclIbConnectImpl: IbDev 0 Port 1 qp_num 10350 query_ece={supported=1, vendor_id=0x15b3, options=0x30000002, comp_mask=0x0}
spark2:209:239 [0] NCCL INFO NET/IB: ncclIbConnectImpl: NCCL Dev 0 IbDev 0 Port 1 qp_num 10351 mtu 5 GID 3 (0/264A8C0FFFF0000) ctsFifoRkey=0x1b7572 ctsFifoLkey=0x1b7572
spark2:209:239 [0] NCCL INFO NET/IB: ncclIbConnectImpl: IbDev 0 Port 1 qp_num 10351 query_ece={supported=1, vendor_id=0x15b3, options=0x30000002, comp_mask=0x0}
spark2:209:239 [0] NCCL INFO NET/IB: ncclIbSenderQpsCreate: QP created: port=1 dev=0 devName=rocep1s0f1 ndevs=1 nmdevs=1 qp_num=10352 pkey=0 pd=0xf44760041f80 oooRq=0
spark2:209:239 [0] NCCL INFO NET/IB: ncclIbSenderQpsCreate: QP created: port=1 dev=0 devName=rocep1s0f1 ndevs=1 nmdevs=1 qp_num=10353 pkey=0 pd=0xf44760041f80 oooRq=0
spark2:209:239 [0] NCCL INFO NET/IB: ncclIbSenderQpsCreate: QP created: port=1 dev=0 devName=rocep1s0f1 ndevs=1 nmdevs=1 qp_num=10354 pkey=0 pd=0xf44760041f80 oooRq=0
spark2:209:239 [0] NCCL INFO NET/IB: ncclIbSenderQpsCreate: QP created: port=1 dev=0 devName=rocep1s0f1 ndevs=1 nmdevs=1 qp_num=10355 pkey=0 pd=0xf44760041f80 oooRq=0
spark2:209:239 [0] NCCL INFO NET/IB: ncclIbConnectImpl: NCCL Dev 0 IbDev 0 Port 1 qp_num 10352 mtu 5 GID 3 (0/264A8C0FFFF0000) ctsFifoRkey=0x1b6c69 ctsFifoLkey=0x1b6c69
spark2:209:239 [0] NCCL INFO NET/IB: ncclIbConnectImpl: IbDev 0 Port 1 qp_num 10352 query_ece={supported=1, vendor_id=0x15b3, options=0x30000002, comp_mask=0x0}
spark2:209:239 [0] NCCL INFO NET/IB: ncclIbConnectImpl: NCCL Dev 0 IbDev 0 Port 1 qp_num 10353 mtu 5 GID 3 (0/264A8C0FFFF0000) ctsFifoRkey=0x1b6c69 ctsFifoLkey=0x1b6c69
spark2:209:239 [0] NCCL INFO NET/IB: ncclIbConnectImpl: IbDev 0 Port 1 qp_num 10353 query_ece={supported=1, vendor_id=0x15b3, options=0x30000002, comp_mask=0x0}
spark2:209:239 [0] NCCL INFO NET/IB: ncclIbConnectImpl: NCCL Dev 0 IbDev 0 Port 1 qp_num 10354 mtu 5 GID 3 (0/264A8C0FFFF0000) ctsFifoRkey=0x1b6c69 ctsFifoLkey=0x1b6c69
spark2:209:239 [0] NCCL INFO NET/IB: ncclIbConnectImpl: IbDev 0 Port 1 qp_num 10354 query_ece={supported=1, vendor_id=0x15b3, options=0x30000002, comp_mask=0x0}
spark2:209:239 [0] NCCL INFO NET/IB: ncclIbConnectImpl: NCCL Dev 0 IbDev 0 Port 1 qp_num 10355 mtu 5 GID 3 (0/264A8C0FFFF0000) ctsFifoRkey=0x1b6c69 ctsFifoLkey=0x1b6c69
spark2:209:239 [0] NCCL INFO NET/IB: ncclIbConnectImpl: IbDev 0 Port 1 qp_num 10355 query_ece={supported=1, vendor_id=0x15b3, options=0x30000002, comp_mask=0x0}
spark2:209:239 [0] NCCL INFO NET/IB: ncclIbSenderQpsCreate: QP created: port=1 dev=0 devName=rocep1s0f1 ndevs=1 nmdevs=1 qp_num=10356 pkey=0 pd=0xf44760041f80 oooRq=0
spark2:209:239 [0] NCCL INFO NET/IB: ncclIbSenderQpsCreate: QP created: port=1 dev=0 devName=rocep1s0f1 ndevs=1 nmdevs=1 qp_num=10357 pkey=0 pd=0xf44760041f80 oooRq=0
spark2:209:239 [0] NCCL INFO NET/IB: ncclIbSenderQpsCreate: QP created: port=1 dev=0 devName=rocep1s0f1 ndevs=1 nmdevs=1 qp_num=10358 pkey=0 pd=0xf44760041f80 oooRq=0
spark2:209:239 [0] NCCL INFO NET/IB: ncclIbSenderQpsCreate: QP created: port=1 dev=0 devName=rocep1s0f1 ndevs=1 nmdevs=1 qp_num=10359 pkey=0 pd=0xf44760041f80 oooRq=0
spark2:209:239 [0] NCCL INFO NET/IB: ncclIbConnectImpl: NCCL Dev 0 IbDev 0 Port 1 qp_num 10356 mtu 5 GID 3 (0/264A8C0FFFF0000) ctsFifoRkey=0x1b6360 ctsFifoLkey=0x1b6360
spark2:209:239 [0] NCCL INFO NET/IB: ncclIbConnectImpl: IbDev 0 Port 1 qp_num 10356 query_ece={supported=1, vendor_id=0x15b3, options=0x30000002, comp_mask=0x0}
spark2:209:239 [0] NCCL INFO NET/IB: ncclIbConnectImpl: NCCL Dev 0 IbDev 0 Port 1 qp_num 10357 mtu 5 GID 3 (0/264A8C0FFFF0000) ctsFifoRkey=0x1b6360 ctsFifoLkey=0x1b6360
spark2:209:239 [0] NCCL INFO NET/IB: ncclIbConnectImpl: IbDev 0 Port 1 qp_num 10357 query_ece={supported=1, vendor_id=0x15b3, options=0x30000002, comp_mask=0x0}
spark2:209:239 [0] NCCL INFO NET/IB: ncclIbConnectImpl: NCCL Dev 0 IbDev 0 Port 1 qp_num 10358 mtu 5 GID 3 (0/264A8C0FFFF0000) ctsFifoRkey=0x1b6360 ctsFifoLkey=0x1b6360
spark2:209:239 [0] NCCL INFO NET/IB: ncclIbConnectImpl: IbDev 0 Port 1 qp_num 10358 query_ece={supported=1, vendor_id=0x15b3, options=0x30000002, comp_mask=0x0}
spark2:209:239 [0] NCCL INFO NET/IB: ncclIbConnectImpl: NCCL Dev 0 IbDev 0 Port 1 qp_num 10359 mtu 5 GID 3 (0/264A8C0FFFF0000) ctsFifoRkey=0x1b6360 ctsFifoLkey=0x1b6360
spark2:209:239 [0] NCCL INFO NET/IB: ncclIbConnectImpl: IbDev 0 Port 1 qp_num 10359 query_ece={supported=1, vendor_id=0x15b3, options=0x30000002, comp_mask=0x0}
spark2:209:239 [0] NCCL INFO NET/IB: ncclIbSenderQpsCreate: QP created: port=1 dev=0 devName=rocep1s0f1 ndevs=1 nmdevs=1 qp_num=10360 pkey=0 pd=0xf44760041f80 oooRq=0
spark2:209:239 [0] NCCL INFO NET/IB: ncclIbSenderQpsCreate: QP created: port=1 dev=0 devName=rocep1s0f1 ndevs=1 nmdevs=1 qp_num=10361 pkey=0 pd=0xf44760041f80 oooRq=0
spark2:209:239 [0] NCCL INFO NET/IB: ncclIbSenderQpsCreate: QP created: port=1 dev=0 devName=rocep1s0f1 ndevs=1 nmdevs=1 qp_num=10362 pkey=0 pd=0xf44760041f80 oooRq=0
spark2:209:239 [0] NCCL INFO NET/IB: ncclIbSenderQpsCreate: QP created: port=1 dev=0 devName=rocep1s0f1 ndevs=1 nmdevs=1 qp_num=10363 pkey=0 pd=0xf44760041f80 oooRq=0
spark2:209:239 [0] NCCL INFO NET/IB: ncclIbConnectImpl: NCCL Dev 0 IbDev 0 Port 1 qp_num 10360 mtu 5 GID 3 (0/264A8C0FFFF0000) ctsFifoRkey=0x1b5956 ctsFifoLkey=0x1b5956
spark2:209:239 [0] NCCL INFO NET/IB: ncclIbConnectImpl: IbDev 0 Port 1 qp_num 10360 query_ece={supported=1, vendor_id=0x15b3, options=0x30000002, comp_mask=0x0}
spark2:209:239 [0] NCCL INFO NET/IB: ncclIbConnectImpl: NCCL Dev 0 IbDev 0 Port 1 qp_num 10361 mtu 5 GID 3 (0/264A8C0FFFF0000) ctsFifoRkey=0x1b5956 ctsFifoLkey=0x1b5956
spark2:209:239 [0] NCCL INFO NET/IB: ncclIbConnectImpl: IbDev 0 Port 1 qp_num 10361 query_ece={supported=1, vendor_id=0x15b3, options=0x30000002, comp_mask=0x0}
spark2:209:239 [0] NCCL INFO NET/IB: ncclIbConnectImpl: NCCL Dev 0 IbDev 0 Port 1 qp_num 10362 mtu 5 GID 3 (0/264A8C0FFFF0000) ctsFifoRkey=0x1b5956 ctsFifoLkey=0x1b5956
spark2:209:239 [0] NCCL INFO NET/IB: ncclIbConnectImpl: IbDev 0 Port 1 qp_num 10362 query_ece={supported=1, vendor_id=0x15b3, options=0x30000002, comp_mask=0x0}
spark2:209:239 [0] NCCL INFO NET/IB: ncclIbConnectImpl: NCCL Dev 0 IbDev 0 Port 1 qp_num 10363 mtu 5 GID 3 (0/264A8C0FFFF0000) ctsFifoRkey=0x1b5956 ctsFifoLkey=0x1b5956
spark2:209:239 [0] NCCL INFO NET/IB: ncclIbConnectImpl: IbDev 0 Port 1 qp_num 10363 query_ece={supported=1, vendor_id=0x15b3, options=0x30000002, comp_mask=0x0}
spark2:209:239 [0] NCCL INFO NET/IB: ncclIbSenderQpsCreate: QP created: port=1 dev=0 devName=rocep1s0f1 ndevs=1 nmdevs=1 qp_num=10364 pkey=0 pd=0xf44760041f80 oooRq=0
spark2:209:239 [0] NCCL INFO NET/IB: ncclIbSenderQpsCreate: QP created: port=1 dev=0 devName=rocep1s0f1 ndevs=1 nmdevs=1 qp_num=10365 pkey=0 pd=0xf44760041f80 oooRq=0
spark2:209:239 [0] NCCL INFO NET/IB: ncclIbSenderQpsCreate: QP created: port=1 dev=0 devName=rocep1s0f1 ndevs=1 nmdevs=1 qp_num=10366 pkey=0 pd=0xf44760041f80 oooRq=0
spark2:209:239 [0] NCCL INFO NET/IB: ncclIbSenderQpsCreate: QP created: port=1 dev=0 devName=rocep1s0f1 ndevs=1 nmdevs=1 qp_num=10367 pkey=0 pd=0xf44760041f80 oooRq=0
spark2:209:239 [0] NCCL INFO NET/IB: ncclIbConnectImpl: NCCL Dev 0 IbDev 0 Port 1 qp_num 10364 mtu 5 GID 3 (0/264A8C0FFFF0000) ctsFifoRkey=0x1b4f4c ctsFifoLkey=0x1b4f4c
spark2:209:239 [0] NCCL INFO NET/IB: ncclIbConnectImpl: IbDev 0 Port 1 qp_num 10364 query_ece={supported=1, vendor_id=0x15b3, options=0x30000002, comp_mask=0x0}
spark2:209:239 [0] NCCL INFO NET/IB: ncclIbConnectImpl: NCCL Dev 0 IbDev 0 Port 1 qp_num 10365 mtu 5 GID 3 (0/264A8C0FFFF0000) ctsFifoRkey=0x1b4f4c ctsFifoLkey=0x1b4f4c
spark2:209:239 [0] NCCL INFO NET/IB: ncclIbConnectImpl: IbDev 0 Port 1 qp_num 10365 query_ece={supported=1, vendor_id=0x15b3, options=0x30000002, comp_mask=0x0}
spark2:209:239 [0] NCCL INFO NET/IB: ncclIbConnectImpl: NCCL Dev 0 IbDev 0 Port 1 qp_num 10366 mtu 5 GID 3 (0/264A8C0FFFF0000) ctsFifoRkey=0x1b4f4c ctsFifoLkey=0x1b4f4c
spark2:209:239 [0] NCCL INFO NET/IB: ncclIbConnectImpl: IbDev 0 Port 1 qp_num 10366 query_ece={supported=1, vendor_id=0x15b3, options=0x30000002, comp_mask=0x0}
spark2:209:239 [0] NCCL INFO NET/IB: ncclIbConnectImpl: NCCL Dev 0 IbDev 0 Port 1 qp_num 10367 mtu 5 GID 3 (0/264A8C0FFFF0000) ctsFifoRkey=0x1b4f4c ctsFifoLkey=0x1b4f4c
spark2:209:239 [0] NCCL INFO NET/IB: ncclIbConnectImpl: IbDev 0 Port 1 qp_num 10367 query_ece={supported=1, vendor_id=0x15b3, options=0x30000002, comp_mask=0x0}
spark2:209:239 [0] NCCL INFO NET/IB: ncclIbSenderQpsCreate: QP created: port=1 dev=0 devName=rocep1s0f1 ndevs=1 nmdevs=1 qp_num=10368 pkey=0 pd=0xf44760041f80 oooRq=0
spark2:209:239 [0] NCCL INFO NET/IB: ncclIbSenderQpsCreate: QP created: port=1 dev=0 devName=rocep1s0f1 ndevs=1 nmdevs=1 qp_num=10369 pkey=0 pd=0xf44760041f80 oooRq=0
spark2:209:239 [0] NCCL INFO NET/IB: ncclIbSenderQpsCreate: QP created: port=1 dev=0 devName=rocep1s0f1 ndevs=1 nmdevs=1 qp_num=10370 pkey=0 pd=0xf44760041f80 oooRq=0
spark2:209:239 [0] NCCL INFO NET/IB: ncclIbSenderQpsCreate: QP created: port=1 dev=0 devName=rocep1s0f1 ndevs=1 nmdevs=1 qp_num=10371 pkey=0 pd=0xf44760041f80 oooRq=0
spark2:209:239 [0] NCCL INFO NET/IB: ncclIbConnectImpl: NCCL Dev 0 IbDev 0 Port 1 qp_num 10368 mtu 5 GID 3 (0/264A8C0FFFF0000) ctsFifoRkey=0x1b4643 ctsFifoLkey=0x1b4643
spark2:209:239 [0] NCCL INFO NET/IB: ncclIbConnectImpl: IbDev 0 Port 1 qp_num 10368 query_ece={supported=1, vendor_id=0x15b3, options=0x30000002, comp_mask=0x0}
spark2:209:239 [0] NCCL INFO NET/IB: ncclIbConnectImpl: NCCL Dev 0 IbDev 0 Port 1 qp_num 10369 mtu 5 GID 3 (0/264A8C0FFFF0000) ctsFifoRkey=0x1b4643 ctsFifoLkey=0x1b4643
spark2:209:239 [0] NCCL INFO NET/IB: ncclIbConnectImpl: IbDev 0 Port 1 qp_num 10369 query_ece={supported=1, vendor_id=0x15b3, options=0x30000002, comp_mask=0x0}
spark2:209:239 [0] NCCL INFO NET/IB: ncclIbConnectImpl: NCCL Dev 0 IbDev 0 Port 1 qp_num 10370 mtu 5 GID 3 (0/264A8C0FFFF0000) ctsFifoRkey=0x1b4643 ctsFifoLkey=0x1b4643
spark2:209:239 [0] NCCL INFO NET/IB: ncclIbConnectImpl: IbDev 0 Port 1 qp_num 10370 query_ece={supported=1, vendor_id=0x15b3, options=0x30000002, comp_mask=0x0}
spark2:209:239 [0] NCCL INFO NET/IB: ncclIbConnectImpl: NCCL Dev 0 IbDev 0 Port 1 qp_num 10371 mtu 5 GID 3 (0/264A8C0FFFF0000) ctsFifoRkey=0x1b4643 ctsFifoLkey=0x1b4643
spark2:209:239 [0] NCCL INFO NET/IB: ncclIbConnectImpl: IbDev 0 Port 1 qp_num 10371 query_ece={supported=1, vendor_id=0x15b3, options=0x30000002, comp_mask=0x0}
spark2:209:239 [0] NCCL INFO NET/IB: ncclIbSenderQpsCreate: QP created: port=1 dev=0 devName=rocep1s0f1 ndevs=1 nmdevs=1 qp_num=10372 pkey=0 pd=0xf44760041f80 oooRq=0
spark2:209:239 [0] NCCL INFO NET/IB: ncclIbSenderQpsCreate: QP created: port=1 dev=0 devName=rocep1s0f1 ndevs=1 nmdevs=1 qp_num=10373 pkey=0 pd=0xf44760041f80 oooRq=0
spark2:209:239 [0] NCCL INFO NET/IB: ncclIbSenderQpsCreate: QP created: port=1 dev=0 devName=rocep1s0f1 ndevs=1 nmdevs=1 qp_num=10374 pkey=0 pd=0xf44760041f80 oooRq=0
spark2:209:239 [0] NCCL INFO NET/IB: ncclIbSenderQpsCreate: QP created: port=1 dev=0 devName=rocep1s0f1 ndevs=1 nmdevs=1 qp_num=10375 pkey=0 pd=0xf44760041f80 oooRq=0
spark2:209:239 [0] NCCL INFO NET/IB: ncclIbConnectImpl: NCCL Dev 0 IbDev 0 Port 1 qp_num 10372 mtu 5 GID 3 (0/264A8C0FFFF0000) ctsFifoRkey=0x1b3c35 ctsFifoLkey=0x1b3c35
spark2:209:239 [0] NCCL INFO NET/IB: ncclIbConnectImpl: IbDev 0 Port 1 qp_num 10372 query_ece={supported=1, vendor_id=0x15b3, options=0x30000002, comp_mask=0x0}
spark2:209:239 [0] NCCL INFO NET/IB: ncclIbConnectImpl: NCCL Dev 0 IbDev 0 Port 1 qp_num 10373 mtu 5 GID 3 (0/264A8C0FFFF0000) ctsFifoRkey=0x1b3c35 ctsFifoLkey=0x1b3c35
spark2:209:239 [0] NCCL INFO NET/IB: ncclIbConnectImpl: IbDev 0 Port 1 qp_num 10373 query_ece={supported=1, vendor_id=0x15b3, options=0x30000002, comp_mask=0x0}
spark2:209:239 [0] NCCL INFO NET/IB: ncclIbConnectImpl: NCCL Dev 0 IbDev 0 Port 1 qp_num 10374 mtu 5 GID 3 (0/264A8C0FFFF0000) ctsFifoRkey=0x1b3c35 ctsFifoLkey=0x1b3c35
spark2:209:239 [0] NCCL INFO NET/IB: ncclIbConnectImpl: IbDev 0 Port 1 qp_num 10374 query_ece={supported=1, vendor_id=0x15b3, options=0x30000002, comp_mask=0x0}
spark2:209:239 [0] NCCL INFO NET/IB: ncclIbConnectImpl: NCCL Dev 0 IbDev 0 Port 1 qp_num 10375 mtu 5 GID 3 (0/264A8C0FFFF0000) ctsFifoRkey=0x1b3c35 ctsFifoLkey=0x1b3c35
spark2:209:239 [0] NCCL INFO NET/IB: ncclIbConnectImpl: IbDev 0 Port 1 qp_num 10375 query_ece={supported=1, vendor_id=0x15b3, options=0x30000002, comp_mask=0x0}
spark2:209:239 [0] NCCL INFO NET/IB: ncclIbSenderQpsCreate: QP created: port=1 dev=0 devName=rocep1s0f1 ndevs=1 nmdevs=1 qp_num=10376 pkey=0 pd=0xf44760041f80 oooRq=0
spark2:209:239 [0] NCCL INFO NET/IB: ncclIbSenderQpsCreate: QP created: port=1 dev=0 devName=rocep1s0f1 ndevs=1 nmdevs=1 qp_num=10377 pkey=0 pd=0xf44760041f80 oooRq=0
spark2:209:239 [0] NCCL INFO NET/IB: ncclIbSenderQpsCreate: QP created: port=1 dev=0 devName=rocep1s0f1 ndevs=1 nmdevs=1 qp_num=10378 pkey=0 pd=0xf44760041f80 oooRq=0
spark2:209:239 [0] NCCL INFO NET/IB: ncclIbSenderQpsCreate: QP created: port=1 dev=0 devName=rocep1s0f1 ndevs=1 nmdevs=1 qp_num=10379 pkey=0 pd=0xf44760041f80 oooRq=0
spark2:209:239 [0] NCCL INFO NET/IB: ncclIbConnectImpl: NCCL Dev 0 IbDev 0 Port 1 qp_num 10376 mtu 5 GID 3 (0/264A8C0FFFF0000) ctsFifoRkey=0x1b2d2a ctsFifoLkey=0x1b2d2a
spark2:209:239 [0] NCCL INFO NET/IB: ncclIbConnectImpl: IbDev 0 Port 1 qp_num 10376 query_ece={supported=1, vendor_id=0x15b3, options=0x30000002, comp_mask=0x0}
spark2:209:239 [0] NCCL INFO NET/IB: ncclIbConnectImpl: NCCL Dev 0 IbDev 0 Port 1 qp_num 10377 mtu 5 GID 3 (0/264A8C0FFFF0000) ctsFifoRkey=0x1b2d2a ctsFifoLkey=0x1b2d2a
spark2:209:239 [0] NCCL INFO NET/IB: ncclIbConnectImpl: IbDev 0 Port 1 qp_num 10377 query_ece={supported=1, vendor_id=0x15b3, options=0x30000002, comp_mask=0x0}
spark2:209:239 [0] NCCL INFO NET/IB: ncclIbConnectImpl: NCCL Dev 0 IbDev 0 Port 1 qp_num 10378 mtu 5 GID 3 (0/264A8C0FFFF0000) ctsFifoRkey=0x1b2d2a ctsFifoLkey=0x1b2d2a
spark2:209:239 [0] NCCL INFO NET/IB: ncclIbConnectImpl: IbDev 0 Port 1 qp_num 10378 query_ece={supported=1, vendor_id=0x15b3, options=0x30000002, comp_mask=0x0}
spark2:209:239 [0] NCCL INFO NET/IB: ncclIbConnectImpl: NCCL Dev 0 IbDev 0 Port 1 qp_num 10379 mtu 5 GID 3 (0/264A8C0FFFF0000) ctsFifoRkey=0x1b2d2a ctsFifoLkey=0x1b2d2a
spark2:209:239 [0] NCCL INFO NET/IB: ncclIbConnectImpl: IbDev 0 Port 1 qp_num 10379 query_ece={supported=1, vendor_id=0x15b3, options=0x30000002, comp_mask=0x0}
spark2:209:239 [0] NCCL INFO NET/IB: ncclIbSenderQpsCreate: QP created: port=1 dev=0 devName=rocep1s0f1 ndevs=1 nmdevs=1 qp_num=10380 pkey=0 pd=0xf44760041f80 oooRq=0
spark2:209:239 [0] NCCL INFO NET/IB: ncclIbSenderQpsCreate: QP created: port=1 dev=0 devName=rocep1s0f1 ndevs=1 nmdevs=1 qp_num=10381 pkey=0 pd=0xf44760041f80 oooRq=0
spark2:209:239 [0] NCCL INFO NET/IB: ncclIbSenderQpsCreate: QP created: port=1 dev=0 devName=rocep1s0f1 ndevs=1 nmdevs=1 qp_num=10382 pkey=0 pd=0xf44760041f80 oooRq=0
spark2:209:239 [0] NCCL INFO NET/IB: ncclIbSenderQpsCreate: QP created: port=1 dev=0 devName=rocep1s0f1 ndevs=1 nmdevs=1 qp_num=10383 pkey=0 pd=0xf44760041f80 oooRq=0
spark2:209:239 [0] NCCL INFO NET/IB: ncclIbConnectImpl: NCCL Dev 0 IbDev 0 Port 1 qp_num 10380 mtu 5 GID 3 (0/264A8C0FFFF0000) ctsFifoRkey=0x1b211e ctsFifoLkey=0x1b211e
spark2:209:239 [0] NCCL INFO NET/IB: ncclIbConnectImpl: IbDev 0 Port 1 qp_num 10380 query_ece={supported=1, vendor_id=0x15b3, options=0x30000002, comp_mask=0x0}
spark2:209:239 [0] NCCL INFO NET/IB: ncclIbConnectImpl: NCCL Dev 0 IbDev 0 Port 1 qp_num 10381 mtu 5 GID 3 (0/264A8C0FFFF0000) ctsFifoRkey=0x1b211e ctsFifoLkey=0x1b211e
spark2:209:239 [0] NCCL INFO NET/IB: ncclIbConnectImpl: IbDev 0 Port 1 qp_num 10381 query_ece={supported=1, vendor_id=0x15b3, options=0x30000002, comp_mask=0x0}
spark2:209:239 [0] NCCL INFO NET/IB: ncclIbConnectImpl: NCCL Dev 0 IbDev 0 Port 1 qp_num 10382 mtu 5 GID 3 (0/264A8C0FFFF0000) ctsFifoRkey=0x1b211e ctsFifoLkey=0x1b211e
spark2:209:239 [0] NCCL INFO NET/IB: ncclIbConnectImpl: IbDev 0 Port 1 qp_num 10382 query_ece={supported=1, vendor_id=0x15b3, options=0x30000002, comp_mask=0x0}
spark2:209:239 [0] NCCL INFO NET/IB: ncclIbConnectImpl: NCCL Dev 0 IbDev 0 Port 1 qp_num 10383 mtu 5 GID 3 (0/264A8C0FFFF0000) ctsFifoRkey=0x1b211e ctsFifoLkey=0x1b211e
spark2:209:239 [0] NCCL INFO NET/IB: ncclIbConnectImpl: IbDev 0 Port 1 qp_num 10383 query_ece={supported=1, vendor_id=0x15b3, options=0x30000002, comp_mask=0x0}
spark2:209:239 [0] NCCL INFO NET/IB: ncclIbSenderQpsCreate: QP created: port=1 dev=0 devName=rocep1s0f1 ndevs=1 nmdevs=1 qp_num=10384 pkey=0 pd=0xf44760041f80 oooRq=0
spark2:209:239 [0] NCCL INFO NET/IB: ncclIbSenderQpsCreate: QP created: port=1 dev=0 devName=rocep1s0f1 ndevs=1 nmdevs=1 qp_num=10385 pkey=0 pd=0xf44760041f80 oooRq=0
spark2:209:239 [0] NCCL INFO NET/IB: ncclIbSenderQpsCreate: QP created: port=1 dev=0 devName=rocep1s0f1 ndevs=1 nmdevs=1 qp_num=10386 pkey=0 pd=0xf44760041f80 oooRq=0
spark2:209:239 [0] NCCL INFO NET/IB: ncclIbSenderQpsCreate: QP created: port=1 dev=0 devName=rocep1s0f1 ndevs=1 nmdevs=1 qp_num=10387 pkey=0 pd=0xf44760041f80 oooRq=0
spark2:209:239 [0] NCCL INFO NET/IB: ncclIbConnectImpl: NCCL Dev 0 IbDev 0 Port 1 qp_num 10384 mtu 5 GID 3 (0/264A8C0FFFF0000) ctsFifoRkey=0x1b1513 ctsFifoLkey=0x1b1513
spark2:209:239 [0] NCCL INFO NET/IB: ncclIbConnectImpl: IbDev 0 Port 1 qp_num 10384 query_ece={supported=1, vendor_id=0x15b3, options=0x30000002, comp_mask=0x0}
spark2:209:239 [0] NCCL INFO NET/IB: ncclIbConnectImpl: NCCL Dev 0 IbDev 0 Port 1 qp_num 10385 mtu 5 GID 3 (0/264A8C0FFFF0000) ctsFifoRkey=0x1b1513 ctsFifoLkey=0x1b1513
spark2:209:239 [0] NCCL INFO NET/IB: ncclIbConnectImpl: IbDev 0 Port 1 qp_num 10385 query_ece={supported=1, vendor_id=0x15b3, options=0x30000002, comp_mask=0x0}
spark2:209:239 [0] NCCL INFO NET/IB: ncclIbConnectImpl: NCCL Dev 0 IbDev 0 Port 1 qp_num 10386 mtu 5 GID 3 (0/264A8C0FFFF0000) ctsFifoRkey=0x1b1513 ctsFifoLkey=0x1b1513
spark2:209:239 [0] NCCL INFO NET/IB: ncclIbConnectImpl: IbDev 0 Port 1 qp_num 10386 query_ece={supported=1, vendor_id=0x15b3, options=0x30000002, comp_mask=0x0}
spark2:209:239 [0] NCCL INFO NET/IB: ncclIbConnectImpl: NCCL Dev 0 IbDev 0 Port 1 qp_num 10387 mtu 5 GID 3 (0/264A8C0FFFF0000) ctsFifoRkey=0x1b1513 ctsFifoLkey=0x1b1513
spark2:209:239 [0] NCCL INFO NET/IB: ncclIbConnectImpl: IbDev 0 Port 1 qp_num 10387 query_ece={supported=1, vendor_id=0x15b3, options=0x30000002, comp_mask=0x0}
spark2:209:239 [0] NCCL INFO NET/IB: ncclIbSenderQpsCreate: QP created: port=1 dev=0 devName=rocep1s0f1 ndevs=1 nmdevs=1 qp_num=10388 pkey=0 pd=0xf44760041f80 oooRq=0
spark2:209:239 [0] NCCL INFO NET/IB: ncclIbSenderQpsCreate: QP created: port=1 dev=0 devName=rocep1s0f1 ndevs=1 nmdevs=1 qp_num=10389 pkey=0 pd=0xf44760041f80 oooRq=0
spark2:209:239 [0] NCCL INFO NET/IB: ncclIbSenderQpsCreate: QP created: port=1 dev=0 devName=rocep1s0f1 ndevs=1 nmdevs=1 qp_num=10390 pkey=0 pd=0xf44760041f80 oooRq=0
spark2:209:239 [0] NCCL INFO NET/IB: ncclIbSenderQpsCreate: QP created: port=1 dev=0 devName=rocep1s0f1 ndevs=1 nmdevs=1 qp_num=10391 pkey=0 pd=0xf44760041f80 oooRq=0
spark2:209:239 [0] NCCL INFO NET/IB: ncclIbConnectImpl: NCCL Dev 0 IbDev 0 Port 1 qp_num 10388 mtu 5 GID 3 (0/264A8C0FFFF0000) ctsFifoRkey=0x2305ee ctsFifoLkey=0x2305ee
spark2:209:239 [0] NCCL INFO NET/IB: ncclIbConnectImpl: IbDev 0 Port 1 qp_num 10388 query_ece={supported=1, vendor_id=0x15b3, options=0x30000002, comp_mask=0x0}
spark2:209:239 [0] NCCL INFO NET/IB: ncclIbConnectImpl: NCCL Dev 0 IbDev 0 Port 1 qp_num 10389 mtu 5 GID 3 (0/264A8C0FFFF0000) ctsFifoRkey=0x2305ee ctsFifoLkey=0x2305ee
spark2:209:239 [0] NCCL INFO NET/IB: ncclIbConnectImpl: IbDev 0 Port 1 qp_num 10389 query_ece={supported=1, vendor_id=0x15b3, options=0x30000002, comp_mask=0x0}
spark2:209:239 [0] NCCL INFO NET/IB: ncclIbConnectImpl: NCCL Dev 0 IbDev 0 Port 1 qp_num 10390 mtu 5 GID 3 (0/264A8C0FFFF0000) ctsFifoRkey=0x2305ee ctsFifoLkey=0x2305ee
spark2:209:239 [0] NCCL INFO NET/IB: ncclIbConnectImpl: IbDev 0 Port 1 qp_num 10390 query_ece={supported=1, vendor_id=0x15b3, options=0x30000002, comp_mask=0x0}
spark2:209:239 [0] NCCL INFO NET/IB: ncclIbConnectImpl: NCCL Dev 0 IbDev 0 Port 1 qp_num 10391 mtu 5 GID 3 (0/264A8C0FFFF0000) ctsFifoRkey=0x2305ee ctsFifoLkey=0x2305ee
spark2:209:239 [0] NCCL INFO NET/IB: ncclIbConnectImpl: IbDev 0 Port 1 qp_num 10391 query_ece={supported=1, vendor_id=0x15b3, options=0x30000002, comp_mask=0x0}
spark2:209:239 [0] NCCL INFO NET/IB: ncclIbSenderQpsCreate: QP created: port=1 dev=0 devName=rocep1s0f1 ndevs=1 nmdevs=1 qp_num=10392 pkey=0 pd=0xf44760041f80 oooRq=0
spark2:209:239 [0] NCCL INFO NET/IB: ncclIbSenderQpsCreate: QP created: port=1 dev=0 devName=rocep1s0f1 ndevs=1 nmdevs=1 qp_num=10393 pkey=0 pd=0xf44760041f80 oooRq=0
spark2:209:239 [0] NCCL INFO NET/IB: ncclIbSenderQpsCreate: QP created: port=1 dev=0 devName=rocep1s0f1 ndevs=1 nmdevs=1 qp_num=10394 pkey=0 pd=0xf44760041f80 oooRq=0
spark2:209:239 [0] NCCL INFO NET/IB: ncclIbSenderQpsCreate: QP created: port=1 dev=0 devName=rocep1s0f1 ndevs=1 nmdevs=1 qp_num=10395 pkey=0 pd=0xf44760041f80 oooRq=0
spark2:209:239 [0] NCCL INFO NET/IB: ncclIbConnectImpl: NCCL Dev 0 IbDev 0 Port 1 qp_num 10392 mtu 5 GID 3 (0/264A8C0FFFF0000) ctsFifoRkey=0x2306ef ctsFifoLkey=0x2306ef
spark2:209:239 [0] NCCL INFO NET/IB: ncclIbConnectImpl: IbDev 0 Port 1 qp_num 10392 query_ece={supported=1, vendor_id=0x15b3, options=0x30000002, comp_mask=0x0}
spark2:209:239 [0] NCCL INFO NET/IB: ncclIbConnectImpl: NCCL Dev 0 IbDev 0 Port 1 qp_num 10393 mtu 5 GID 3 (0/264A8C0FFFF0000) ctsFifoRkey=0x2306ef ctsFifoLkey=0x2306ef
spark2:209:239 [0] NCCL INFO NET/IB: ncclIbConnectImpl: IbDev 0 Port 1 qp_num 10393 query_ece={supported=1, vendor_id=0x15b3, options=0x30000002, comp_mask=0x0}
spark2:209:239 [0] NCCL INFO NET/IB: ncclIbConnectImpl: NCCL Dev 0 IbDev 0 Port 1 qp_num 10394 mtu 5 GID 3 (0/264A8C0FFFF0000) ctsFifoRkey=0x2306ef ctsFifoLkey=0x2306ef
spark2:209:239 [0] NCCL INFO NET/IB: ncclIbConnectImpl: IbDev 0 Port 1 qp_num 10394 query_ece={supported=1, vendor_id=0x15b3, options=0x30000002, comp_mask=0x0}
spark2:209:239 [0] NCCL INFO NET/IB: ncclIbConnectImpl: NCCL Dev 0 IbDev 0 Port 1 qp_num 10395 mtu 5 GID 3 (0/264A8C0FFFF0000) ctsFifoRkey=0x2306ef ctsFifoLkey=0x2306ef
spark2:209:239 [0] NCCL INFO NET/IB: ncclIbConnectImpl: IbDev 0 Port 1 qp_num 10395 query_ece={supported=1, vendor_id=0x15b3, options=0x30000002, comp_mask=0x0}
spark2:209:239 [0] NCCL INFO NET/IB: ncclIbSenderQpsToRts: Set ECE: IbDev 0 Port 1 qp_num 10328 set_ece={supported=1, vendor_id=0x15b3, options=0x30000002, comp_mask=0x0}
spark2:209:239 [0] NCCL INFO NET/IB: ncclIbSenderQpsToRts: Set ECE: IbDev 0 Port 1 qp_num 10329 set_ece={supported=1, vendor_id=0x15b3, options=0x30000002, comp_mask=0x0}
spark2:209:239 [0] NCCL INFO NET/IB: ncclIbSenderQpsToRts: Set ECE: IbDev 0 Port 1 qp_num 10330 set_ece={supported=1, vendor_id=0x15b3, options=0x30000002, comp_mask=0x0}
spark2:209:239 [0] NCCL INFO NET/IB: ncclIbSenderQpsToRts: Set ECE: IbDev 0 Port 1 qp_num 10331 set_ece={supported=1, vendor_id=0x15b3, options=0x30000002, comp_mask=0x0}
spark2:209:239 [0] NCCL INFO NET/IB: ncclIbReceiverQpsCreateToRts: QP created: port=1 dev=0 devName=rocep1s0f1 ndevs=1 nmdevs=1 qp_num=10396 pkey=0 pd=0xf44760041f80 oooRq=0
spark2:209:239 [0] NCCL INFO NET/IB: ncclIbReceiverQpsCreateToRts: QP created: port=1 dev=0 devName=rocep1s0f1 ndevs=1 nmdevs=1 qp_num=10397 pkey=0 pd=0xf44760041f80 oooRq=0
spark2:209:239 [0] NCCL INFO NET/IB: ncclIbReceiverQpsCreateToRts: QP created: port=1 dev=0 devName=rocep1s0f1 ndevs=1 nmdevs=1 qp_num=10398 pkey=0 pd=0xf44760041f80 oooRq=0
spark2:209:239 [0] NCCL INFO NET/IB: ncclIbReceiverQpsCreateToRts: QP created: port=1 dev=0 devName=rocep1s0f1 ndevs=1 nmdevs=1 qp_num=10399 pkey=0 pd=0xf44760041f80 oooRq=0
spark2:209:239 [0] NCCL INFO NET/IB: ncclIbReceiverQpsCreateToRts: Flush QP created: port=1 dev=0 devName=rocep1s0f1 ndevs=1 nmdevs=1 qp_num=10400 pkey=0 pd=0xf44760041f80
spark2:209:239 [0] NCCL INFO NET/IB: ncclIbSenderQpsToRts: Set ECE: IbDev 0 Port 1 qp_num 10332 set_ece={supported=1, vendor_id=0x15b3, options=0x30000002, comp_mask=0x0}
spark2:209:239 [0] NCCL INFO NET/IB: ncclIbSenderQpsToRts: Set ECE: IbDev 0 Port 1 qp_num 10333 set_ece={supported=1, vendor_id=0x15b3, options=0x30000002, comp_mask=0x0}
spark2:209:239 [0] NCCL INFO NET/IB: ncclIbSenderQpsToRts: Set ECE: IbDev 0 Port 1 qp_num 10334 set_ece={supported=1, vendor_id=0x15b3, options=0x30000002, comp_mask=0x0}
spark2:209:239 [0] NCCL INFO NET/IB: ncclIbSenderQpsToRts: Set ECE: IbDev 0 Port 1 qp_num 10335 set_ece={supported=1, vendor_id=0x15b3, options=0x30000002, comp_mask=0x0}
spark2:209:239 [0] NCCL INFO NET/IB: ncclIbReceiverQpsCreateToRts: QP created: port=1 dev=0 devName=rocep1s0f1 ndevs=1 nmdevs=1 qp_num=10401 pkey=0 pd=0xf44760041f80 oooRq=0
spark2:209:239 [0] NCCL INFO NET/IB: ncclIbReceiverQpsCreateToRts: QP created: port=1 dev=0 devName=rocep1s0f1 ndevs=1 nmdevs=1 qp_num=10402 pkey=0 pd=0xf44760041f80 oooRq=0
spark2:209:239 [0] NCCL INFO NET/IB: ncclIbReceiverQpsCreateToRts: QP created: port=1 dev=0 devName=rocep1s0f1 ndevs=1 nmdevs=1 qp_num=10403 pkey=0 pd=0xf44760041f80 oooRq=0
spark2:209:239 [0] NCCL INFO NET/IB: ncclIbReceiverQpsCreateToRts: QP created: port=1 dev=0 devName=rocep1s0f1 ndevs=1 nmdevs=1 qp_num=10404 pkey=0 pd=0xf44760041f80 oooRq=0
spark2:209:239 [0] NCCL INFO NET/IB: ncclIbReceiverQpsCreateToRts: Flush QP created: port=1 dev=0 devName=rocep1s0f1 ndevs=1 nmdevs=1 qp_num=10405 pkey=0 pd=0xf44760041f80
spark2:209:239 [0] NCCL INFO NET/IB: ncclIbSenderQpsToRts: Set ECE: IbDev 0 Port 1 qp_num 10336 set_ece={supported=1, vendor_id=0x15b3, options=0x30000002, comp_mask=0x0}
spark2:209:239 [0] NCCL INFO NET/IB: ncclIbSenderQpsToRts: Set ECE: IbDev 0 Port 1 qp_num 10337 set_ece={supported=1, vendor_id=0x15b3, options=0x30000002, comp_mask=0x0}
spark2:209:239 [0] NCCL INFO NET/IB: ncclIbSenderQpsToRts: Set ECE: IbDev 0 Port 1 qp_num 10338 set_ece={supported=1, vendor_id=0x15b3, options=0x30000002, comp_mask=0x0}
spark2:209:239 [0] NCCL INFO NET/IB: ncclIbSenderQpsToRts: Set ECE: IbDev 0 Port 1 qp_num 10339 set_ece={supported=1, vendor_id=0x15b3, options=0x30000002, comp_mask=0x0}
spark2:209:239 [0] NCCL INFO NET/IB: ncclIbReceiverQpsCreateToRts: QP created: port=1 dev=0 devName=rocep1s0f1 ndevs=1 nmdevs=1 qp_num=10406 pkey=0 pd=0xf44760041f80 oooRq=0
spark2:209:239 [0] NCCL INFO NET/IB: ncclIbReceiverQpsCreateToRts: QP created: port=1 dev=0 devName=rocep1s0f1 ndevs=1 nmdevs=1 qp_num=10407 pkey=0 pd=0xf44760041f80 oooRq=0
spark2:209:239 [0] NCCL INFO NET/IB: ncclIbReceiverQpsCreateToRts: QP created: port=1 dev=0 devName=rocep1s0f1 ndevs=1 nmdevs=1 qp_num=10408 pkey=0 pd=0xf44760041f80 oooRq=0
spark2:209:239 [0] NCCL INFO NET/IB: ncclIbReceiverQpsCreateToRts: QP created: port=1 dev=0 devName=rocep1s0f1 ndevs=1 nmdevs=1 qp_num=10409 pkey=0 pd=0xf44760041f80 oooRq=0
spark2:209:239 [0] NCCL INFO NET/IB: ncclIbReceiverQpsCreateToRts: Flush QP created: port=1 dev=0 devName=rocep1s0f1 ndevs=1 nmdevs=1 qp_num=10410 pkey=0 pd=0xf44760041f80
spark2:209:239 [0] NCCL INFO NET/IB: ncclIbSenderQpsToRts: Set ECE: IbDev 0 Port 1 qp_num 10340 set_ece={supported=1, vendor_id=0x15b3, options=0x30000002, comp_mask=0x0}
spark2:209:239 [0] NCCL INFO NET/IB: ncclIbSenderQpsToRts: Set ECE: IbDev 0 Port 1 qp_num 10341 set_ece={supported=1, vendor_id=0x15b3, options=0x30000002, comp_mask=0x0}
spark2:209:239 [0] NCCL INFO NET/IB: ncclIbSenderQpsToRts: Set ECE: IbDev 0 Port 1 qp_num 10342 set_ece={supported=1, vendor_id=0x15b3, options=0x30000002, comp_mask=0x0}
spark2:209:239 [0] NCCL INFO NET/IB: ncclIbSenderQpsToRts: Set ECE: IbDev 0 Port 1 qp_num 10343 set_ece={supported=1, vendor_id=0x15b3, options=0x30000002, comp_mask=0x0}
spark2:209:239 [0] NCCL INFO NET/IB: ncclIbReceiverQpsCreateToRts: QP created: port=1 dev=0 devName=rocep1s0f1 ndevs=1 nmdevs=1 qp_num=10411 pkey=0 pd=0xf44760041f80 oooRq=0
spark2:209:239 [0] NCCL INFO NET/IB: ncclIbReceiverQpsCreateToRts: QP created: port=1 dev=0 devName=rocep1s0f1 ndevs=1 nmdevs=1 qp_num=10412 pkey=0 pd=0xf44760041f80 oooRq=0
spark2:209:239 [0] NCCL INFO NET/IB: ncclIbReceiverQpsCreateToRts: QP created: port=1 dev=0 devName=rocep1s0f1 ndevs=1 nmdevs=1 qp_num=10413 pkey=0 pd=0xf44760041f80 oooRq=0
spark2:209:239 [0] NCCL INFO NET/IB: ncclIbReceiverQpsCreateToRts: QP created: port=1 dev=0 devName=rocep1s0f1 ndevs=1 nmdevs=1 qp_num=10414 pkey=0 pd=0xf44760041f80 oooRq=0
spark2:209:239 [0] NCCL INFO NET/IB: ncclIbReceiverQpsCreateToRts: Flush QP created: port=1 dev=0 devName=rocep1s0f1 ndevs=1 nmdevs=1 qp_num=10415 pkey=0 pd=0xf44760041f80
spark2:209:239 [0] NCCL INFO NET/IB: ncclIbSenderQpsToRts: Set ECE: IbDev 0 Port 1 qp_num 10344 set_ece={supported=1, vendor_id=0x15b3, options=0x30000002, comp_mask=0x0}
spark2:209:239 [0] NCCL INFO NET/IB: ncclIbSenderQpsToRts: Set ECE: IbDev 0 Port 1 qp_num 10345 set_ece={supported=1, vendor_id=0x15b3, options=0x30000002, comp_mask=0x0}
spark2:209:239 [0] NCCL INFO NET/IB: ncclIbSenderQpsToRts: Set ECE: IbDev 0 Port 1 qp_num 10346 set_ece={supported=1, vendor_id=0x15b3, options=0x30000002, comp_mask=0x0}
spark2:209:239 [0] NCCL INFO NET/IB: ncclIbSenderQpsToRts: Set ECE: IbDev 0 Port 1 qp_num 10347 set_ece={supported=1, vendor_id=0x15b3, options=0x30000002, comp_mask=0x0}
spark2:209:239 [0] NCCL INFO NET/IB: ncclIbReceiverQpsCreateToRts: QP created: port=1 dev=0 devName=rocep1s0f1 ndevs=1 nmdevs=1 qp_num=10416 pkey=0 pd=0xf44760041f80 oooRq=0
spark2:209:239 [0] NCCL INFO NET/IB: ncclIbReceiverQpsCreateToRts: QP created: port=1 dev=0 devName=rocep1s0f1 ndevs=1 nmdevs=1 qp_num=10417 pkey=0 pd=0xf44760041f80 oooRq=0
spark2:209:239 [0] NCCL INFO NET/IB: ncclIbReceiverQpsCreateToRts: QP created: port=1 dev=0 devName=rocep1s0f1 ndevs=1 nmdevs=1 qp_num=10418 pkey=0 pd=0xf44760041f80 oooRq=0
spark2:209:239 [0] NCCL INFO NET/IB: ncclIbReceiverQpsCreateToRts: QP created: port=1 dev=0 devName=rocep1s0f1 ndevs=1 nmdevs=1 qp_num=10419 pkey=0 pd=0xf44760041f80 oooRq=0
spark2:209:239 [0] NCCL INFO NET/IB: ncclIbReceiverQpsCreateToRts: Flush QP created: port=1 dev=0 devName=rocep1s0f1 ndevs=1 nmdevs=1 qp_num=10420 pkey=0 pd=0xf44760041f80
spark2:209:239 [0] NCCL INFO NET/IB: ncclIbSenderQpsToRts: Set ECE: IbDev 0 Port 1 qp_num 10348 set_ece={supported=1, vendor_id=0x15b3, options=0x30000002, comp_mask=0x0}
spark2:209:239 [0] NCCL INFO NET/IB: ncclIbSenderQpsToRts: Set ECE: IbDev 0 Port 1 qp_num 10349 set_ece={supported=1, vendor_id=0x15b3, options=0x30000002, comp_mask=0x0}
spark2:209:239 [0] NCCL INFO NET/IB: ncclIbSenderQpsToRts: Set ECE: IbDev 0 Port 1 qp_num 10350 set_ece={supported=1, vendor_id=0x15b3, options=0x30000002, comp_mask=0x0}
spark2:209:239 [0] NCCL INFO NET/IB: ncclIbSenderQpsToRts: Set ECE: IbDev 0 Port 1 qp_num 10351 set_ece={supported=1, vendor_id=0x15b3, options=0x30000002, comp_mask=0x0}
spark2:209:239 [0] NCCL INFO NET/IB: ncclIbReceiverQpsCreateToRts: QP created: port=1 dev=0 devName=rocep1s0f1 ndevs=1 nmdevs=1 qp_num=10421 pkey=0 pd=0xf44760041f80 oooRq=0
spark2:209:239 [0] NCCL INFO NET/IB: ncclIbReceiverQpsCreateToRts: QP created: port=1 dev=0 devName=rocep1s0f1 ndevs=1 nmdevs=1 qp_num=10422 pkey=0 pd=0xf44760041f80 oooRq=0
spark2:209:239 [0] NCCL INFO NET/IB: ncclIbReceiverQpsCreateToRts: QP created: port=1 dev=0 devName=rocep1s0f1 ndevs=1 nmdevs=1 qp_num=10423 pkey=0 pd=0xf44760041f80 oooRq=0
spark2:209:239 [0] NCCL INFO NET/IB: ncclIbReceiverQpsCreateToRts: QP created: port=1 dev=0 devName=rocep1s0f1 ndevs=1 nmdevs=1 qp_num=10424 pkey=0 pd=0xf44760041f80 oooRq=0
spark2:209:239 [0] NCCL INFO NET/IB: ncclIbReceiverQpsCreateToRts: Flush QP created: port=1 dev=0 devName=rocep1s0f1 ndevs=1 nmdevs=1 qp_num=10425 pkey=0 pd=0xf44760041f80
spark2:209:239 [0] NCCL INFO NET/IB: ncclIbSenderQpsToRts: Set ECE: IbDev 0 Port 1 qp_num 10352 set_ece={supported=1, vendor_id=0x15b3, options=0x30000002, comp_mask=0x0}
spark2:209:239 [0] NCCL INFO NET/IB: ncclIbSenderQpsToRts: Set ECE: IbDev 0 Port 1 qp_num 10353 set_ece={supported=1, vendor_id=0x15b3, options=0x30000002, comp_mask=0x0}
spark2:209:239 [0] NCCL INFO NET/IB: ncclIbSenderQpsToRts: Set ECE: IbDev 0 Port 1 qp_num 10354 set_ece={supported=1, vendor_id=0x15b3, options=0x30000002, comp_mask=0x0}
spark2:209:239 [0] NCCL INFO NET/IB: ncclIbSenderQpsToRts: Set ECE: IbDev 0 Port 1 qp_num 10355 set_ece={supported=1, vendor_id=0x15b3, options=0x30000002, comp_mask=0x0}
spark2:209:239 [0] NCCL INFO NET/IB: ncclIbReceiverQpsCreateToRts: QP created: port=1 dev=0 devName=rocep1s0f1 ndevs=1 nmdevs=1 qp_num=10426 pkey=0 pd=0xf44760041f80 oooRq=0
spark2:209:239 [0] NCCL INFO NET/IB: ncclIbReceiverQpsCreateToRts: QP created: port=1 dev=0 devName=rocep1s0f1 ndevs=1 nmdevs=1 qp_num=10427 pkey=0 pd=0xf44760041f80 oooRq=0
spark2:209:239 [0] NCCL INFO NET/IB: ncclIbReceiverQpsCreateToRts: QP created: port=1 dev=0 devName=rocep1s0f1 ndevs=1 nmdevs=1 qp_num=10428 pkey=0 pd=0xf44760041f80 oooRq=0
spark2:209:239 [0] NCCL INFO NET/IB: ncclIbReceiverQpsCreateToRts: QP created: port=1 dev=0 devName=rocep1s0f1 ndevs=1 nmdevs=1 qp_num=10429 pkey=0 pd=0xf44760041f80 oooRq=0
spark2:209:239 [0] NCCL INFO NET/IB: ncclIbReceiverQpsCreateToRts: Flush QP created: port=1 dev=0 devName=rocep1s0f1 ndevs=1 nmdevs=1 qp_num=10430 pkey=0 pd=0xf44760041f80
spark2:209:239 [0] NCCL INFO NET/IB: ncclIbSenderQpsToRts: Set ECE: IbDev 0 Port 1 qp_num 10356 set_ece={supported=1, vendor_id=0x15b3, options=0x30000002, comp_mask=0x0}
spark2:209:239 [0] NCCL INFO NET/IB: ncclIbSenderQpsToRts: Set ECE: IbDev 0 Port 1 qp_num 10357 set_ece={supported=1, vendor_id=0x15b3, options=0x30000002, comp_mask=0x0}
spark2:209:239 [0] NCCL INFO NET/IB: ncclIbSenderQpsToRts: Set ECE: IbDev 0 Port 1 qp_num 10358 set_ece={supported=1, vendor_id=0x15b3, options=0x30000002, comp_mask=0x0}
spark2:209:239 [0] NCCL INFO NET/IB: ncclIbSenderQpsToRts: Set ECE: IbDev 0 Port 1 qp_num 10359 set_ece={supported=1, vendor_id=0x15b3, options=0x30000002, comp_mask=0x0}
spark2:209:239 [0] NCCL INFO NET/IB: ncclIbReceiverQpsCreateToRts: QP created: port=1 dev=0 devName=rocep1s0f1 ndevs=1 nmdevs=1 qp_num=10431 pkey=0 pd=0xf44760041f80 oooRq=0
spark2:209:239 [0] NCCL INFO NET/IB: ncclIbReceiverQpsCreateToRts: QP created: port=1 dev=0 devName=rocep1s0f1 ndevs=1 nmdevs=1 qp_num=10432 pkey=0 pd=0xf44760041f80 oooRq=0
spark2:209:239 [0] NCCL INFO NET/IB: ncclIbReceiverQpsCreateToRts: QP created: port=1 dev=0 devName=rocep1s0f1 ndevs=1 nmdevs=1 qp_num=10433 pkey=0 pd=0xf44760041f80 oooRq=0
spark2:209:239 [0] NCCL INFO NET/IB: ncclIbReceiverQpsCreateToRts: QP created: port=1 dev=0 devName=rocep1s0f1 ndevs=1 nmdevs=1 qp_num=10434 pkey=0 pd=0xf44760041f80 oooRq=0
spark2:209:239 [0] NCCL INFO NET/IB: ncclIbReceiverQpsCreateToRts: Flush QP created: port=1 dev=0 devName=rocep1s0f1 ndevs=1 nmdevs=1 qp_num=10435 pkey=0 pd=0xf44760041f80
spark2:209:239 [0] NCCL INFO NET/IB: ncclIbSenderQpsToRts: Set ECE: IbDev 0 Port 1 qp_num 10360 set_ece={supported=1, vendor_id=0x15b3, options=0x30000002, comp_mask=0x0}
spark2:209:239 [0] NCCL INFO NET/IB: ncclIbSenderQpsToRts: Set ECE: IbDev 0 Port 1 qp_num 10361 set_ece={supported=1, vendor_id=0x15b3, options=0x30000002, comp_mask=0x0}
spark2:209:239 [0] NCCL INFO NET/IB: ncclIbSenderQpsToRts: Set ECE: IbDev 0 Port 1 qp_num 10362 set_ece={supported=1, vendor_id=0x15b3, options=0x30000002, comp_mask=0x0}
spark2:209:239 [0] NCCL INFO NET/IB: ncclIbSenderQpsToRts: Set ECE: IbDev 0 Port 1 qp_num 10363 set_ece={supported=1, vendor_id=0x15b3, options=0x30000002, comp_mask=0x0}
spark2:209:239 [0] NCCL INFO NET/IB: ncclIbReceiverQpsCreateToRts: QP created: port=1 dev=0 devName=rocep1s0f1 ndevs=1 nmdevs=1 qp_num=10436 pkey=0 pd=0xf44760041f80 oooRq=0
spark2:209:239 [0] NCCL INFO NET/IB: ncclIbReceiverQpsCreateToRts: QP created: port=1 dev=0 devName=rocep1s0f1 ndevs=1 nmdevs=1 qp_num=10437 pkey=0 pd=0xf44760041f80 oooRq=0
spark2:209:239 [0] NCCL INFO NET/IB: ncclIbReceiverQpsCreateToRts: QP created: port=1 dev=0 devName=rocep1s0f1 ndevs=1 nmdevs=1 qp_num=10438 pkey=0 pd=0xf44760041f80 oooRq=0
spark2:209:239 [0] NCCL INFO NET/IB: ncclIbReceiverQpsCreateToRts: QP created: port=1 dev=0 devName=rocep1s0f1 ndevs=1 nmdevs=1 qp_num=10439 pkey=0 pd=0xf44760041f80 oooRq=0
spark2:209:239 [0] NCCL INFO NET/IB: ncclIbReceiverQpsCreateToRts: Flush QP created: port=1 dev=0 devName=rocep1s0f1 ndevs=1 nmdevs=1 qp_num=10440 pkey=0 pd=0xf44760041f80
spark2:209:239 [0] NCCL INFO NET/IB: ncclIbSenderQpsToRts: Set ECE: IbDev 0 Port 1 qp_num 10364 set_ece={supported=1, vendor_id=0x15b3, options=0x30000002, comp_mask=0x0}
spark2:209:239 [0] NCCL INFO NET/IB: ncclIbSenderQpsToRts: Set ECE: IbDev 0 Port 1 qp_num 10365 set_ece={supported=1, vendor_id=0x15b3, options=0x30000002, comp_mask=0x0}
spark2:209:239 [0] NCCL INFO NET/IB: ncclIbSenderQpsToRts: Set ECE: IbDev 0 Port 1 qp_num 10366 set_ece={supported=1, vendor_id=0x15b3, options=0x30000002, comp_mask=0x0}
spark2:209:239 [0] NCCL INFO NET/IB: ncclIbSenderQpsToRts: Set ECE: IbDev 0 Port 1 qp_num 10367 set_ece={supported=1, vendor_id=0x15b3, options=0x30000002, comp_mask=0x0}
spark2:209:239 [0] NCCL INFO NET/IB: ncclIbReceiverQpsCreateToRts: QP created: port=1 dev=0 devName=rocep1s0f1 ndevs=1 nmdevs=1 qp_num=10441 pkey=0 pd=0xf44760041f80 oooRq=0
spark2:209:239 [0] NCCL INFO NET/IB: ncclIbReceiverQpsCreateToRts: QP created: port=1 dev=0 devName=rocep1s0f1 ndevs=1 nmdevs=1 qp_num=10442 pkey=0 pd=0xf44760041f80 oooRq=0
spark2:209:239 [0] NCCL INFO NET/IB: ncclIbReceiverQpsCreateToRts: QP created: port=1 dev=0 devName=rocep1s0f1 ndevs=1 nmdevs=1 qp_num=10443 pkey=0 pd=0xf44760041f80 oooRq=0
spark2:209:239 [0] NCCL INFO NET/IB: ncclIbReceiverQpsCreateToRts: QP created: port=1 dev=0 devName=rocep1s0f1 ndevs=1 nmdevs=1 qp_num=10444 pkey=0 pd=0xf44760041f80 oooRq=0
spark2:209:239 [0] NCCL INFO NET/IB: ncclIbReceiverQpsCreateToRts: Flush QP created: port=1 dev=0 devName=rocep1s0f1 ndevs=1 nmdevs=1 qp_num=10445 pkey=0 pd=0xf44760041f80
spark2:209:239 [0] NCCL INFO NET/IB: ncclIbSenderQpsToRts: Set ECE: IbDev 0 Port 1 qp_num 10368 set_ece={supported=1, vendor_id=0x15b3, options=0x30000002, comp_mask=0x0}
spark2:209:239 [0] NCCL INFO NET/IB: ncclIbSenderQpsToRts: Set ECE: IbDev 0 Port 1 qp_num 10369 set_ece={supported=1, vendor_id=0x15b3, options=0x30000002, comp_mask=0x0}
spark2:209:239 [0] NCCL INFO NET/IB: ncclIbSenderQpsToRts: Set ECE: IbDev 0 Port 1 qp_num 10370 set_ece={supported=1, vendor_id=0x15b3, options=0x30000002, comp_mask=0x0}
spark2:209:239 [0] NCCL INFO NET/IB: ncclIbSenderQpsToRts: Set ECE: IbDev 0 Port 1 qp_num 10371 set_ece={supported=1, vendor_id=0x15b3, options=0x30000002, comp_mask=0x0}
spark2:209:239 [0] NCCL INFO NET/IB: ncclIbReceiverQpsCreateToRts: QP created: port=1 dev=0 devName=rocep1s0f1 ndevs=1 nmdevs=1 qp_num=10446 pkey=0 pd=0xf44760041f80 oooRq=0
spark2:209:239 [0] NCCL INFO NET/IB: ncclIbReceiverQpsCreateToRts: QP created: port=1 dev=0 devName=rocep1s0f1 ndevs=1 nmdevs=1 qp_num=10447 pkey=0 pd=0xf44760041f80 oooRq=0
spark2:209:239 [0] NCCL INFO NET/IB: ncclIbReceiverQpsCreateToRts: QP created: port=1 dev=0 devName=rocep1s0f1 ndevs=1 nmdevs=1 qp_num=10448 pkey=0 pd=0xf44760041f80 oooRq=0
spark2:209:239 [0] NCCL INFO NET/IB: ncclIbReceiverQpsCreateToRts: QP created: port=1 dev=0 devName=rocep1s0f1 ndevs=1 nmdevs=1 qp_num=10449 pkey=0 pd=0xf44760041f80 oooRq=0
spark2:209:239 [0] NCCL INFO NET/IB: ncclIbReceiverQpsCreateToRts: Flush QP created: port=1 dev=0 devName=rocep1s0f1 ndevs=1 nmdevs=1 qp_num=10450 pkey=0 pd=0xf44760041f80
spark2:209:239 [0] NCCL INFO NET/IB: ncclIbSenderQpsToRts: Set ECE: IbDev 0 Port 1 qp_num 10372 set_ece={supported=1, vendor_id=0x15b3, options=0x30000002, comp_mask=0x0}
spark2:209:239 [0] NCCL INFO NET/IB: ncclIbSenderQpsToRts: Set ECE: IbDev 0 Port 1 qp_num 10373 set_ece={supported=1, vendor_id=0x15b3, options=0x30000002, comp_mask=0x0}
spark2:209:239 [0] NCCL INFO NET/IB: ncclIbSenderQpsToRts: Set ECE: IbDev 0 Port 1 qp_num 10374 set_ece={supported=1, vendor_id=0x15b3, options=0x30000002, comp_mask=0x0}
spark2:209:239 [0] NCCL INFO NET/IB: ncclIbSenderQpsToRts: Set ECE: IbDev 0 Port 1 qp_num 10375 set_ece={supported=1, vendor_id=0x15b3, options=0x30000002, comp_mask=0x0}
spark2:209:239 [0] NCCL INFO NET/IB: ncclIbReceiverQpsCreateToRts: QP created: port=1 dev=0 devName=rocep1s0f1 ndevs=1 nmdevs=1 qp_num=10451 pkey=0 pd=0xf44760041f80 oooRq=0
spark2:209:239 [0] NCCL INFO NET/IB: ncclIbReceiverQpsCreateToRts: QP created: port=1 dev=0 devName=rocep1s0f1 ndevs=1 nmdevs=1 qp_num=10452 pkey=0 pd=0xf44760041f80 oooRq=0
spark2:209:239 [0] NCCL INFO NET/IB: ncclIbReceiverQpsCreateToRts: QP created: port=1 dev=0 devName=rocep1s0f1 ndevs=1 nmdevs=1 qp_num=10453 pkey=0 pd=0xf44760041f80 oooRq=0
spark2:209:239 [0] NCCL INFO NET/IB: ncclIbReceiverQpsCreateToRts: QP created: port=1 dev=0 devName=rocep1s0f1 ndevs=1 nmdevs=1 qp_num=10454 pkey=0 pd=0xf44760041f80 oooRq=0
spark2:209:239 [0] NCCL INFO NET/IB: ncclIbReceiverQpsCreateToRts: Flush QP created: port=1 dev=0 devName=rocep1s0f1 ndevs=1 nmdevs=1 qp_num=10455 pkey=0 pd=0xf44760041f80
spark2:209:239 [0] NCCL INFO NET/IB: ncclIbSenderQpsToRts: Set ECE: IbDev 0 Port 1 qp_num 10376 set_ece={supported=1, vendor_id=0x15b3, options=0x30000002, comp_mask=0x0}
spark2:209:239 [0] NCCL INFO NET/IB: ncclIbSenderQpsToRts: Set ECE: IbDev 0 Port 1 qp_num 10377 set_ece={supported=1, vendor_id=0x15b3, options=0x30000002, comp_mask=0x0}
spark2:209:239 [0] NCCL INFO NET/IB: ncclIbSenderQpsToRts: Set ECE: IbDev 0 Port 1 qp_num 10378 set_ece={supported=1, vendor_id=0x15b3, options=0x30000002, comp_mask=0x0}
spark2:209:239 [0] NCCL INFO NET/IB: ncclIbSenderQpsToRts: Set ECE: IbDev 0 Port 1 qp_num 10379 set_ece={supported=1, vendor_id=0x15b3, options=0x30000002, comp_mask=0x0}
spark2:209:239 [0] NCCL INFO NET/IB: ncclIbReceiverQpsCreateToRts: QP created: port=1 dev=0 devName=rocep1s0f1 ndevs=1 nmdevs=1 qp_num=10456 pkey=0 pd=0xf44760041f80 oooRq=0
spark2:209:239 [0] NCCL INFO NET/IB: ncclIbReceiverQpsCreateToRts: QP created: port=1 dev=0 devName=rocep1s0f1 ndevs=1 nmdevs=1 qp_num=10457 pkey=0 pd=0xf44760041f80 oooRq=0
spark2:209:239 [0] NCCL INFO NET/IB: ncclIbReceiverQpsCreateToRts: QP created: port=1 dev=0 devName=rocep1s0f1 ndevs=1 nmdevs=1 qp_num=10458 pkey=0 pd=0xf44760041f80 oooRq=0
spark2:209:239 [0] NCCL INFO NET/IB: ncclIbReceiverQpsCreateToRts: QP created: port=1 dev=0 devName=rocep1s0f1 ndevs=1 nmdevs=1 qp_num=10459 pkey=0 pd=0xf44760041f80 oooRq=0
spark2:209:239 [0] NCCL INFO NET/IB: ncclIbReceiverQpsCreateToRts: Flush QP created: port=1 dev=0 devName=rocep1s0f1 ndevs=1 nmdevs=1 qp_num=10460 pkey=0 pd=0xf44760041f80
spark2:209:239 [0] NCCL INFO NET/IB: ncclIbSenderQpsToRts: Set ECE: IbDev 0 Port 1 qp_num 10380 set_ece={supported=1, vendor_id=0x15b3, options=0x30000002, comp_mask=0x0}
spark2:209:239 [0] NCCL INFO NET/IB: ncclIbSenderQpsToRts: Set ECE: IbDev 0 Port 1 qp_num 10381 set_ece={supported=1, vendor_id=0x15b3, options=0x30000002, comp_mask=0x0}
spark2:209:239 [0] NCCL INFO NET/IB: ncclIbSenderQpsToRts: Set ECE: IbDev 0 Port 1 qp_num 10382 set_ece={supported=1, vendor_id=0x15b3, options=0x30000002, comp_mask=0x0}
spark2:209:239 [0] NCCL INFO NET/IB: ncclIbSenderQpsToRts: Set ECE: IbDev 0 Port 1 qp_num 10383 set_ece={supported=1, vendor_id=0x15b3, options=0x30000002, comp_mask=0x0}
spark2:209:239 [0] NCCL INFO NET/IB: ncclIbReceiverQpsCreateToRts: QP created: port=1 dev=0 devName=rocep1s0f1 ndevs=1 nmdevs=1 qp_num=10461 pkey=0 pd=0xf44760041f80 oooRq=0
spark2:209:239 [0] NCCL INFO NET/IB: ncclIbReceiverQpsCreateToRts: QP created: port=1 dev=0 devName=rocep1s0f1 ndevs=1 nmdevs=1 qp_num=10462 pkey=0 pd=0xf44760041f80 oooRq=0
spark2:209:239 [0] NCCL INFO NET/IB: ncclIbReceiverQpsCreateToRts: QP created: port=1 dev=0 devName=rocep1s0f1 ndevs=1 nmdevs=1 qp_num=10463 pkey=0 pd=0xf44760041f80 oooRq=0
spark2:209:239 [0] NCCL INFO NET/IB: ncclIbReceiverQpsCreateToRts: QP created: port=1 dev=0 devName=rocep1s0f1 ndevs=1 nmdevs=1 qp_num=10464 pkey=0 pd=0xf44760041f80 oooRq=0
spark2:209:239 [0] NCCL INFO NET/IB: ncclIbReceiverQpsCreateToRts: Flush QP created: port=1 dev=0 devName=rocep1s0f1 ndevs=1 nmdevs=1 qp_num=10465 pkey=0 pd=0xf44760041f80
spark2:209:239 [0] NCCL INFO NET/IB: ncclIbSenderQpsToRts: Set ECE: IbDev 0 Port 1 qp_num 10384 set_ece={supported=1, vendor_id=0x15b3, options=0x30000002, comp_mask=0x0}
spark2:209:239 [0] NCCL INFO NET/IB: ncclIbSenderQpsToRts: Set ECE: IbDev 0 Port 1 qp_num 10385 set_ece={supported=1, vendor_id=0x15b3, options=0x30000002, comp_mask=0x0}
spark2:209:239 [0] NCCL INFO NET/IB: ncclIbSenderQpsToRts: Set ECE: IbDev 0 Port 1 qp_num 10386 set_ece={supported=1, vendor_id=0x15b3, options=0x30000002, comp_mask=0x0}
spark2:209:239 [0] NCCL INFO NET/IB: ncclIbSenderQpsToRts: Set ECE: IbDev 0 Port 1 qp_num 10387 set_ece={supported=1, vendor_id=0x15b3, options=0x30000002, comp_mask=0x0}
spark2:209:239 [0] NCCL INFO NET/IB: ncclIbReceiverQpsCreateToRts: QP created: port=1 dev=0 devName=rocep1s0f1 ndevs=1 nmdevs=1 qp_num=10466 pkey=0 pd=0xf44760041f80 oooRq=0
spark2:209:239 [0] NCCL INFO NET/IB: ncclIbReceiverQpsCreateToRts: QP created: port=1 dev=0 devName=rocep1s0f1 ndevs=1 nmdevs=1 qp_num=10467 pkey=0 pd=0xf44760041f80 oooRq=0
spark2:209:239 [0] NCCL INFO NET/IB: ncclIbReceiverQpsCreateToRts: QP created: port=1 dev=0 devName=rocep1s0f1 ndevs=1 nmdevs=1 qp_num=10468 pkey=0 pd=0xf44760041f80 [tensorfold] CUDA rank 1 startup estimate 56.61 GiB within 98.78 GiB; native 262144, allocated prompt/reply window 262144, cache slots 262156
[tensorfold] rank 1 ready in 56.8s, following rank 0
/usr/local/lib/python3.12/dist-packages/torch/distributed/c10d_logger.py:83: FutureWarning: `torch.distributed.all_gather_into_tensor` is deprecated. Please use `torch.distributed.all_gather_single` instead.
  return func(*args, **kwargs)
